ply
format ascii 1.0
element vertex 4671
property float x
property float y
property float z
end_header
-0.210520 -0.106109 0.865296
-0.413310 -0.125566 1.086772
-0.186125 -0.065616 0.824731
-0.215980 -0.066256 0.831781
-0.178887 -0.030839 0.729124
-0.282897 -0.079460 0.830364
-0.260484 -0.043278 0.784526
-0.090744 -0.057412 0.788790
-0.086827 -0.043696 0.740056
-0.093578 -0.219412 1.084923
-0.071266 -0.205716 1.119323
-0.372317 -0.082142 0.925778
-0.075279 -0.041359 0.741704
-0.161970 -0.216562 1.207725
-0.111542 -0.081419 0.855017
-0.216376 -0.106769 0.921380
-0.079294 -0.168498 1.085911
-0.136208 -0.171965 1.112736
-0.566650 -0.200527 1.337872
-0.556265 -0.198880 1.330969
-0.148204 -0.165794 1.115300
-0.210521 -0.092815 0.896980
-0.310245 -0.088902 0.853542
-0.380563 -0.102711 1.007530
-0.317538 -0.046318 0.817606
-0.539329 -0.200270 1.332195
-0.342368 -0.047743 0.831004
-0.482674 -0.098296 1.034432
-0.079451 -0.154810 1.078769
-0.102039 -0.172416 1.118118
-0.147322 -0.078386 0.855765
-0.172016 -0.062562 0.816853
-0.172669 -0.045643 0.758188
-0.209424 -0.081951 0.879682
-0.220572 -0.074905 0.770625
-0.217413 -0.070730 0.766231
-0.270886 -0.045465 0.801997
-0.360178 -0.091444 0.964546
-0.336386 -0.084972 0.918948
-0.293494 -0.034798 0.782688
-0.542158 -0.198641 1.322918
-0.642497 -0.155230 1.263176
-0.542768 -0.091815 1.043974
-0.637751 -0.148301 1.233390
-0.096162 -0.220340 1.187594
-0.114118 -0.177113 1.104639
-0.140040 -0.182660 1.150428
-0.110478 -0.042591 0.753768
-0.214088 -0.176216 1.154969
-0.154585 -0.048011 0.772430
-0.223831 -0.171225 1.115823
-0.208337 -0.100812 0.924467
-0.208360 -0.104423 0.938377
-0.275437 -0.185838 1.206560
-0.252794 -0.176265 1.129987
-0.191563 -0.043976 0.765309
-0.258046 -0.078912 0.803387
-0.251211 -0.075055 0.799741
-0.328293 -0.048260 0.834166
-0.418467 -0.115850 1.048013
-0.389525 -0.051717 0.877958
-0.617355 -0.173119 1.296808
-0.125716 -0.164981 1.092185
-0.205695 -0.106500 0.866239
-0.236486 -0.174863 1.132965
-0.468861 -0.044098 0.885125
-0.097253 -0.058447 0.779037
-0.177778 -0.045575 0.775013
-0.170848 -0.044583 0.774390
-0.324889 -0.036475 0.801019
-0.130685 -0.101902 0.923984
-0.075024 -0.041926 0.748493
-0.103467 -0.067128 0.826170
-0.113121 -0.043669 0.770387
-0.196412 -0.034724 0.748736
-0.490240 -0.075489 0.908850
-0.189532 -0.044192 0.758568
-0.258559 -0.034351 0.782668
-0.090722 -0.072532 0.816811
-0.089055 -0.040100 0.737620
-0.074839 -0.041426 0.741155
-0.138327 -0.041721 0.760307
-0.167819 -0.044260 0.757881
-0.514536 -0.055261 0.963918
-0.076153 -0.052300 0.774211
-0.146663 -0.031172 0.731225
-0.205125 -0.031934 0.743681
-0.327446 -0.036358 0.805021
-0.128643 -0.100990 0.913654
-0.157249 -0.036296 0.735240
-0.101429 -0.209144 1.127240
-0.109184 -0.049261 0.749794
-0.087426 -0.044537 0.728103
-0.091616 -0.180816 0.973303
-0.521464 -0.077911 0.967910
-0.088333 -0.187837 1.015638
-0.259107 -0.037791 0.775565
-0.218863 -0.069951 0.764259
-0.541533 -0.079960 0.999995
-0.151795 -0.217726 1.448550
-0.093116 -0.059908 0.786136
-0.138556 -0.046781 0.766076
-0.285025 -0.054466 0.785225
-0.289846 -0.047676 0.812731
-0.329707 -0.053771 0.852706
-0.126478 -0.178513 1.175330
-0.281924 -0.046646 0.787676
-0.563015 -0.095812 1.056128
-0.309898 -0.088100 0.854789
-0.223989 -0.154160 0.946924
-0.808716 -0.207825 1.350290
-0.313255 -0.048166 0.791342
-0.306993 -0.043175 0.818389
-0.192422 -0.045459 0.772939
-0.161793 -0.061136 0.821801
-0.173385 -0.045515 0.785303
-0.276476 -0.045568 0.772579
-0.175673 -0.098475 0.915927
-0.186395 -0.065797 0.828322
-0.101655 -0.248811 1.235846
-0.156514 -0.092852 0.889819
-0.144788 -0.102908 0.922132
-0.260514 -0.049963 0.806386
-0.232200 -0.036862 0.765417
-0.306766 -0.051512 0.845818
-0.498865 -0.077097 0.931670
-0.111457 -0.042864 0.759412
-0.332843 -0.048774 0.844178
-0.215857 -0.070306 0.759907
-0.175494 -0.097039 0.907781
-0.136037 -0.056688 0.793471
-0.097636 -0.042018 0.745505
-0.103054 -0.226196 1.228911
-0.085665 -0.181593 1.129572
-0.541353 -0.199874 1.308826
-0.778294 -0.251341 1.556614
-0.668107 -0.477522 1.851704
-0.676202 -0.451668 1.782029
-0.866663 -0.348250 1.969303
-0.646667 -0.570124 3.024851
-0.209484 -0.092851 0.893448
-0.371474 -0.063538 0.902160
-0.314621 -0.065671 0.867162
-0.211289 -0.108483 0.894463
-0.138944 -0.208041 1.154786
-0.208817 -0.100801 0.921983
-0.093407 -0.054718 0.781642
-0.105874 -0.097864 0.906203
-0.128693 -0.072707 0.848135
-0.247396 -0.061029 0.781828
-0.486870 -0.056657 0.896947
-0.260289 -0.049861 0.805611
-0.233756 -0.072137 0.781182
-0.103941 -0.059041 0.246090
-0.109211 -0.080233 0.832374
-0.145064 -0.129066 0.983952
-0.147823 -0.078647 0.861442
-0.128195 -0.056739 0.795653
-0.127878 -0.167938 1.110024
-0.106733 -0.170675 1.105063
-0.158377 -0.214318 1.192359
-0.219780 -0.045494 0.778254
-0.153209 -0.201269 1.115894
-0.158935 -0.082439 0.863224
-0.141508 -0.051789 0.771916
-0.138392 -0.047390 0.770776
-0.271988 -0.045551 0.803216
-0.265931 -0.072443 0.816079
-0.087932 -0.044193 0.747585
-0.143826 -0.132874 1.005364
-0.241849 -0.112774 0.786794
-0.172634 -0.107661 0.936915
-0.389927 -0.089665 0.973802
-0.204161 -0.163798 0.852028
-0.205490 -0.164832 0.857337
-0.160986 -0.088467 0.880750
-0.178450 -0.090532 0.892281
-0.234835 -0.078271 0.784109
-0.206997 -0.149784 0.867360
-0.246491 -0.099207 0.791372
-0.225406 -0.221174 1.185801
-0.227865 -0.228820 1.301615
-1.714073 -0.715987 3.127514
-0.160008 -0.088498 0.878258
-0.762993 -0.328195 1.403358
-0.473564 -0.207971 0.892469
-0.359362 -0.081604 0.930936
-0.129349 -0.072961 0.850162
-0.127115 -0.179740 1.158326
-0.174337 -0.165288 1.087992
-0.239634 -0.074428 0.792369
-0.209208 -0.140741 0.874142
-0.116031 -0.055766 0.788036
-0.097156 -0.057932 0.786352
-0.174535 -0.163956 1.081002
-0.176492 -0.205976 1.175910
-0.193547 -0.215280 1.187571
-0.215419 -0.068278 0.764764
-0.217991 -0.095157 0.773970
-0.171167 -0.106369 0.927856
-0.194332 -0.098853 0.795402
-0.217629 -0.074343 0.768248
-0.208038 -0.095067 0.904639
-0.461748 -0.106817 0.858423
-0.216339 -0.072842 0.768748
-0.252206 -0.049190 0.779063
-0.167113 -0.225376 1.258969
-0.171844 -0.098661 0.905531
-0.171507 -0.053798 0.777774
-0.206008 -0.103228 0.861609
-0.259541 -0.050232 0.803238
-0.144389 -0.078906 0.846573
-0.158348 -0.176067 1.183591
-0.162748 -0.214914 1.193345
-0.215280 -0.064074 0.765241
-0.163750 -0.082395 0.860035
-0.119432 -0.171157 1.112586
-0.138328 -0.057568 0.808761
-0.163958 -0.060853 0.806304
-0.154162 -0.065767 0.827060
-0.159264 -0.093072 0.898979
-0.125167 -0.078373 0.846811
-0.183802 -0.068203 0.826658
-0.212329 -0.146101 0.886914
-0.206398 -0.100911 0.574365
-0.151518 -0.071059 0.850404
-0.172624 -0.068618 0.832203
-0.165871 -0.061842 0.811574
-0.121225 -0.060143 0.784027
-0.163783 -0.081550 0.872807
-0.108599 -0.066747 0.812783
-0.164661 -0.081905 0.852805
-0.181738 -0.083119 0.878080
-0.220409 -0.047485 0.777224
-0.578051 -0.104084 1.096004
-0.142923 -0.052048 0.783304
-0.097848 -0.085626 0.869043
-0.141192 -0.212007 1.176218
-0.312433 -0.065072 0.860353
-0.265095 -0.071889 0.813582
-0.301588 -0.091891 0.832744
-0.213794 -0.077546 0.809658
-0.132964 -0.084534 0.867488
-0.250129 -0.061362 0.790946
-0.176597 -0.210287 1.182765
-0.207175 -0.137772 1.026492
-0.343302 -0.086616 0.936698
-0.215366 -0.202265 1.194615
-0.161109 -0.087964 0.881061
-1.125426 -0.937084 4.187685
-0.702263 -0.706526 3.563658
-1.235844 -1.441247 4.485540
-1.124628 -0.937521 4.186180
-0.724956 -0.643693 3.274673
-0.511880 -0.683086 3.574936
-0.633591 -0.134657 1.189639
-0.125896 -0.162150 1.071306
-0.105058 -0.211644 1.134956
-0.208536 -0.104755 0.874461
-0.134351 -0.174320 1.135579
-0.219947 -0.094661 0.765977
-0.201393 -0.058743 0.809903
-0.173740 -0.169978 1.119142
-0.339696 -0.070286 0.896057
-0.383512 -0.080297 0.937777
-0.361427 -0.062596 0.880370
-0.298286 -0.086458 0.842228
-0.286436 -0.214725 1.278533
-0.282483 -0.066030 0.831799
-0.190622 -0.167109 1.102515
-0.155890 -0.162329 1.089060
-0.161823 -0.210080 1.185570
-0.128844 -0.058548 0.789253
-0.109539 -0.085778 0.867949
-0.122602 -0.060157 0.800652
-0.095272 -0.054521 0.788842
-0.215519 -0.063983 0.765252
-0.241517 -0.222610 1.187010
-0.533423 -0.239104 1.448680
-0.518547 -0.207757 1.348339
-1.006838 -0.254053 1.670492
-0.294222 -0.109929 0.812473
-0.506210 -0.197095 1.296599
-0.223214 -0.193451 0.761832
-0.603989 -0.188284 1.305801
-0.313199 -0.089556 0.861796
-0.151629 -0.106241 0.934778
-0.136359 -0.172323 1.116163
-0.213741 -0.176717 1.135948
-0.563074 -0.112006 1.113848
-0.728840 -0.679482 3.488608
-0.541783 -0.702831 3.623492
-0.367909 -0.718983 3.749610
-0.595856 -0.281467 1.107154
-0.254348 -0.194637 1.200897
-0.213305 -0.169909 0.896134
-0.223284 -0.099561 0.763885
-0.213701 -0.217463 1.189928
-0.190360 -0.172769 1.117317
-0.227158 -0.183476 1.153450
-0.154029 -0.168539 1.106815
-2.014560 -0.880517 3.668950
-0.147163 -0.065580 0.831563
-0.212509 -0.102993 0.917415
-0.250971 -0.075399 0.799768
-0.167865 -0.090511 0.890025
-0.187972 -0.070140 0.853709
-0.147514 -0.084874 0.868574
-0.170416 -0.056950 0.793185
-0.559167 -0.095312 1.049431
-0.134856 -0.083694 0.870447
-0.211387 -0.065547 0.829131
-0.166071 -0.081923 0.860400
-1.145838 -0.855793 4.135407
-1.129596 -0.892960 3.855986
-0.310703 -0.088653 0.856206
-0.202769 -0.170751 1.106698
-0.117204 -0.073943 0.824983
-0.226013 -0.097894 0.775062
-0.251852 -0.179405 0.792046
-0.538632 -0.169552 1.252428
-0.286351 -0.160910 0.828888
-0.451711 -0.151846 1.150810
-0.565236 -0.221458 1.401812
-0.654256 -0.302874 1.735432
-0.604057 -0.132974 1.156524
-0.649614 -0.310313 1.710253
-0.230540 -0.203022 0.771865
-0.263186 -0.235856 0.801627
-0.233356 -0.161561 0.783835
-0.234946 -0.150399 0.784380
-0.505469 -0.151700 1.182940
-0.541340 -0.612423 3.417104
-0.666444 -0.361083 1.734943
-1.019335 -1.767250 5.715044
-0.317402 -0.897362 4.388912
-1.063737 -1.338277 4.801959
-1.856852 -0.666540 2.891692
-0.457143 -0.128180 1.110564
-0.620288 -0.150590 1.230791
-0.219723 -0.236533 1.284797
-0.237671 -0.212715 1.128975
-0.207379 -0.176241 1.133634
-0.489067 -0.115304 0.940436
-0.294839 -0.292915 0.913116
-0.170456 -0.069883 0.834018
-0.182415 -0.082657 0.879081
-0.470097 -0.059208 0.928297
-0.251426 -0.074892 0.799841
-0.210019 -0.092672 0.893716
-0.203990 -0.213712 1.182034
-0.201052 -0.296368 1.206209
-0.210178 -0.138428 1.026469
-0.285509 -0.099547 0.828838
-0.336927 -0.069982 0.889139
-0.357957 -0.636510 3.486286
-0.877027 -0.661603 3.209707
-0.594884 -0.734747 3.699603
-0.436624 -0.765488 3.858623
-0.308968 -0.795180 4.002995
-0.276860 -0.787120 3.971118
-0.182371 -0.212928 1.175687
-0.211343 -0.093440 0.837676
-0.133673 -0.084075 0.865752
-0.121837 -0.059881 0.793791
-0.165029 -0.089561 0.919203
-0.130874 -0.085469 0.864486
-0.217125 -0.094605 0.769735
-0.210382 -0.085537 0.888303
-0.626336 -0.147325 1.213331
-0.224369 -0.101462 0.768061
-0.230721 -0.114882 0.775715
-0.208312 -0.130429 1.002247
-0.218602 -0.225091 1.213685
-0.147842 -0.085073 0.868775
-0.230343 -0.173799 1.120453
-0.211849 -0.209548 1.153982
-0.586000 -0.339145 1.890384
-0.985169 -1.584883 5.327892
-0.635673 -0.884793 4.256309
-1.016738 -1.346427 5.534572
-0.630562 -0.810583 3.975409
-0.556245 -0.218590 1.381767
-0.435945 -0.136138 1.117093
-0.677669 -0.524984 2.833161
-0.153294 -0.603024 3.462801
-0.653767 -0.653440 3.362180
-0.499546 -0.529104 2.955378
-0.774287 -0.666056 3.355439
-0.552704 -0.641977 3.400316
-0.705084 -0.315337 1.637042
-0.700830 -0.331961 1.720363
-0.629111 -0.396493 2.183831
-0.180727 -1.441351 6.339294
-0.262498 -1.290767 5.829823
-0.131058 -1.319618 5.923691
-0.257227 -2.129083 7.320875
-0.263592 -2.088587 7.234308
-0.635022 -0.260155 1.449950
-0.641300 -0.322822 1.777754
-0.651193 -0.321585 1.758955
-0.495810 -0.754344 3.808738
-0.943317 -1.180877 4.151457
-0.773208 -0.754662 3.753290
-0.778839 -0.722228 3.646791
-0.611068 -0.236227 1.423942
-0.617076 -0.264590 1.537566
-0.546347 -0.095202 1.028399
-0.261549 -0.108176 0.804507
-0.541030 -0.195866 0.972310
-0.256035 -0.168469 0.800280
-0.561844 -0.096003 1.055680
-0.210259 -0.102192 0.903884
-0.245598 -0.275330 0.862152
-0.659452 -0.204192 1.049622
-0.244527 -0.195664 1.192975
-0.166719 -0.081383 0.866853
-0.126458 -0.071227 0.822979
-0.212383 -0.212308 1.199958
-0.243432 -0.182770 1.157729
-0.217733 -0.073791 0.767626
-0.597212 -0.734730 3.706076
-0.401607 -0.752642 3.828045
-0.653371 -0.855318 4.107893
-0.704454 -0.471055 1.994540
-0.637951 -0.327136 1.829871
-0.167042 -0.209139 1.163318
-0.161908 -0.089044 0.887555
-0.255976 -0.203353 1.219718
-0.215161 -0.123592 0.989143
-0.226511 -0.178228 1.125865
-0.654430 -0.148365 1.230306
-1.227465 -0.969149 4.297110
-1.447806 -2.277928 6.509384
-0.213868 -0.170395 0.902653
-0.159463 -0.087985 0.892795
-0.193676 -0.208904 1.161949
-0.159220 -0.079947 0.848215
0.136475 -1.285762 5.755972
-0.322558 -1.342502 6.029807
0.079660 -1.165774 5.280346
-0.026372 -1.133955 5.219648
0.132881 -1.141467 5.231653
-0.631953 -0.135008 1.186509
-0.243384 -0.097077 0.780757
-0.219292 -0.134251 0.764618
-0.221468 -0.157725 0.959242
-0.260066 -0.235569 1.368225
-0.212584 -0.103611 0.921115
-0.163262 -0.089690 0.899521
-0.213477 -0.171475 0.759304
-0.179468 -0.092107 0.905109
-0.283374 -0.081123 0.827348
-0.791780 -0.249807 1.556845
-0.716196 -0.349059 1.739887
-0.352897 -0.751742 3.832473
-0.796215 -1.216670 5.399384
-0.507481 -0.790213 3.921562
-0.913555 -1.769363 5.736829
-0.744523 -1.192301 5.356638
-0.024279 -1.007975 4.811681
-0.910241 -1.785178 5.844482
-0.000967 -1.149774 5.293203
-0.251749 -0.185007 1.151129
-0.229676 -0.254126 0.803944
-0.212014 -0.115548 0.897594
-0.176770 -0.200902 1.169622
-0.212054 -0.147261 0.888970
-0.279855 -0.079124 0.822405
-0.200846 -0.103437 0.839101
-0.178734 -0.190036 1.184281
-0.225603 -0.100341 0.763649
-0.251968 -0.200727 1.203282
-0.338121 -0.098907 0.933836
-0.207483 -0.105650 0.936029
-0.801419 -0.364030 1.822395
-0.159452 -0.082314 0.866520
-0.235386 -0.224947 1.226161
-1.062485 -1.410075 5.846109
-0.495014 -0.753132 3.794225
-0.829617 -1.765244 5.661740
-0.900761 -1.755019 5.746560
-0.777823 -0.681902 3.480577
-0.771962 -0.704153 3.540962
-0.591493 -0.783978 3.879530
-0.592825 -0.782195 3.861110
-0.482883 -0.683630 3.573063
-0.245789 -0.097498 0.789198
-0.587698 -0.173886 1.274072
-0.516746 -0.189299 0.934573
-0.219872 -0.093245 0.771043
-0.183560 -0.168819 1.087015
-0.555800 -0.095039 1.041737
-0.271647 -0.932272 4.521558
-0.562422 -0.885731 4.279612
-0.202317 -0.837429 4.162335
-0.496113 -0.973919 4.580444
-0.176527 -0.165358 1.090880
-0.460237 -0.090099 0.850536
-0.228944 -0.101451 0.775424
-0.228168 -0.100979 0.772391
-0.216247 -0.067700 0.767042
-0.160958 -0.099060 0.916735
-0.467344 -0.107600 0.867875
-0.160839 -0.099080 0.918303
-0.167881 -0.193750 1.046956
0.267279 -2.103812 8.287651
0.285739 -2.138404 8.434997
0.300438 -1.572008 6.772982
0.443671 -1.414031 6.202435
0.468057 -1.913546 7.943793
-0.208428 -0.086085 0.884944
-0.599043 -0.173405 1.288151
-0.209155 -0.078717 0.851194
-0.461261 -0.111128 0.855957
-0.199988 -0.171798 1.129068
-0.653244 -0.147723 1.228464
-0.171449 -0.070141 0.841755
-0.152666 -0.173474 1.117178
-0.152652 -0.065137 0.813227
-0.121916 -0.075664 0.850185
-0.517689 -0.695267 3.610597
-1.164038 -1.013546 4.281201
-0.786185 -0.684603 3.345826
-0.616224 -0.379815 2.094498
-0.723654 -0.334091 1.696458
-0.497223 -0.198932 1.295598
-0.675785 -0.349176 1.767464
-0.513878 -0.172568 1.233141
-0.678104 -0.302475 1.681552
-0.642973 -0.305068 1.704905
-0.601568 -0.224742 1.417281
0.132597 -1.957856 7.807555
0.366183 -1.845218 7.825454
1.039137 -2.063808 6.427499
-0.686494 -0.310587 1.669457
-0.736873 -0.319748 1.666406
-0.693888 -0.460302 1.952612
-0.623437 -0.662454 3.432749
-0.345629 -0.710439 3.768038
-0.294126 -0.718500 3.829532
-0.655139 -0.839010 4.093482
-0.560195 -0.316420 1.205912
-0.741125 -0.458728 1.638690
-0.862662 -0.757135 3.603805
-0.219151 -0.214411 1.192761
-0.506727 -0.185270 0.916641
-0.170424 -0.117641 0.968529
-0.143252 -0.072560 0.841049
-0.178034 -0.165442 1.079367
-0.238119 -0.091399 0.783343
-0.491471 -0.070754 0.923815
-0.166133 -0.087159 0.877654
-0.107061 -0.557160 3.268369
0.015610 -1.270683 5.731353
-0.167016 -1.387558 6.146649
-0.198866 -1.592247 6.842638
-0.123492 -1.281751 5.742378
-0.668347 -0.449997 2.399491
-0.596997 -0.428782 2.384120
-0.527214 -0.072288 0.975754
-0.206908 -0.208774 1.210439
-0.339403 -0.099523 0.935667
-0.207722 -0.214070 1.186395
-0.513591 -0.081194 0.952670
-0.204767 -0.206853 1.195981
-0.209301 -0.242022 0.814998
-0.225222 -0.129754 0.768414
-0.240826 -0.075466 0.782659
-0.227199 -0.219463 1.174370
-1.515008 -0.674519 2.938245
-0.491343 -0.192546 1.289185
-0.211347 -0.095670 0.749518
-0.627921 -0.134419 1.181092
-0.216096 -0.178996 1.146532
-0.213674 -0.195743 1.212766
-0.375101 -0.113696 1.029438
-0.172787 -0.104822 0.925981
-0.614520 -0.190263 1.327206
-0.669019 -0.450211 1.753012
-0.707874 -0.426497 2.234369
-0.563104 -0.320632 1.813729
-0.664933 -0.324113 1.754255
-0.712597 -0.347751 1.700680
-0.653492 -0.347070 1.871258
-0.646716 -0.348787 1.900783
-0.527522 -0.418554 2.394643
-0.778532 -0.338596 1.701879
-0.683474 -0.385885 2.028347
-0.699331 -0.346376 1.704529
-0.825525 -0.364291 1.800876
-0.667784 -0.360671 1.737072
-0.728412 -0.503899 2.610210
-0.617734 -0.317350 1.767316
-0.545411 -0.310044 1.788550
-0.699536 -0.402776 1.770824
-0.752377 -0.308790 1.578563
-0.732739 -0.339487 1.729468
-0.853373 -0.563258 2.907713
-1.096620 -1.078368 3.961100
-1.275063 -1.109967 4.434161
-1.104967 -1.057039 4.033926
-0.752644 -0.550245 2.231168
-0.742700 -0.210632 1.377518
-0.602499 -0.229157 1.405559
-0.205397 -0.153279 1.076445
-0.210234 -0.168214 0.882867
-0.218502 -0.196748 1.193436
-0.203807 -0.173800 1.116542
-0.703820 -0.312982 1.641218
-0.533255 -0.355203 2.054393
-0.576603 -0.363777 2.057151
0.067164 -1.172653 5.335341
-0.248408 -1.180483 5.376001
-0.459120 -1.109433 5.166740
-1.233762 -0.381426 1.885328
-0.798950 -0.294257 1.511497
-0.742799 -0.285119 1.471611
-0.653722 -0.279664 1.538456
0.030615 -1.123188 5.167858
0.244072 -1.113554 5.145967
-0.164035 -2.153472 7.368963
-0.150546 -1.984187 7.490417
0.138008 -1.279493 5.715580
-0.218119 -0.133798 0.759351
-0.372989 -0.132599 1.038107
-0.216753 -0.180994 1.111593
-0.235448 -0.215735 1.342475
-0.265158 -0.188883 0.805017
-0.455055 -0.116362 0.845523
-0.264648 -0.238126 0.807770
-0.248153 -0.216356 0.783593
-0.279581 -0.213464 0.818109
-0.281828 -0.195411 0.820995
-0.668314 -0.146389 1.215131
-0.553975 -0.227413 1.405669
-0.673522 -0.310966 1.790725
-0.674220 -0.374105 1.884945
-0.675355 -0.485066 1.879244
-0.326232 -0.090784 0.922759
-0.358229 -0.081447 0.936057
-0.400558 -0.117431 1.048492
-0.708815 -0.314245 1.656596
-0.663300 -0.515155 2.772513
-0.633170 -0.432588 2.318080
-0.655176 -0.300560 1.648851
-0.671919 -0.363183 1.899452
-0.646347 -0.309658 1.703033
-0.628067 -0.368873 2.008733
-0.557684 -0.334557 1.887624
-0.620779 -0.323255 1.798810
-0.038896 -1.110666 5.132658
-0.172644 -1.082246 5.015827
-0.254771 -1.110123 5.122540
-0.087378 -1.275387 5.730886
-0.282990 -2.269155 6.973622
-0.282717 -2.270853 6.891196
-0.874196 -0.365518 1.975505
-0.671188 -0.352032 1.758030
-0.258010 -0.199173 0.794426
-0.265578 -0.213759 0.805127
-0.468815 -0.149709 1.152164
-0.661564 -0.329618 1.830790
-0.569616 -0.228320 1.421072
-0.675806 -0.377122 1.897241
-0.651979 -0.469992 1.808130
-0.706729 -0.331310 1.742679
-0.283884 -0.134454 0.829509
-0.260687 -0.172495 0.801413
-0.421793 -0.140531 1.115414
-0.634439 -0.400221 2.181744
-0.693757 -0.569448 1.951488
-0.686667 -0.558812 1.919116
-0.696935 -0.401553 1.763258
-0.509314 -0.353223 2.093385
-0.419815 -0.117112 1.052141
-0.280190 -0.253819 1.358784
-0.043888 -1.219402 5.541794
-0.430273 -1.357766 6.012406
0.094667 -1.235193 5.504160
-0.575485 -1.757088 5.653103
-0.263500 -1.389730 6.130242
-0.642010 -0.322670 1.777826
-0.660944 -0.306288 1.671005
1.370872 -3.622247 12.665564
0.297223 -1.887794 7.984950
-0.267860 -0.167055 0.811166
-0.270619 -0.167761 0.808786
-0.263613 -0.183548 0.808524
-0.271341 -0.168783 0.815685
-0.528872 -0.198176 1.307060
0.218915 -1.035800 4.996458
-0.579637 -1.093346 5.036654
-0.390254 -0.826091 3.987124
-0.685898 -0.374756 1.966408
-0.497446 -0.395864 2.331851
-0.507606 -0.417029 2.415848
-0.859498 -0.362468 1.900006
-0.591427 -0.270091 1.555796
-0.589740 -0.218012 1.379145
-0.568825 -0.237557 1.436950
-0.606181 -0.225431 1.395289
-0.497250 -0.224743 1.375529
-0.585760 -0.625385 3.296823
-0.693488 -0.726805 3.660950
-0.763342 -0.730956 3.569854
-0.761560 -0.733083 3.584901
-0.854110 -0.745347 3.544390
-0.539821 -0.269408 1.575355
-0.772320 -0.259840 1.385247
-0.698200 -0.255792 1.367325
-0.798218 -0.364198 1.815661
-0.598897 -0.232563 1.368978
-0.607389 -0.261497 1.506036
-0.648263 -0.349089 1.903049
-0.751212 -0.316337 1.680516
-0.604410 -0.340658 1.878905
-0.631028 -0.209955 1.400733
-0.495059 -0.163046 1.197925
-2.140320 -0.317242 4.178358
-0.745341 -0.277207 1.639578
-0.611393 -0.338968 1.692899
-1.247440 -1.116713 4.786862
-0.709904 -0.803475 3.930513
-0.725528 -0.739224 3.713530
-0.688449 -0.493369 1.932095
-0.764020 -0.467136 2.415725
-0.670440 -0.462372 2.471934
-0.610362 -0.473196 2.612407
-0.260353 -0.559014 3.221360
-0.458276 -0.110494 0.851554
-0.645544 -0.355103 1.784943
-0.937312 -0.380579 2.043412
-0.755252 -0.352970 1.708543
-0.469294 -0.705267 3.674047
-0.531366 -0.748571 3.791616
-0.696150 -0.401178 1.771989
-1.078049 -0.280421 1.613368
-1.084726 -1.114403 3.970935
-1.055246 -1.015262 3.706186
-0.734793 -0.348433 1.993854
-0.568694 -0.323661 1.812808
-1.084623 -0.282251 1.623073
-1.136365 -0.304619 1.714159
-0.724317 -0.187828 1.619797
-0.612583 -0.146079 1.189191
-0.226935 -0.208411 0.767065
-0.250485 -0.172684 0.793771
-0.262692 -0.204434 0.800395
-0.278401 -0.183473 0.817332
-0.286919 -0.125820 0.834654
-0.277753 -0.182892 0.816232
-0.262311 -0.182530 0.802561
-0.241764 -0.112332 0.785046
-0.205749 -0.169291 0.860564
-0.224561 -0.161573 0.766911
-0.213382 -0.171780 0.759210
-0.427066 -0.104242 1.022485
-0.635994 -0.135596 1.194338
-0.222949 -0.150398 0.761884
-0.248279 -0.154813 0.792273
-0.470987 -0.227704 0.860008
-0.562388 -0.113819 1.106148
-0.207156 -0.227422 1.235756
-0.226912 -0.224316 1.225358
-0.396637 -0.100492 0.969103
-0.464403 -0.093708 0.862278
-0.197003 -0.123524 0.984989
-0.743609 -0.745537 3.736557
-0.807838 -0.773716 3.870610
-0.629780 -0.700389 3.532961
-0.313701 -0.704928 3.698748
-0.380026 -0.753209 3.857048
-0.675435 -0.249806 1.524628
-0.675562 -0.249592 1.522999
-0.773145 -0.682106 3.489435
-0.625322 -0.685002 3.506900
-0.462630 -0.755103 3.788394
-0.677399 -0.719577 3.618118
-0.991241 -1.597761 5.365169
-0.596898 -0.735756 3.713920
-0.500862 -0.737098 3.775709
-0.685178 -0.818908 4.021380
-0.716935 -0.599624 3.066463
-0.408117 -1.017506 4.782820
-0.972133 -1.742111 5.776393
-0.579961 -0.231698 1.446358
-0.644194 -0.159412 1.272681
-0.535060 -0.212343 1.366616
-0.571465 -0.207325 1.354611
-0.641680 -0.281814 1.218086
-0.255784 -0.117018 0.795460
-0.252421 -0.814512 4.067103
-0.201773 -0.839540 4.192002
-0.616294 -0.920353 4.406193
-0.632998 -0.320186 1.769028
-0.561809 -0.288613 1.649743
-0.543517 -0.310154 1.779684
-0.674856 -0.285972 1.543026
-0.466659 -0.205254 1.336650
-0.257380 -0.098385 0.801795
-0.460611 -0.111409 0.855195
-0.276368 -0.132105 0.817237
-0.450718 -0.127017 1.096097
-0.216890 -0.090221 0.766115
-0.409083 -0.086104 0.970341
-0.417892 -0.095561 0.989053
-0.222310 -0.092631 0.773295
-0.465326 -0.117282 0.861066
-0.204180 -0.146100 0.849298
-0.574743 -0.115211 1.111523
-0.476245 -0.151879 1.171871
-0.263341 -0.151391 0.561402
-0.546188 -0.227020 1.416182
-0.483877 -0.168048 1.221598
-0.514593 -0.200499 1.327870
-0.215473 -0.097768 0.766605
-0.205162 -0.166732 0.858779
-0.262342 -0.108459 0.806311
-0.560203 -0.237258 1.443631
-1.362944 -1.462682 5.993059
-1.535476 -2.293557 7.096221
-0.305014 -0.114294 0.850068
-0.588662 -0.174741 1.277326
-1.262572 -0.426440 2.108855
-2.130521 -0.725041 3.151082
-0.759013 -0.569615 2.867399
-0.618680 -0.660267 3.392096
-0.653717 -0.656252 3.380471
-0.252513 -0.234180 1.276915
-0.175838 -0.096704 0.907458
-0.602535 -0.342853 1.913180
-0.734677 -0.286547 1.467731
-0.565517 -0.308095 1.763285
-0.636972 -0.305600 1.658852
-0.739595 -0.326701 1.671992
-0.743624 -0.464487 2.399163
-0.247014 -0.097762 0.792600
-0.287514 -0.155264 0.830571
-0.464718 -0.107191 0.863763
-0.237621 -0.217553 0.781898
-0.512389 -0.143603 1.168084
-0.632540 -0.152637 1.229120
-0.230264 -0.193686 0.770545
-0.221168 -0.177724 0.765003
-0.590137 -0.186599 1.302781
-0.231087 -0.194954 0.774027
-0.430307 -0.117545 1.062823
1.492706 -1.701004 6.858400
0.585906 -1.632807 6.995156
0.182202 -2.984499 10.891503
0.064170 -1.895296 7.729215
-0.826840 -0.337406 1.899075
-0.799011 -0.537911 2.747774
-0.543774 -0.326236 1.874102
-0.659350 -0.308736 1.659551
-0.603070 -0.342053 1.911457
-0.737264 -0.274877 1.426041
-0.645400 -0.322295 1.754381
-0.643066 -0.301464 1.665841
-0.665832 -0.277071 1.517888
-0.457486 -0.093673 0.851011
-0.227494 -0.107144 0.777420
-0.240497 -0.102705 0.786904
-0.225985 -0.097728 0.777472
-0.220590 -0.241092 0.770504
-0.202727 -0.117328 0.970612
-0.382303 -1.171024 5.392324
-0.656917 -0.393588 2.138838
-0.759526 -0.455864 2.304051
-0.681914 -0.452529 2.409529
-0.248406 -0.217316 0.785859
-0.280811 -0.174766 0.821771
-0.280661 -0.174649 0.820789
-0.275972 -0.160789 0.816002
-0.260250 -0.201623 0.803610
-0.509088 -0.198122 1.303290
-0.657153 -0.182162 1.329288
-0.221206 -0.177669 0.764969
-0.444671 -0.126072 1.083162
-0.377979 -0.083852 0.939858
-0.225476 -0.106934 0.769395
-0.436539 -0.136717 1.121160
-0.784072 -0.250276 1.558113
-0.207973 -0.092824 0.884980
-0.560372 -0.238029 1.448558
-0.174351 -0.096359 0.894940
-0.513134 -0.225880 1.359371
-0.613256 -0.189741 1.324614
-0.232773 -0.161189 0.780442
-0.278833 -0.210414 0.808020
-0.277423 -0.161653 0.821771
-0.293596 -0.145975 0.840283
-0.252018 -0.148916 0.792488
-0.265541 -0.189785 0.806825
-0.660485 -0.345237 1.721295
-0.654396 -0.144255 1.213244
-0.227337 -0.179021 0.767246
-0.638363 -0.125982 1.180569
-0.614211 -0.123482 1.144875
-0.253176 -0.149406 0.796957
-0.508717 -0.139840 1.148040
-0.236776 -0.216501 0.779089
-0.541772 -0.154295 1.199270
-0.256246 -0.138371 0.802183
-0.255929 -0.138140 0.801064
-0.216255 -0.118508 0.925346
-0.545459 -0.575658 3.133262
-0.626512 -0.500784 2.731286
-0.145532 -0.669231 3.735250
-0.415965 -0.701766 3.718299
-0.502154 -0.682945 3.555041
-0.623669 -0.737656 3.726382
-0.389864 -0.780540 3.972595
-1.044946 -1.426742 4.998297
-0.597873 -0.338666 1.289984
-0.799814 -0.191055 1.622536
-0.835517 -0.253948 1.535571
-0.504267 -0.213684 1.354365
-0.710433 -0.408552 1.798386
-0.568245 -0.193920 1.323265
-0.581231 -0.172749 1.258895
-0.527645 -0.239247 1.447855
-0.235590 -0.231217 0.778921
-0.247166 -0.861883 4.291450
-0.471020 -0.802344 4.020097
-0.263290 -0.851024 4.211963
-0.264875 -0.134948 0.811132
-0.260651 -0.107620 0.801832
-0.647948 -0.143691 1.205031
-0.503117 -0.187373 0.912925
-0.233251 -0.227828 0.769123
-0.233594 -0.228135 0.770092
-0.505282 -0.200145 1.321376
-0.494490 -0.196600 1.273845
-0.929454 -1.256188 4.363677
-0.503992 -0.732927 3.729839
-0.603953 -0.704284 3.599416
-0.753254 -0.710769 3.598534
1.551288 -2.090042 8.643909
1.199495 -2.380683 9.854144
1.210830 -2.369798 9.796541
1.366136 -4.098662 12.662036
1.246658 -2.288009 9.460505
2.131949 -2.191174 8.855372
-0.566435 -0.680468 3.516883
-0.834656 -0.845820 4.097489
-0.789260 -0.698423 3.569166
-0.756349 -0.713869 3.635920
-0.659943 -0.673963 3.476583
-0.515803 -0.677082 3.528665
-0.245069 -0.205915 0.787079
-0.254840 -0.213052 0.801657
-0.959388 -0.886226 4.045477
-0.529369 -0.418144 2.399375
-0.717876 -0.348415 1.702902
0.146729 -2.014064 8.160496
0.716545 -1.619213 6.973654
0.648278 -2.974528 10.775208
-0.259442 -0.149284 0.794675
-0.251757 -0.215177 0.794828
-0.252075 -0.177977 0.794623
-0.253500 -0.149586 0.798676
-0.251758 -0.196934 0.795144
-0.263416 -0.205138 0.803149
-0.263937 -0.150481 0.808747
-0.245398 -0.221006 0.787508
-0.472178 -0.183585 0.871311
-0.481598 -0.185318 0.885935
-0.228729 -0.171433 0.769867
-0.683394 -0.403885 1.772236
-0.763687 -0.323164 1.767573
-0.557556 -0.347265 1.921765
-0.529410 -0.262273 1.539146
-0.535805 -0.316131 1.807595
-0.625351 -0.241363 1.482379
-0.227432 -0.176500 0.767050
-0.526573 -0.199197 1.321695
-1.177448 -0.927855 3.756336
-1.258994 -1.203466 4.224394
0.666612 -1.274346 5.674158
-0.169235 -1.274505 5.750445
-0.298482 -1.243735 5.695494
1.197883 -1.543390 6.202807
-0.255816 -0.145405 0.803361
-0.263233 -0.204084 0.802487
-0.263616 -0.150531 0.807146
-0.250767 -0.176840 0.789358
-0.263368 -0.203743 0.802508
-0.678050 -0.309212 1.652205
-0.634496 -0.320847 1.780675
-0.562796 -0.308694 1.755365
-0.638107 -0.303295 1.690289
-0.673617 -0.289637 1.580527
-0.704661 -0.206400 1.318388
-1.164469 -1.399878 4.292441
-0.767594 -0.349919 1.847762
-0.885013 -0.356804 1.913262
-0.462744 -0.168534 1.204925
-1.201671 -0.950366 4.171419
-1.134541 -0.858267 3.472678
-0.680349 -0.520649 1.901713
-0.920146 -0.203342 1.853847
-1.016130 -0.769116 3.036494
2.082943 -3.263691 12.289500
1.819243 -3.485896 10.644744
1.983033 -3.892994 12.454100
1.959173 -3.861818 12.501990
1.738657 -3.263658 10.098410
1.922097 -3.395152 10.397844
-0.612079 -0.378261 2.096146
-0.526274 -0.420294 2.414438
-0.342282 -0.921555 4.434441
-0.319670 -1.067279 4.960682
0.032529 -1.046101 4.895627
-0.646976 -0.966702 4.584724
-0.294410 -1.016147 4.774077
-0.753681 -0.474389 2.419799
-0.718824 -0.336376 1.707183
-0.565964 -0.322007 1.823381
-0.397402 -0.117007 1.038615
-0.445461 -0.126662 1.081761
-0.239497 -0.139403 0.785234
-0.450139 -0.110935 0.839080
-0.273319 -0.176616 0.814319
-0.235791 -0.232090 0.781578
-0.513669 -0.159862 0.940532
-0.448524 -0.115712 0.835846
-0.239034 -0.172241 0.783677
-0.559339 -0.237864 1.451617
-0.592769 -0.187044 1.308731
-0.251114 -0.177359 0.791320
-0.658872 -0.301722 1.672349
-0.657993 -0.301605 1.665205
-0.812971 -0.277342 1.450718
-0.704272 -0.388055 2.045356
-0.557332 -0.266144 1.559498
-0.513485 -0.263347 1.560420
-0.660099 -0.706798 3.582729
-0.516902 -0.694596 3.602550
-0.987149 -0.960282 4.458226
-0.603806 -0.707007 3.612915
-0.991229 -0.930569 4.342721
-0.651772 -0.309865 1.707864
-0.739812 -0.259618 1.436544
-0.665650 -0.249731 1.528641
-0.533284 -0.212629 1.364424
-0.632460 -0.328599 1.751733
-0.823912 -0.338091 1.875522
-0.726916 -0.340423 1.795440
-0.816326 -0.341217 1.847174
-0.594259 -0.187254 1.311177
-0.273413 -0.206775 0.819124
-0.545772 -0.229602 1.383646
-0.836841 -0.377859 1.900241
-0.753775 -0.343599 1.789719
-0.505583 -0.293627 1.665137
-0.512022 -0.196922 1.281034
-0.836534 -0.217796 1.404559
-0.575016 -0.373793 1.993235
-0.557231 -0.334553 1.885832
-0.748540 -0.259446 1.382473
-0.703642 -0.244958 1.356052
-0.673581 -0.252070 1.359034
0.163790 -1.507142 6.534468
-0.280902 -1.739638 7.389063
-0.107459 -1.241790 5.598250
-0.118589 -1.915414 7.434868
0.011825 -1.467020 6.381083
0.271572 -1.477671 6.446462
-0.258959 -2.091849 7.196952
-0.715930 -0.362566 1.731160
-0.627554 -0.345347 1.903828
-0.569496 -0.373609 2.111707
-0.510624 -0.143316 1.162911
-0.629054 -0.147382 1.217884
-0.542900 -0.109921 1.076939
-0.301460 -0.110696 0.842873
-0.874824 -0.231904 1.520177
-0.473698 -0.199219 1.311443
-0.976479 -0.919193 4.249787
-0.386231 -0.710044 3.775518
-1.029906 -1.063573 4.423699
-0.662386 -0.721582 3.630477
-0.318039 -0.787712 4.029313
-0.626715 -0.276249 1.546750
-0.592831 -0.289564 1.637748
-0.698302 -0.310030 1.646201
-0.698281 -0.335564 1.742365
-0.592509 -0.313519 1.769397
-0.521023 -0.300256 1.740275
-0.607482 -0.280865 1.578326
-0.746029 -0.265502 1.395920
-0.776826 -0.313647 1.592649
-0.572999 -0.310956 1.774491
-0.538288 -0.317768 1.832004
-0.301231 -0.713832 3.735504
-0.683536 -0.820177 4.029709
-0.957688 -0.281393 1.641333
-0.538140 -0.212084 1.355891
-0.575912 -0.209059 1.334741
-0.596220 -0.186948 1.287937
-0.486789 -0.180676 1.246036
-0.890439 -0.672675 2.918583
-0.646018 -0.322895 1.763671
-0.511698 -0.197043 1.280913
-0.785842 -0.726418 3.648104
-0.626153 -0.684628 3.513885
-0.566033 -0.680189 3.514655
-0.978675 -1.131340 4.066704
-0.638073 -0.723890 3.639642
-1.030738 -1.130614 4.238153
-0.686291 -0.328032 1.717597
-0.713253 -0.348004 1.709579
-0.735748 -0.340152 1.700274
-0.980243 -0.932823 4.300801
-0.710849 -0.589710 3.053478
-0.735395 -0.524692 2.711004
-0.848270 -0.524410 2.732792
-0.269061 -0.504218 3.020820
-0.310211 -0.635835 3.512941
-0.155109 -0.602422 3.454235
-0.286012 -0.723339 3.874503
-0.487787 -0.214138 0.888261
-0.494991 -0.216023 0.898046
-0.558137 -0.208510 1.350860
-0.547599 -0.197406 1.288001
-0.562311 -0.236146 1.422073
-0.455820 -0.200270 1.304243
-0.540941 -0.225671 1.406977
-0.612035 -0.145038 1.186708
-0.616759 -0.315948 1.728707
-0.609354 -0.237887 1.455661
-0.586447 -0.238006 1.448980
-0.235233 -0.858463 4.255938
-0.628353 -0.870070 4.219657
-0.184921 -0.895049 4.410868
-0.503729 -0.996422 4.682995
-0.769874 -1.211911 5.406275
-0.334217 -0.778389 3.935375
-0.649177 -0.808243 3.979192
-0.263229 -0.743467 3.821808
-0.352790 -0.759645 3.845030
-0.377692 -0.765972 3.875134
-0.769045 -0.716005 3.592916
-0.721515 -0.736585 3.705172
-1.033082 -1.074181 4.441602
-0.438820 -0.748331 3.839529
-0.463607 -0.204716 1.322210
-0.310109 -0.205612 0.855412
-0.288717 -0.155390 0.835979
-0.278356 -0.240681 0.817089
-0.272955 -0.175931 0.812255
-0.273762 -0.166882 0.820372
-0.614515 -0.134031 1.158440
-0.281112 -0.194574 0.817888
-0.369344 -1.258462 5.761059
-0.023890 -1.399081 6.160866
0.176146 -1.287305 5.774399
-0.588466 -0.340579 1.909817
-0.524234 -0.320902 1.851635
-0.233024 -0.149370 0.775550
-0.678801 -0.255631 1.564662
-0.623698 -0.237848 1.456888
-0.658696 -0.287700 1.637877
-0.535140 -0.538114 2.899699
-0.452677 -0.546135 3.060685
-0.187356 -2.168191 7.439400
0.427590 -1.755278 7.423619
-0.643818 -0.366142 1.985442
-0.664644 -0.490980 1.822456
-0.607732 -0.342605 1.897172
-1.011637 -1.042404 4.322951
-0.772366 -0.663430 3.335848
-0.225041 -0.195546 0.770390
-0.243489 -0.180649 0.782230
-0.248510 -0.190844 0.790803
-0.283672 -0.134696 0.828368
-0.230632 -0.194069 0.772545
-0.684476 -0.438074 1.750986
-0.556957 -0.826056 4.531029
-0.766683 -0.660521 2.270273
-0.692129 -0.530323 1.941064
-0.942642 -0.376779 2.032562
-0.749395 -0.223895 1.418292
-0.253408 -0.237541 0.795468
-0.281707 -0.186486 0.821378
-0.268744 -0.189189 0.811737
-0.454778 -0.176023 1.225830
-0.496130 -1.081089 5.016269
-0.542718 -1.601042 5.389545
-0.544837 -1.632043 5.488525
-0.408706 -1.056656 4.927254
-0.748708 -0.331829 1.695739
-0.669336 -0.343527 1.752791
0.176480 -1.285468 5.719699
-0.244144 -0.943459 4.529129
-0.567796 -1.994676 8.287092
-0.561119 -2.000321 8.326331
-0.440232 -0.412883 2.453357
-0.682788 -0.393588 2.122912
1.752137 -3.965013 12.784161
2.222008 -3.450628 13.408053
1.921644 -3.054659 11.476851
2.436760 -3.073820 10.752106
-0.553663 -0.442821 2.501128
-0.620333 -0.440255 2.403267
-0.733492 -0.431806 2.247709
-0.684264 -0.403385 1.772059
-0.694923 -0.517352 2.704102
-0.781159 -0.523516 2.636013
-0.626626 -0.683794 3.509670
-0.680325 -0.668482 3.447052
-0.771077 -0.748976 3.699911
-0.730811 -0.657581 3.428289
-0.771047 -0.681062 3.471059
-0.810079 -0.711688 3.604245
-0.682186 -0.721531 3.643015
-0.714268 -0.256858 1.393551
-0.593874 -0.262077 1.507139
-0.566004 -0.464044 2.601636
-0.508007 -0.356066 2.089649
-0.627608 -0.341111 1.885266
2.025544 -3.261444 10.654937
2.233159 -3.427335 10.142368
2.192214 -3.075140 11.330136
-0.740326 -0.262471 1.665474
-0.778937 -0.617203 2.931296
-1.110250 -1.046802 3.485538
-1.166756 -0.918262 3.719842
-0.670692 -0.243520 1.484218
-0.823143 -0.221449 1.412430
-0.544360 -0.233156 1.436524
-0.562027 -0.199422 1.316661
-0.261194 -0.215145 0.801314
-0.253565 -0.191249 0.796010
-1.180014 -1.002890 4.285913
-0.602421 -0.361294 2.022593
-0.527172 -0.421392 2.424966
-0.700159 -0.402332 1.772594
-0.674988 -0.450871 1.760178
-0.360826 -0.436338 2.622783
-0.671840 -0.452291 1.762104
-0.749267 -0.285592 1.481960
-0.656442 -0.300746 1.655023
-0.719744 -0.320375 1.663901
-0.652062 -0.426653 2.308114
-0.386672 -0.474580 2.795326
-0.408622 -0.156765 1.194459
-0.457700 -0.176699 1.232450
-0.863703 -0.229754 1.504666
-0.539330 -0.211185 1.353441
-0.536701 -0.225119 1.397925
-0.490313 -0.206062 1.329186
-0.534260 -0.225046 1.392824
-0.498218 -0.211292 1.348998
-0.527253 -0.238657 1.457065
-0.662137 -0.254133 1.484257
-0.644004 -0.297744 1.679233
-0.632818 -0.245561 1.413592
-0.618335 -0.235496 1.417794
-0.553453 -0.257958 1.522548
-0.540799 -0.213172 1.333867
-0.523865 -0.217039 1.370671
-0.897946 -0.330673 1.646572
-0.689598 -0.455624 1.934116
-0.509933 -0.330782 1.931228
-1.015016 -1.477234 5.163136
-0.618873 -0.258700 1.485772
-0.667130 -0.329898 1.866145
-0.550248 -0.339353 1.839181
-0.584064 -0.239599 1.462543
-0.796141 -0.645505 3.244748
-0.471672 -0.206728 1.319440
-0.570923 -0.237913 1.444678
-0.656425 -0.499099 2.623678
-0.773409 -0.490413 2.537830
-0.672042 -0.346581 1.758824
-1.569547 -1.521282 5.459674
-1.099196 -0.935549 3.751442
-0.645209 -0.570821 3.066699
-0.701442 -0.700741 3.516638
-0.167169 -0.811523 4.257001
-0.685365 -0.648022 3.331787
-0.612502 -0.378040 2.072242
-0.576509 -0.362020 2.034729
-0.532918 -0.332678 1.910344
-0.684583 -0.368930 1.967709
-0.250730 -0.191038 0.789936
-0.272924 -0.155758 0.812311
-0.251638 -0.196770 0.793874
-0.238258 -0.172807 0.786159
-0.263500 -0.176968 0.804736
-0.264435 -0.205654 0.806739
-0.249935 -0.226035 0.777662
-0.260022 -0.172018 0.798184
-0.260647 -0.163118 0.805389
-0.260732 -0.163008 0.804903
-0.263875 -0.203921 0.804066
-0.455163 -0.117756 1.060399
-0.542276 -0.148691 1.180739
-0.565402 -0.227349 1.411755
-0.615962 -0.237649 1.454037
-0.461155 -0.177806 1.241453
-0.679568 -0.350904 1.792980
-0.862407 -0.369403 1.949823
-1.017512 -1.144533 4.358582
-1.067599 -1.051911 3.954245
-1.064310 -0.873061 3.732737
-1.287082 -1.388117 4.504714
-0.627214 -0.340850 1.880120
-0.726986 -0.336769 1.705417
-0.706693 -0.332624 1.738855
-0.657321 -0.300902 1.623989
-0.575875 -0.362250 2.036945
-0.741292 -0.324687 1.659931
-0.760219 -0.495418 1.816942
0.142122 -1.400122 6.169822
0.994247 -1.619685 6.960993
0.421497 -1.465715 6.340227
0.351568 -1.668874 7.177094
0.282978 -2.104138 8.415847
0.280687 -2.101794 8.557302
0.660866 -1.763021 7.468132
0.275249 -2.094029 8.519567
-0.430514 -0.135184 1.101491
-0.253307 -0.187485 0.797865
-0.455644 -0.124707 0.847565
-0.291939 -0.221395 0.826454
-0.277188 -0.239233 0.812801
-0.550583 -0.239044 1.438783
-0.557011 -0.225222 1.390140
-0.791636 -0.219487 1.367215
-0.887949 -0.198373 1.378546
-0.558190 -0.227278 1.423718
-0.661870 -0.249900 1.453404
-0.653272 -0.247994 1.435280
0.378284 -1.483781 6.481411
3.909393 -3.335005 11.965218
-0.559051 -0.214497 1.344179
-0.627245 -0.260131 1.512970
-0.703622 -0.288129 1.574041
2.054507 -3.011651 11.105651
2.919805 -3.198952 11.862412
-1.075735 -0.793393 3.794863
-1.194330 -1.446644 4.425929
-0.549381 -0.225783 1.397123
-0.530241 -0.196899 1.293987
-0.526215 -0.210758 1.340235
-0.508954 -0.224122 1.390655
-0.644192 -0.237701 1.481911
-0.325926 -0.503753 2.966726
-0.668467 -0.346098 1.813182
-0.476090 -0.166619 1.200863
-0.826866 -0.703011 3.540835
-0.971796 -0.823038 3.915658
-0.910279 -0.756784 3.688926
-0.263684 -0.719880 3.829825
-0.827693 -0.652530 3.140980
-0.687606 -0.613587 3.183106
-0.683682 -0.460576 1.920636
-1.043636 -1.307548 4.689772
-0.737086 -0.242480 1.479557
-0.558398 -0.225659 1.393916
-0.627398 -0.307917 1.701753
-0.651870 -0.390687 2.114470
-0.605672 -0.400155 2.227220
-0.677006 -0.381021 1.750165
-0.617694 -0.803210 3.957283
-0.733544 -0.524181 2.702976
-0.700855 -0.561841 1.975232
1.936314 -4.073837 12.388659
1.898161 -4.030768 12.238967
-0.711662 -0.773855 3.856630
-0.982160 -1.248828 5.474413
-0.410682 -0.758598 3.861928
-0.963791 -1.104273 5.395154
-0.984700 -1.245210 5.473684
-0.376483 -0.768436 3.899672
-0.315670 -0.210634 0.872992
-0.481625 -0.178696 1.252045
-0.684657 -0.402479 1.773780
-0.729850 -0.326495 1.767644
-0.821915 -0.366625 1.909450
-0.796176 -0.700268 3.455114
-0.365019 -0.634517 3.456565
-0.828089 -0.704298 3.554760
-0.705107 -0.665420 3.408788
-0.804852 -0.689903 3.468754
-0.263592 -0.205403 0.803946
-0.287317 -0.202524 0.823939
-0.468098 -0.206542 1.333364
-0.531727 -0.239754 1.458806
-0.470703 -0.198464 1.299145
-0.279260 -0.185853 0.818692
-0.264013 -0.227852 0.805670
-0.757933 -0.501404 2.629837
-0.732899 -0.508875 2.641077
-0.643583 -0.566151 2.996986
-0.327266 -0.810909 4.401806
-0.756058 -0.352383 1.862804
-1.108605 -0.842494 3.512031
-0.790047 -0.220396 1.387747
-1.279955 -0.350491 1.958317
-1.089466 -1.072049 3.945656
-0.952563 -1.020730 3.826003
-0.995747 -0.912984 4.404947
-0.486212 -0.239111 1.452224
-0.768311 -0.245680 1.430660
-0.855044 -1.900008 6.071084
-0.648251 -0.808356 3.969211
-0.705160 -1.476202 5.044338
-0.850439 -1.802768 6.078741
-0.980935 -1.722198 5.711213
-0.413061 -0.773906 3.926306
-0.126913 -1.273836 5.681808
-1.090007 -1.112233 3.976071
-1.198004 -0.361073 1.818225
-1.271959 -0.375725 1.944832
-1.511687 -1.373862 5.379428
-1.255310 -1.210795 4.278845
-0.912125 -0.970935 3.687988
-0.771060 -0.262640 1.572529
-0.654892 -0.416133 1.815068
-0.612478 -0.264681 1.525143
-0.683880 -0.454404 1.794579
-1.115205 -0.884225 4.065354
1.894862 -3.417250 10.555514
2.023054 -3.202448 10.702756
2.120430 -3.250243 10.368752
0.120315 -1.953507 7.803172
3.637186 -3.336703 12.316849
-0.001547 -1.671899 7.098675
-1.041338 -1.110942 3.950771
-0.699304 -0.402052 1.770469
-0.680617 -0.403325 1.762375
-0.677797 -0.454851 2.422983
-0.554811 -0.489056 2.726738
-0.578239 -0.359476 2.004118
-0.608401 -0.321522 1.750226
-0.671299 -0.362911 1.754841
-0.611722 -0.346141 1.319725
-0.754448 -0.337452 1.707653
-0.755539 -0.266299 1.410099
-0.600591 -0.267602 1.516986
-0.655898 -0.269898 1.464134
-0.626386 -0.275867 1.545769
-0.582050 -0.268062 1.540404
-0.572050 -0.323022 1.828972
-0.645114 -0.299062 1.660332
-0.553091 -0.257860 1.520977
0.428863 -1.715276 7.193090
0.133757 -2.244346 8.396566
0.143120 -2.257960 8.463549
0.502775 -1.664969 7.043276
-1.189960 -1.427367 4.379977
0.313218 -1.463953 6.373347
0.144925 -2.001673 8.018260
-0.013104 -2.650363 8.075019
0.265481 -1.475236 6.426610
0.125479 -2.231954 8.333750
-0.543003 -0.355605 2.042399
2.025252 -3.092242 10.030797
2.249913 -3.238948 10.639181
-0.573996 -0.214971 1.339706
-0.473632 -0.210894 1.338984
-0.512378 -0.223401 1.393560
-0.579615 -0.262078 1.473501
1.740918 -3.490834 10.593733
1.654811 -2.243860 9.091520
1.432100 -1.581362 6.791958
1.454359 -1.712711 6.814724
0.594571 -1.605363 7.061692
0.479236 -1.303011 5.843537
-0.091983 -0.923850 4.575253
-0.711469 -0.803854 3.926797
-0.635446 -1.542942 5.274095
-0.240446 -0.864966 4.301062
-0.546046 -1.238173 5.507499
-0.738572 -0.350562 1.709643
-0.673036 -0.345264 1.766689
-0.585174 -0.322617 1.816509
-0.907601 -1.110739 3.922174
-0.761849 -0.518341 1.744764
-0.473306 -0.146658 1.151713
-0.762261 -0.180887 1.337709
-0.474974 -0.199310 1.306903
-0.312136 -0.216204 0.857865
-0.294904 -0.240583 0.831715
1.781336 -3.306043 10.776898
1.685397 -4.001007 13.087950
1.948773 -3.995111 12.258940
2.074665 -3.239392 12.246181
2.027634 -2.974535 10.912564
1.867244 -3.453544 10.591805
-0.429079 -0.207986 1.338640
-0.526014 -0.204212 1.316515
-0.634525 -0.322113 1.780530
-0.779671 -0.758395 3.787362
-0.637697 -0.728775 3.683793
-0.737879 -0.699439 3.566745
-0.815350 -0.684034 3.493817
-0.604070 -0.702075 3.574843
2.028862 -3.209922 10.270930
-0.681479 -0.403612 1.763574
-0.701845 -0.352412 1.745986
-0.489145 -0.380009 2.235767
-0.631529 -0.364067 2.000267
-0.683630 -0.404838 1.771783
-0.696156 -0.688069 3.557725
-0.927436 -1.225707 4.270707
-0.559244 -0.722536 3.676012
-0.621155 -0.722995 3.617460
-1.278083 -1.324841 4.362892
-0.573195 -0.236666 1.430429
-1.229486 -0.342790 1.897052
-1.133759 -0.861942 4.175205
-1.771647 -2.644231 7.615391
-0.500302 -0.224941 1.397346
-0.638321 -0.223703 1.405027
-0.661593 -0.500862 1.830660
-0.569506 -0.219299 1.362608
-0.548096 -0.307995 1.758794
-0.532966 -0.225081 1.390052
-0.681019 -0.216129 1.353676
-0.553530 -0.238930 1.447985
-0.571798 -0.239331 1.498140
-0.845488 -0.367333 1.925125
-0.598834 -0.314946 1.775291
-0.576431 -0.322754 1.830140
-0.562458 -0.320494 1.811576
-0.634764 -0.361535 1.371507
0.318691 -1.280144 5.693789
0.233657 -1.337891 5.918808
-0.299711 -1.754048 7.346506
0.002503 -1.700842 7.256845
-0.153458 -2.005305 7.556135
-0.746920 -0.307891 1.564775
-0.765576 -0.674803 3.404712
-0.399098 -0.723397 3.733831
-0.530012 -0.744435 3.750841
-0.713601 -0.335324 1.709293
-0.674146 -0.371227 1.772135
-0.508915 -0.665306 3.584059
-0.622627 -0.662185 3.415754
-0.999519 -0.729418 3.128857
-0.684132 -0.438061 1.750654
-0.602967 -0.471364 2.581384
-0.678111 -0.452325 2.405643
1.948346 -2.911106 10.994353
2.045951 -3.437282 12.761276
1.955381 -2.373754 9.549079
1.013147 -2.559275 10.646770
-0.564600 -0.335280 1.880212
-0.522042 -0.236615 1.441414
-0.573151 -0.257546 1.517210
-0.536434 -0.223939 1.372325
-0.661548 -0.271532 1.477870
-0.855755 -0.282124 1.504126
-0.297559 -0.775794 3.925471
-0.654935 -0.843480 4.134384
-0.575416 -0.971033 4.578614
-0.136113 -0.800934 4.087277
-0.540032 -0.995077 4.671652
-0.672646 -0.347691 1.770532
-0.574659 -0.322079 1.817807
-0.448376 -0.654604 3.498627
-0.752645 -0.686990 3.499489
-1.081717 -1.076006 4.041294
-1.178322 -1.034279 4.443672
-0.592184 -0.313108 1.764819
-0.630075 -0.300046 1.663007
-0.370651 -2.008441 6.992652
-0.183741 -1.206613 5.454095
-0.188709 -2.147039 7.375533
-0.161135 -2.081678 7.006150
-0.673401 -0.363141 1.761547
-0.743925 -0.243068 1.392835
-1.262323 -1.489570 4.581224
-0.823917 -0.364107 1.415940
-1.226712 -0.366370 1.851019
-1.206184 -0.362183 1.825481
-1.306690 -0.367488 2.004719
-1.120713 -0.845476 4.093739
-0.509719 -0.252171 1.507359
-0.552345 -0.224576 1.377298
-0.778532 -0.564843 2.280594
-1.208624 -0.363034 1.832366
-0.544784 -0.305675 1.747839
-1.006396 -1.084199 4.068340
-1.380191 -1.333233 5.673301
-0.464773 -0.200241 1.308046
-0.521517 -0.173361 1.249787
-0.895291 -0.361606 1.942052
-0.483891 -0.212675 0.883447
-0.661238 -0.428049 1.835849
-0.677322 -0.431239 1.886585
-0.624868 -0.187099 1.498911
-0.884893 -0.270871 1.536950
-0.743683 -0.240197 1.471088
-1.091602 -0.821504 3.322837
-0.564779 -0.215466 1.358367
-0.577975 -0.208124 1.367883
-0.484962 -0.208122 0.885049
-0.454766 -0.186237 1.277921
-0.496206 -0.155247 1.172333
-0.457707 -0.200100 1.313444
-0.714796 -0.348981 1.728290
-0.684052 -0.458525 1.811070
-0.330162 -0.640855 3.540617
-0.593036 -0.234622 1.410601
-0.730608 -0.524128 2.115032
-0.699632 -0.396736 1.764483
-1.013464 -1.749346 5.656499
-0.968293 -1.815752 5.796164
-1.015437 -1.658316 5.550667
-0.658764 -0.311596 1.734384
-0.612255 -0.263275 1.500355
-0.614233 -0.263554 1.509353
-0.707341 -0.335191 1.729961
-0.751004 -0.472827 2.404401
-0.647604 -0.322141 1.760266
-0.621850 -0.344796 1.901167
-0.696321 -0.315908 1.674400
-0.553773 -0.264722 1.542584
-0.683776 -0.314063 1.688149
-0.644836 -0.382972 2.056924
-0.720789 -0.476838 2.476237
-1.499993 -2.226913 6.904588
-0.439512 -0.870078 4.342062
-0.693572 -1.432018 4.906605
-0.696721 -1.429245 4.897622
-0.447198 -0.806533 4.032287
-0.909556 -1.757178 5.689767
0.319200 -0.989763 4.989110
-0.639983 -1.559436 5.329892
-0.811760 -0.359911 1.796864
-0.678373 -0.381740 1.751621
-0.582099 -0.406293 2.299991
-0.582075 -0.407311 2.315862
-0.723033 -0.348506 1.704321
-0.619310 -0.244471 1.384743
-0.539282 -0.240783 1.468710
-0.629417 -0.248372 1.458532
-0.685088 -0.806328 3.922144
-0.602605 -0.345374 1.308158
-0.604932 -0.346802 1.313043
-0.701755 -0.318212 1.693586
-0.564254 -0.354659 1.980389
-0.708617 -0.307248 1.626922
-0.765459 -0.336721 1.694579
-0.824298 -0.217556 1.389809
-0.677574 -0.452496 1.786304
-0.499546 -0.211395 1.352100
-0.475714 -0.204186 1.324125
-1.137800 -0.932746 4.176836
-1.149182 -0.939957 4.222756
-1.072114 -1.175709 4.259849
-0.674278 -0.360356 1.901789
-0.696534 -0.400669 1.752861
-0.652739 -0.418828 1.811250
-0.529879 -0.204777 1.328698
-0.676885 -0.347886 1.714861
-0.710730 -0.578972 2.023408
-0.588190 -0.850763 4.113226
-0.587062 -0.932892 4.421282
-0.227779 -0.877506 4.298647
-0.507861 -0.198760 1.313945
-1.018905 -0.791432 3.430316
-1.244256 -1.241180 4.137178
-1.045002 -1.117837 3.978632
-1.234421 -1.291351 4.258331
-0.406540 -0.177171 1.233636
-1.230723 -1.175037 4.163310
-1.083433 -0.865644 3.973463
-1.630731 -1.624939 5.871958
-1.267347 -1.332234 4.384638
-1.169194 -1.102426 3.670836
-0.555307 -0.487975 2.724643
-0.688277 -0.493509 1.931109
-0.697990 -0.612765 3.170398
-0.433758 -0.674366 3.660325
-1.075860 -1.088969 3.907178
-0.529563 -0.753174 3.828201
-1.059031 -1.139638 4.062252
0.011353 -1.320045 5.905926
0.303920 -1.457092 6.339080
-0.672679 -0.351681 1.762018
-1.631841 -2.294900 6.847698
-0.560874 -0.214357 1.362015
-0.759678 -0.211627 1.404817
-0.545873 -0.197009 1.302900
-0.570427 -0.237732 1.440894
-0.538299 -0.240438 1.460655
1.481166 -2.549217 10.315650
1.254860 -2.487664 10.259962
-0.659545 -0.306083 1.667096
-0.636404 -0.322661 1.792639
-0.680827 -0.286698 1.559088
-0.572965 -0.283335 1.631932
-0.585514 -0.931796 4.406662
-0.491662 -0.832512 4.106039
-0.197965 -0.840585 4.194271
-0.454898 -0.959247 4.571145
-0.638657 -0.924214 4.399237
-0.531121 -0.824547 4.034408
-0.502639 -0.925912 4.430779
-0.669543 -0.710105 3.554967
-0.735322 -0.697181 3.540461
-0.985658 -1.141731 4.114388
-0.486067 -0.209394 1.403250
-0.474349 -0.203704 1.321957
-0.595514 -0.260949 1.510300
-0.536926 -0.276684 1.610752
-0.552972 -0.260116 1.537921
-0.607398 -0.455990 2.442855
-0.769846 -0.327276 1.655684
-0.389845 -0.733559 3.835606
-0.719441 -0.585524 3.055864
-0.585927 -0.613522 3.266341
-0.513300 -0.646433 3.446851
-0.778272 -0.665342 3.358897
-0.489995 -0.689968 3.608375
-0.869693 -0.349713 1.975530
-1.477512 -0.251143 2.941499
-0.758774 -0.345563 1.833533
-0.638027 -0.331276 1.770500
-0.593337 -0.238196 1.450524
-0.560126 -0.209056 1.354279
-0.801256 -0.362259 1.899750
-0.492881 -0.215412 1.359510
-0.373964 -0.980702 4.598765
-0.721451 -0.309443 1.613484
-0.586064 -0.311466 1.745001
-0.738350 -0.292366 1.495205
2.131218 -3.282361 10.870105
1.055003 -3.838910 13.030007
1.395006 -1.764993 7.469691
0.333447 -2.205908 8.642190
0.509620 -1.686174 7.193699
0.297687 -2.169606 8.610765
0.426642 -1.752012 7.541962
1.661764 -1.787593 7.524172
1.404639 -1.770332 7.492435
-0.848947 -1.036402 3.638961
2.397331 -2.821837 10.704939
1.975195 -3.364810 10.360270
1.518037 -2.661563 10.792180
1.746213 -4.200596 12.882027
1.854175 -3.437983 10.551035
1.801463 -2.788260 11.029888
1.758460 -3.038218 10.733675
-0.543688 -0.355383 2.029707
-0.723781 -0.322329 1.678811
1.481735 -1.826205 7.731668
2.159743 -2.105760 8.527781
3.496110 -3.559994 9.689665
0.506300 -1.778115 7.598264
-0.779379 -0.574185 2.414579
-0.549308 -0.234597 1.429249
-0.776678 -0.216884 1.352058
-0.606176 -0.236118 1.433799
-0.693276 -0.399453 1.762560
-0.642517 -0.364541 1.974370
-1.124972 -1.113760 3.720366
-1.272597 -0.389240 1.931383
-1.247111 -0.982328 4.310283
-0.556601 -0.329725 1.831205
-0.701566 -0.219947 1.342459
-0.515195 -0.217545 1.341218
-0.268111 -2.121735 7.329554
0.140751 -1.543684 6.599548
-0.023806 -1.402466 6.177678
-0.300212 -1.882088 7.348281
2.541642 -3.720545 10.982928
0.191250 -1.339992 5.931284
-0.254717 -1.219132 5.581066
-0.376438 -1.293198 5.885136
-0.674475 -0.304765 1.666254
-0.542801 -0.270551 1.588238
-0.640622 -0.308422 1.679857
-0.528714 -0.418100 2.398768
-0.711396 -0.318458 1.639647
-0.507574 -0.319464 1.876262
-0.647193 -0.321493 1.755255
-0.813804 -0.339202 1.679825
-0.475327 -0.211420 1.345297
-0.655410 -0.298744 1.666439
-0.459672 -0.201007 1.314865
-0.502944 -0.195350 0.909983
0.692232 -1.281320 5.732535
-0.271326 -1.391058 6.219527
-0.364132 -0.984162 4.644661
-0.544915 -1.236817 5.531168
0.022447 -1.039989 4.917087
0.212892 -0.938713 4.611449
-0.010276 -1.136539 5.314603
-0.109217 -1.069012 5.008859
-0.874160 -1.932805 6.173588
-0.161124 -0.927171 4.468779
-0.654298 -1.355477 5.901195
-0.440790 -1.067484 4.906068
-0.103716 -0.855286 4.247831
-0.266343 -0.997026 4.647768
-0.740923 -0.341191 1.716358
-1.097814 -1.049585 4.003323
-1.220952 -0.364643 1.891227
-1.062936 -0.805979 3.902114
-0.656854 -0.259859 1.467369
-0.725906 -0.427839 2.201824
-0.712109 -0.370969 1.741884
-0.728980 -0.533283 2.782784
-0.566122 -0.417219 2.343847
-0.479168 -0.443667 2.564136
1.140915 -2.220932 8.992080
-0.720766 -0.348492 1.713915
-1.689047 -2.703960 7.647305
-1.263248 -0.373040 1.930101
-0.625512 -0.481917 2.634351
-0.579498 -0.236528 1.427246
-0.757870 -0.217197 1.326757
-1.116585 -0.296159 1.677206
-0.566496 -0.238657 1.474076
-0.871682 -0.248633 1.349946
-0.882694 -0.250088 1.362130
-0.691666 -0.461521 1.822547
-0.678868 -0.668095 3.434934
-0.776959 -0.609572 3.170603
-0.696741 -0.613533 3.185309
-0.973712 -1.834528 5.845853
-0.552442 -0.778860 3.883268
-0.893128 -1.731537 5.674638
0.469645 -1.139082 5.236133
-0.156328 -1.235912 5.571521
0.324519 -1.254643 5.650205
-0.141461 -1.038051 4.858834
-0.205391 -1.315503 5.850871
-0.319513 -1.332139 5.947592
-0.266713 -1.278415 5.730021
-0.125909 -1.279911 5.737066
-0.644195 -0.445901 2.416279
-0.461483 -0.493405 2.859342
-0.647023 -0.377508 2.061338
-0.457347 -0.774047 3.951500
-0.904372 -1.209934 4.201582
-0.679423 -0.236017 1.375177
-0.574373 -0.322482 1.818013
-0.723110 -0.253801 1.483097
-0.485436 -0.238040 1.458275
-0.789261 -0.236359 1.436200
-0.583852 -0.323254 1.821847
-0.512978 -0.681561 3.566716
-0.813575 -0.618101 3.140648
-0.892656 -1.099627 3.861074
-0.796569 -0.459528 2.356138
-0.830938 -0.950244 3.409158
-0.675538 -0.328678 1.900053
-0.571517 -0.209212 1.323559
-0.677060 -0.317280 1.727569
-0.529793 -0.223577 1.373192
-0.548501 -0.233977 1.427713
-0.813165 -0.221353 1.397333
-0.566463 -0.330478 1.826241
-0.765961 -0.321926 1.782510
-0.529063 -0.210709 1.350713
-1.091502 -1.089889 4.096133
-1.110977 -1.059676 3.511421
-0.739350 -0.339325 1.783543
-0.605881 -0.372452 2.027142
-0.677548 -0.433963 2.318717
-0.682676 -0.550118 1.900135
-0.678484 -0.481168 1.890724
-0.557728 -0.413765 2.338793
-1.140386 -1.085272 3.800657
-0.554195 -0.214909 1.368773
-0.884094 -0.231802 1.363980
-0.881892 -0.231837 1.361866
-0.875296 -0.231864 1.354648
-0.525472 -0.210476 1.336465
-0.978193 -0.925909 4.271997
-1.035385 -1.551660 5.380105
1.659144 -4.011824 13.009346
-0.511574 -0.473967 2.730127
-0.657519 -0.592314 3.161480
-0.684001 -0.551878 1.904202
-0.679057 -0.543395 1.880046
-0.724294 -0.337961 1.722942
-0.697492 -0.401357 1.775470
2.389984 -2.740760 10.678617
1.240022 -2.217945 8.989478
-0.235834 -0.818810 4.232504
-0.623768 -0.723416 3.638766
-0.473968 -0.764378 3.881852
-0.641330 -0.729503 3.679770
-0.620692 -0.247343 1.435883
-0.560122 -0.250985 1.487511
-0.537774 -0.317088 1.819578
-0.617960 -0.318222 1.773550
-0.526055 -0.302152 1.735447
-0.355306 -2.189141 7.263107
-0.165451 -2.067334 6.977745
-0.210918 -1.311518 5.833807
-0.725537 -0.348151 1.723626
-0.601892 -0.362381 2.025173
-1.117358 -1.031377 3.949424
3.764970 -2.998188 10.589735
1.519005 -2.135974 8.764784
1.076453 -2.975478 11.983758
0.903888 -2.491972 10.340622
1.447516 -2.285132 9.401049
1.538374 -2.208783 9.068775
1.357994 -2.063169 8.645036
-0.560618 -0.700755 3.684738
-0.732236 -0.323092 1.655989
-0.678405 -0.316020 1.669016
2.143471 -3.264627 10.299419
2.059946 -3.244433 10.360369
2.009077 -2.884780 10.768467
1.067775 -4.241211 13.652596
-0.957080 -0.945466 4.588184
-0.625103 -0.358621 1.357910
2.212366 -3.267110 10.125689
1.785805 -3.415778 13.198236
-0.593275 -0.312550 1.764908
-0.606637 -0.341884 1.897767
-0.588068 -0.340803 1.915064
1.109072 -2.329277 9.427900
0.923368 -2.279456 9.251787
-0.639499 -0.404176 2.228820
-1.122292 -1.181067 4.968847
-0.907335 -0.273879 1.569344
1.000119 -1.995986 8.506876
0.574393 -1.804561 7.692251
-0.892738 -0.836881 4.024273
-0.353560 -0.702608 3.701620
-0.548510 -0.323105 1.885163
2.080032 -3.268344 12.307176
-0.275640 -0.749949 3.873196
-0.097506 -0.878123 4.384572
-0.880127 -1.808331 5.912764
-0.634357 -1.550600 5.298101
-0.654429 -0.822027 3.964861
-0.373834 -0.793278 4.075142
-0.620628 -0.662871 3.417545
-0.660754 -0.672726 3.449592
-0.524003 -0.238955 1.432986
-0.495547 -0.223293 1.378967
-0.677182 -0.303784 1.674419
-0.556563 -0.259423 1.533703
-0.524908 -0.228334 1.415035
-0.549283 -0.228556 1.402427
-1.150277 -0.974117 4.153702
-0.540681 -0.237442 1.461728
-0.709078 -0.773307 3.842686
-1.059443 -1.672990 5.641052
-0.252516 -0.851953 4.199135
-0.538561 -0.785030 3.912907
-1.021146 -1.270099 5.598984
-0.876732 -1.763059 5.771869
-0.887494 -1.701027 5.737763
-0.649904 -0.368654 2.016441
-0.691064 -0.329557 1.735029
-0.648057 -0.349021 1.905753
-0.516528 -0.314426 1.836396
-0.659538 -0.308681 1.659654
-0.716897 -0.316620 1.642523
-0.271250 -1.401427 6.266829
-0.205889 -1.330472 6.016614
0.732584 -1.271395 5.723115
0.687266 -1.296230 5.842167
0.732303 -1.270683 5.722800
-0.636381 -0.296815 1.671780
-0.570018 -0.256536 1.504902
-0.586959 -0.233045 1.400587
-1.890736 -0.787328 3.067937
-0.638220 -0.727451 3.671641
1.974282 -4.063578 12.432485
1.181346 -2.566381 10.643462
1.224578 -2.300763 9.548345
1.554812 -3.201261 12.743967
1.603173 -2.304381 9.295734
1.392332 -2.498397 10.188286
1.592959 -3.357217 13.436415
1.013515 -2.593392 10.829942
-1.028996 -0.987295 4.603990
-1.264925 -0.382044 1.942405
-0.542169 -0.225362 1.395165
-0.541536 -0.225167 1.392533
-0.669220 -0.344675 1.880485
2.109204 -2.789486 10.608546
2.052409 -2.266379 8.716037
-0.786582 -0.326031 1.628922
-0.690242 -0.374266 1.981821
-1.273848 -1.531494 6.521050
-1.036778 -1.809642 5.840425
-0.318872 -0.800562 4.049695
-0.217259 -0.868486 4.338308
1.098926 -2.243884 9.379824
1.059881 -2.286919 9.586399
-0.708984 -0.426617 2.240311
-0.713290 -0.361760 1.723132
-0.659334 -0.368506 1.991071
-0.729261 -0.349073 1.685479
1.801285 -2.853275 10.955986
2.140145 -3.271465 10.305316
1.986236 -3.040994 11.225493
2.025214 -3.264725 10.664903
-0.498001 -0.451343 2.588115
-0.543650 -0.587618 3.227031
-0.720665 -0.486413 2.517452
-0.537589 -0.453466 2.595041
-0.569317 -0.629580 3.323658
-0.567370 -0.418380 2.362932
-0.677428 -0.381094 1.751369
-0.686209 -0.354796 1.720033
-0.579773 -0.403882 2.274450
-0.651749 -0.503288 2.721247
-0.781320 -0.339256 1.705876
-0.607398 -1.201113 5.336260
-0.971999 -1.339877 5.492763
-0.382622 -0.822709 4.102729
-0.596558 -0.788198 3.912786
-0.805537 -0.748097 3.718798
-0.756790 -0.353158 1.712679
1.339072 -4.104520 12.476638
1.922579 -1.991211 8.232475
1.314448 -3.104809 12.186807
1.086261 -2.963946 11.987985
2.073876 -2.604221 10.579272
-0.773318 -0.755518 3.768443
-0.632020 -0.705952 3.599674
-0.683312 -0.352763 1.732438
-0.578858 -0.361781 2.046084
-0.644083 -0.348025 1.914567
0.191559 -1.655391 7.161761
0.455534 -1.570275 6.785841
0.497811 -1.680138 7.156533
0.597345 -1.688450 7.174708
-0.263177 -1.105154 5.065648
-0.190579 -1.071396 4.975469
-0.258559 -1.102229 5.066314
-0.209003 -1.316570 5.869073
-0.051655 -1.263767 5.676459
3.388793 -2.972660 11.814547
0.454409 -3.363293 10.578996
0.571609 -3.389241 11.276318
1.928863 -3.077351 10.384002
1.966625 -2.937493 10.747327
0.789017 -3.957047 14.555557
1.747368 -3.177264 12.476282
1.113967 -4.057500 13.382030
1.633623 -4.202599 13.341940
1.887859 -3.248561 11.018367
-0.449035 -0.845445 4.164779
-0.633474 -0.885790 4.272629
-0.563329 -0.882710 4.255106
-0.443810 -0.759551 3.846527
-0.911600 -1.786882 5.828259
-0.506328 -0.903444 4.323528
-0.655566 -0.833855 4.055645
-0.195335 -0.800016 4.074995
-0.855410 -1.898508 6.057190
1.946075 -2.995906 10.385724
1.911971 -2.984019 10.931874
1.898646 -3.256664 10.712169
1.901822 -3.062121 11.673200
1.895397 -3.055072 11.619976
1.850627 -3.333204 10.664683
-0.550987 -1.631642 5.491677
-0.379946 -1.271189 5.698329
1.526251 -4.092062 12.371261
2.423266 -3.272972 12.032944
2.064716 -3.148504 10.805347
-0.475017 -1.036421 4.860437
-0.304167 -1.744970 7.266878
-0.244176 -1.524558 6.604293
-0.266019 -2.482013 7.671990
-0.211923 -1.271817 5.715569
1.895743 -3.437038 10.609043
1.913382 -3.246909 10.568132
1.889450 -3.350123 10.513222
1.894870 -3.359186 10.534395
-0.902544 -1.790266 5.748983
0.125895 -0.814126 4.159075
2.257493 -3.395667 10.768209
2.389825 -2.749829 10.685645
0.865180 -3.427468 11.024048
0.850506 -3.387228 10.914931
0.839442 -3.255398 11.002096
3.630455 -2.935858 10.382970
1.589675 -3.454851 13.169342
1.825086 -3.821438 10.902163
-0.849907 -1.873515 6.016607
-0.487156 -0.985803 4.569936
0.031764 -0.818859 4.256643
-0.903383 -1.761846 5.768735
-0.573296 -1.584544 5.155458
0.415394 -1.171534 5.420056
-0.144828 -1.235159 5.605428
1.212388 -1.547661 6.228621
-0.263025 -1.290666 5.837576
-0.213469 -1.893861 7.534126
0.239108 -1.341351 5.950861
-4.862360 -5.067963 22.796215
-5.859544 -6.449730 24.578339
-4.438435 -6.230806 23.804262
-3.857367 -5.135647 23.452429
-0.084488 -0.960995 4.548707
-0.265640 -0.934244 4.457258
-0.542774 -1.041090 4.860690
-0.410426 -1.012709 4.737150
-0.125516 -1.281624 5.764691
-0.218122 -1.588667 6.828251
-0.116115 -1.930914 7.508491
0.238651 -1.340747 5.959714
-0.146882 -1.985716 7.520809
-0.030271 -1.231686 5.560502
0.091409 -1.247110 5.583777
-0.306401 -1.756084 7.307287
-0.318893 -1.139311 5.309210
-0.192252 -1.136590 5.216670
-0.328041 -0.781805 3.971465
-0.500338 -0.835738 4.101789
-0.654167 -0.839942 4.100521
-0.587992 -0.839049 4.098017
-0.161556 -1.580931 6.766004
-0.304282 -1.846966 7.200804
-0.182129 -1.348457 5.930110
-0.003636 -1.263025 5.651129
-0.497285 -0.977977 4.621881
-0.614088 -1.092528 5.056490
-0.538431 -1.082062 5.025234
-0.413074 -0.971462 4.621869
-0.416270 -1.109431 5.100487
-0.167961 -1.034754 4.846455
-0.057194 -1.120867 5.156993
-0.140315 -1.131667 5.191949
-0.376046 -1.277844 5.753308
-0.496864 -1.082435 5.022659
-0.131305 -0.702730 3.866698
1.959910 -3.266246 10.442162
1.963836 -3.314653 10.618836
-0.672821 -0.449270 1.751172
-0.478779 -0.442622 2.564861
2.947635 -2.364917 9.265674
1.589670 -2.058085 8.529397
1.024799 -2.537697 10.478563
1.904754 -1.986889 8.200270
1.023928 -2.269338 9.470283
1.652112 -1.943733 8.053219
1.493013 -1.999035 8.371240
-0.210598 -1.604509 6.934330
0.243294 -1.343016 5.974548
0.176599 -1.632742 6.992436
0.192468 -1.551924 6.726203
0.738383 -1.408023 6.215644
-0.748124 -0.387586 1.788628
-0.596782 -0.390371 2.126757
-3.617237 -5.147537 21.378298
-4.177155 -6.542146 23.378687
-4.971757 -6.526960 24.141047
-1.969660 -4.483968 20.518396
-3.420117 -4.658167 21.538330
-0.041909 -4.002765 17.192848
-4.968335 -6.514107 24.138783
-0.521301 -4.299049 18.725294
-0.834627 -4.167897 18.532181
-0.609011 -4.234422 18.602365
-0.395221 -4.271345 18.522188
-0.570693 -5.514175 18.794836
-2.815926 -4.154731 20.091717
-5.880057 -5.153822 23.145536
-1.277967 -4.340752 19.265385
-2.896864 -4.104891 20.092710
-2.863420 -4.153407 20.081472
-0.762895 -5.241324 19.029938
-0.596777 -4.382502 18.997988
-0.698219 -4.286034 18.688162
-0.377251 -4.260910 18.348888
-4.216284 -4.128860 21.190678
0.751606 -1.420292 6.292434
-0.008116 -1.416984 6.313257
1.825646 -2.293424 9.104761
1.793922 -2.314149 9.137297
1.314456 -2.509786 10.277278
3.107242 -3.659241 10.381795
1.766432 -3.042471 10.760857
1.851141 -3.111968 12.081528
1.537070 -3.527675 14.091221
1.739405 -3.685270 13.848332
1.837658 -3.528740 10.897696
0.353440 -1.679533 7.212348
1.474274 -1.747351 7.428607
0.626543 -1.704675 7.304100
1.480826 -1.741794 6.834141
0.389691 -3.168905 10.580576
0.487166 -3.871279 11.387091
3.033800 -4.175076 11.750956
3.464515 -3.006599 12.013393
-0.140525 -1.148265 5.244383
1.390016 -4.210065 12.787634
1.580232 -3.428272 13.329836
1.049850 -2.408606 10.066136
1.712015 -2.141611 8.760682
1.753141 -3.498604 10.621162
-0.673589 -0.952981 4.535763
-0.637504 -0.891837 4.322023
-0.464718 -0.914190 4.374816
-0.082112 -1.062964 4.948091
-5.774972 -5.222061 23.103632
-3.804658 -5.024218 23.136213
-4.401435 -5.634924 25.938255
-5.617435 -4.748109 23.256342
-4.732595 -5.846815 25.162987
-0.325510 -0.876216 4.263531
-0.060083 -2.575431 8.614212
0.495331 -1.657781 7.017145
-0.107043 -2.175042 7.341409
0.275081 -2.090532 8.500046
-0.236113 -0.924598 4.467635
-0.547079 -1.624757 5.467685
-0.056965 -1.269090 5.697600
-0.422422 -1.285553 5.706080
0.196881 -1.343855 5.952095
0.307834 -1.779963 7.444617
1.117887 -3.761907 13.015256
1.884143 -3.215018 10.709346
1.253661 -3.089170 12.772042
2.036742 -3.310407 10.583694
2.241156 -3.239606 10.758995
-0.092071 -1.289658 5.790729
0.137236 -1.286800 5.770210
-0.105311 -2.191917 7.396507
-0.020857 -1.403183 6.184784
0.927361 -1.392382 6.140977
1.453609 -3.272037 12.415080
1.079799 -2.412155 10.043065
1.909761 -2.044193 8.414549
2.070969 -2.100468 8.460826
-0.196222 -4.628578 17.533302
-1.028554 -1.783500 5.757644
-0.967919 -1.808877 5.778561
-0.544613 -0.907315 4.355297
-0.901068 -1.730530 5.618598
-0.474700 -0.761435 3.849054
-0.455654 -0.839706 4.137164
-0.888388 -1.660167 5.894204
-0.805238 -0.770924 3.843291
-0.282273 -0.943339 4.550189
-0.699676 -1.366547 5.931996
-0.406822 -1.083086 5.007900
2.581556 -3.389187 11.537874
2.100069 -2.798404 10.601429
2.115159 -2.798587 10.634717
2.261879 -2.968826 10.820313
0.782237 -2.325503 9.382524
2.552943 -3.359866 11.446419
0.697794 -1.298807 5.866556
-0.686617 -0.492104 1.926423
-0.224008 -1.273177 5.720616
0.115716 -1.475388 6.425085
0.231922 -1.474121 6.426852
-5.293898 -4.786211 23.120358
-5.538908 -5.166256 22.993116
-2.242721 -4.174829 19.681965
-5.883895 -6.213788 24.536694
-1.481869 -4.933358 20.960659
-2.506459 -4.538988 20.848299
-0.210722 -4.635156 17.595491
-6.131237 -6.214868 24.638023
-6.230941 -6.495205 24.835201
-6.564865 -6.252823 24.874622
-6.461818 -6.035678 24.777954
-4.953111 -4.857568 22.943876
-0.626324 -0.871948 4.219022
-0.447527 -0.802250 4.003389
-0.654614 -0.817816 4.012393
-0.669765 -0.449905 1.755210
-0.694178 -0.366233 1.733633
1.804786 -3.468539 10.603567
2.047245 -3.222123 10.770617
-0.672107 -0.367895 1.753927
-0.655621 -0.392267 2.123536
-0.536824 -0.451729 2.576577
-0.655846 -0.580490 3.078752
1.670624 -3.398543 10.345343
1.832420 -2.985289 11.189904
2.266681 -3.031716 11.026558
-0.569280 -0.371736 2.089995
-0.710937 -0.347112 1.727023
-0.650580 -0.329966 1.802724
-0.675705 -0.371870 1.747029
-0.520535 -0.640426 3.379314
-0.480512 -0.691417 3.636858
-0.806128 -0.762978 3.767424
-0.622809 -0.661030 3.411740
-0.932829 -1.168186 4.091380
-0.983005 -0.928176 4.303254
-0.905742 -0.852039 4.121836
-0.542154 -0.354194 2.030844
-0.647327 -0.259798 1.446292
-0.591987 -0.312768 1.759771
-0.546390 -0.286558 1.653281
-0.678701 -0.264033 1.406700
-0.537791 -0.303577 1.745650
-0.564593 -0.308949 1.763759
-0.338846 -0.722549 3.732234
-0.531965 -0.828293 4.071085
-0.933153 -1.035122 5.160653
-0.859036 -0.708245 3.579817
-0.582494 -0.716375 3.653965
-1.004702 -1.041031 4.294905
0.302537 -1.358202 6.041882
0.377090 -1.284470 5.722565
-0.138811 -1.424688 6.322493
0.089904 -1.552705 6.747564
0.349536 -1.571283 6.784606
0.191908 -1.537385 6.653186
-0.161447 -2.102093 7.099691
1.921090 -3.041055 10.630367
1.975549 -3.293476 10.975560
1.958133 -3.437209 10.520219
-0.124160 -1.280528 5.737732
-0.121733 -1.389485 6.137807
2.097492 -3.353339 10.310456
1.949356 -3.267676 10.888551
-0.452119 -0.869112 4.240831
-0.159294 -1.039057 4.874145
-0.406260 -1.018176 4.787460
-0.607772 -1.214238 5.436049
-5.365727 -4.761375 23.098030
-3.455772 -4.681263 21.635044
-3.445706 -5.290748 21.410696
0.384110 -4.831713 16.115631
-0.182978 -5.267439 17.556833
1.651021 -3.111951 12.365140
-0.187446 -5.282590 17.603952
0.740161 -4.593464 14.863134
1.842754 -3.102880 11.922985
-1.015509 -1.345305 5.529134
-0.454562 -0.840361 4.129669
-0.976523 -1.278513 5.563342
0.217817 -0.746866 4.004515
-0.931482 -0.749366 3.703603
0.173088 -3.510333 11.257662
2.532429 -3.697702 10.903297
-1.518663 -2.120136 6.401413
-5.112092 -5.023408 22.959265
-6.087125 -5.152129 23.226866
-5.006526 -4.870893 22.965849
-0.265867 -0.650073 3.598617
-0.484046 -0.628404 3.406199
-0.679012 -0.599755 3.130692
-0.723510 -0.525540 2.724170
-0.402457 -1.238341 5.557587
-0.356599 -1.140047 5.224798
-0.355799 -1.148524 5.295444
0.068907 -1.095551 5.069401
-0.535773 -1.314404 5.880118
-0.419736 -1.115592 5.167350
-0.256884 -1.094968 5.033209
-0.383092 -1.170077 5.385793
-0.432373 -0.700748 3.695216
-0.354874 -0.567310 3.188510
-0.775616 -0.591391 3.052920
-0.563979 -0.683513 3.543149
-0.637037 -0.573822 3.031205
-0.685192 -0.490986 1.919726
-0.328827 -0.501729 2.946923
-0.893985 -0.729584 3.677138
-0.686187 -0.713289 3.616146
-0.663972 -0.727231 3.692572
-0.778527 -0.723714 3.655103
-0.810157 -0.710140 3.594036
-0.956385 -0.740171 3.622026
-0.751014 -0.653034 3.337880
-0.748347 -0.661717 3.417788
-0.800489 -0.616103 3.159186
-0.730945 -0.431162 2.239562
-0.651396 -0.426226 2.304243
-0.487383 -0.526574 2.961602
-0.719206 -0.472861 2.474859
0.333111 -1.255751 5.680859
-0.162350 -1.321392 5.894920
0.300382 -1.144494 5.262477
0.722350 -1.291088 5.802859
1.148052 -2.220625 9.001635
3.190623 -3.293477 12.107906
-0.704020 -0.347205 1.718137
-0.567669 -0.359698 2.036163
-0.733487 -0.339889 1.699750
-0.678297 -0.325713 1.720148
-0.494967 -1.083887 5.048775
-0.545149 -1.050540 4.952452
-0.364634 -1.058673 4.874166
-0.406984 -1.080753 4.990279
0.047181 -1.050107 4.898817
-0.550849 -1.263898 5.666258
-0.300715 -1.238991 5.662464
0.101638 -1.257618 5.675809
0.716548 -1.411557 6.218906
0.195781 -1.263466 5.670541
0.444565 -1.201883 5.496371
-0.034436 -1.399302 6.165816
0.259995 -1.321965 5.872904
-0.106413 -1.242957 5.616602
0.721579 -1.270200 5.702125
-0.700512 -0.538121 2.772307
-0.719548 -0.601135 3.085731
-0.693034 -0.502633 2.645960
1.846813 -3.142401 12.041050
1.749633 -4.217267 12.929954
2.020012 -3.260244 10.651184
2.154669 -3.401181 10.381314
2.125872 -3.402322 10.259937
2.096538 -3.357201 10.318270
2.035433 -3.380262 10.291805
-1.030540 -1.359661 5.612768
-1.013050 -1.849543 5.926107
-0.973770 -1.230582 5.391311
-0.594440 -0.785860 3.889000
-0.398395 -0.754822 3.857248
-0.905962 -1.688322 5.688016
-0.577970 -0.336243 1.876866
-0.622876 -0.268106 1.509563
-0.691925 -0.387081 2.056736
-0.367490 -1.314502 5.868622
0.034862 -1.125791 5.195242
0.104563 -1.177369 5.370386
-0.323716 -1.239964 5.647396
0.135261 -1.283503 5.736399
-0.135385 -1.380532 6.078210
0.463970 -1.140922 5.227386
0.478226 -1.141293 5.256004
-0.472570 -0.801785 4.011075
-0.907505 -1.693929 5.728372
-0.569763 -0.736876 3.701689
-0.730856 -0.431294 2.242157
0.228142 -1.040780 5.032448
-0.790613 -1.211080 5.377317
-0.240104 -0.970880 4.641732
-0.437879 -0.891111 4.323906
-0.267741 -0.908032 4.406644
-0.484769 -0.992976 4.639030
-0.791897 -0.531111 2.705184
-0.439904 -0.663727 3.582812
-0.686917 -0.592612 3.084258
-0.964396 -0.705341 3.020260
0.155447 -1.460835 6.413844
0.014822 -1.644681 7.082035
0.235023 -1.475376 6.457457
0.608602 -1.335748 5.992436
0.190446 -1.589631 6.843667
-0.115125 -1.397736 6.207964
0.332297 -1.650344 7.063730
0.278231 -1.480956 6.469629
-0.125284 -1.282881 5.780345
-0.113456 -1.630857 6.994025
-0.214367 -1.597447 6.889249
0.136636 -1.286468 5.765975
0.072858 -1.308165 5.847927
0.628911 -1.862860 7.899312
2.164819 -2.121703 8.617682
0.704540 -1.782294 7.636552
1.015132 -1.820329 7.753325
2.084674 -2.055046 8.380105
1.538773 -1.812150 7.658589
1.919335 -2.939207 11.220156
0.541691 -2.310764 9.481791
0.890860 -2.253572 9.147479
0.936973 -3.395939 11.154931
1.467359 -4.021857 11.374367
-0.037372 -1.074124 4.990788
-0.207762 -1.315541 5.852005
-0.405157 -1.220717 5.508873
-0.069890 -1.094265 5.034457
-0.447001 -1.063152 4.954622
-0.479042 -1.073990 4.980357
-0.642502 -1.619064 5.513114
-0.115368 -1.066033 4.982426
-0.191503 -1.249641 5.624243
-0.300206 -0.988662 4.665149
-0.371400 -1.026960 4.796735
-0.580850 -0.977084 4.650522
-0.579428 -0.972215 4.615726
4.157323 -4.394700 12.231584
3.537651 -3.264150 12.080535
3.493126 -3.233764 11.983712
-0.702333 -0.455818 2.435260
-0.556344 -0.485477 2.695635
-0.686406 -0.509082 2.684973
2.247770 -3.028592 11.015310
2.568187 -2.871041 11.151504
1.963549 -4.143514 12.535651
2.090761 -3.608013 13.921124
2.639093 -3.419611 11.650853
-0.451981 -0.840120 4.125631
-0.410684 -0.835781 4.162301
-0.941891 -1.656290 5.499063
-0.787871 -1.484575 5.245230
-0.082096 -0.931407 4.628303
-0.090876 -0.881336 4.413078
-0.807794 -0.747001 3.712972
-0.334431 -0.725744 3.775371
-0.638132 -0.731051 3.720541
-0.328719 -0.728554 3.805403
1.222800 -3.237698 13.277587
1.013520 -3.313314 13.833356
1.624961 -3.219892 12.758269
-0.260307 -1.299159 5.909314
-0.218890 -1.303521 5.900270
-0.733036 -0.682921 3.506076
-0.660806 -0.674709 3.483490
-0.710117 -0.668921 3.455771
-0.626356 -0.870289 4.221566
-0.767663 -1.212497 5.409289
-0.052214 -0.973985 4.652528
-0.496764 -1.138464 5.193069
-0.241572 -0.967221 4.604172
-0.410107 -1.014180 4.759061
-0.359643 -0.979714 4.620286
-0.606781 -0.784460 3.899402
0.133481 -1.111743 5.337142
-0.636183 -0.887580 4.279055
-0.152651 -0.931811 4.501213
-0.507505 -0.983079 4.600734
-0.137446 -0.936182 4.505685
-0.591951 -0.939913 4.480178
2.004718 -2.803407 9.683172
2.313057 -3.277773 10.375354
2.423647 -3.069115 10.703756
-0.406633 -1.058809 4.951735
0.947735 -1.393730 6.166012
0.804267 -1.439021 6.363301
-0.040160 -1.809496 7.667225
1.730707 -2.603351 10.696778
2.044185 -3.232636 12.120172
1.594410 -3.413472 12.770742
1.695401 -3.418317 10.399683
2.078630 -3.263550 12.263465
1.671876 -4.060827 13.130686
-0.271456 -0.977727 4.609318
-0.607378 -1.223447 5.508254
-0.470011 -1.029712 4.782322
-0.542907 -0.996221 4.699484
-0.228216 -1.132670 5.197684
-0.523435 -2.051274 8.585566
-0.106933 -1.240702 5.592915
-0.266739 -2.073889 7.181266
-0.409367 -1.057182 4.917329
-0.389247 -1.151376 5.251026
-0.003032 -1.267414 5.684000
-0.435160 -2.290739 7.448603
-0.042662 -1.109320 5.133400
-0.454093 -1.091658 5.033254
-0.302152 -1.029989 4.786252
-0.296685 -1.011297 4.738677
-0.541938 -0.986964 4.627962
-0.505345 -0.991780 4.656616
-0.816171 -1.405250 5.644104
-0.040247 -0.983065 4.729362
-0.361375 -0.863414 4.240531
-0.648582 -0.652735 3.337228
-0.593801 -0.679737 3.488389
-0.496835 -0.757783 3.842281
-0.678701 -0.596259 3.107667
-0.679861 -0.720554 3.625186
-0.414200 -0.535696 3.053844
-0.306683 -0.449965 2.722162
-0.679096 -0.455086 2.427398
-0.364976 -0.665523 3.587136
-0.626224 -0.615237 3.244549
-0.611508 -1.080978 4.973115
-0.531556 -1.155805 5.249499
-0.237680 -0.945990 4.545838
-0.374399 -1.010951 4.761416
-0.565682 -1.662517 5.383176
0.109585 -1.316125 5.863968
0.002948 -1.222946 5.539112
0.008702 -1.267252 5.692204
1.930452 -3.024394 10.361259
1.747908 -3.958360 12.875215
1.906245 -3.265840 10.484170
-0.304759 -1.699640 7.206075
-0.045343 -0.997390 4.710347
-0.266899 -0.981194 4.645317
0.033816 -1.047707 4.908058
-0.264283 -1.265788 5.598106
2.197865 -2.923566 10.639843
0.164043 -1.517975 6.547131
-0.187592 -2.162472 7.418938
-0.214177 -1.886207 7.510271
-0.113931 -1.617343 6.915782
0.009926 -1.271916 5.716145
0.227087 -1.470369 6.390892
-0.605128 -1.212095 5.434439
-0.107273 -0.854705 4.236450
-0.364730 -0.856815 4.181133
-0.292596 -1.014478 4.759741
-0.445074 -1.011770 4.717113
0.922962 -3.342018 11.011953
-0.605606 -1.205490 5.580070
-0.000486 -1.474940 6.427806
2.228902 -2.128157 8.630676
0.521119 -1.567657 6.790681
-0.002685 -4.483269 16.900772
-0.465871 -5.330191 18.249315
1.800719 -3.113604 10.897943
1.858025 -3.130420 11.113036
-0.720923 -4.200178 18.293823
-3.463685 -4.596955 21.730616
0.196214 -3.874772 16.525417
-0.551967 -3.655364 16.638195
-0.215850 -4.068501 17.539730
-2.402643 -6.818713 22.175819
1.893243 -3.317116 10.558219
1.859733 -3.281184 10.615210
1.881833 -3.206301 10.707543
1.870628 -3.329021 10.548390
0.860559 -3.521474 14.655396
0.669252 -4.687650 15.252708
1.057106 -4.293478 14.122940
-0.172827 -5.180709 17.537771
0.401075 -4.763348 15.954684
0.946445 -3.471977 14.410210
-0.146646 -4.577662 17.300724
0.643926 -3.759337 15.143981
0.604832 -3.804504 15.450470
-0.352592 -5.384514 18.028450
-0.050741 -5.350113 17.386950
-0.170803 -5.254549 17.517525
1.828667 -3.099051 10.773625
1.722176 -2.921778 11.674899
3.303052 -2.614431 9.646910
1.999119 -2.353325 9.484471
1.986656 -2.211513 8.992101
1.808134 -3.166583 11.112411
1.852516 -3.110727 10.690109
1.825487 -3.389889 11.049323
1.802274 -3.096795 10.988846
1.835274 -3.041636 11.814424
-2.458004 -4.033177 19.430700
-0.088002 -4.081989 17.549740
-0.620901 -4.180431 18.299854
-0.402804 -4.069593 17.797394
-1.942898 -3.845123 18.513168
-1.300479 -4.169857 18.891731
-5.870030 -5.198573 23.148355
-5.534853 -6.601954 24.618464
-6.737238 -5.795244 24.889683
0.744591 -1.255694 5.547843
-0.081903 -1.231006 5.560735
-0.257030 -2.272996 6.902730
-0.049676 -0.974878 4.669991
2.118594 -2.866231 10.407435
2.655012 -3.377690 9.894495
2.068469 -3.290328 10.225423
2.088828 -2.990194 10.446367
2.176231 -3.348943 10.479683
-3.564281 -4.257105 21.166088
-3.200614 -4.229672 20.683620
-6.448665 -5.791203 24.821178
-5.555530 -4.312440 22.749378
-5.519371 -4.944171 23.033875
-5.868672 -5.175283 23.082897
-9.172975 -6.661008 26.409718
1.016034 -2.141339 8.984960
1.148823 -3.915431 12.881483
1.412129 -3.153142 12.539581
1.387865 -3.131034 12.584327
3.636656 -2.944713 10.397019
-0.117973 -1.096357 5.051649
-0.447293 -1.138502 5.289021
-0.334239 -1.322151 5.871649
-0.083448 -1.157199 5.299112
-0.322551 -1.130110 5.205020
0.210547 -1.080718 4.989066
-0.036656 -1.002542 4.766055
-0.545061 -1.239126 5.553572
-0.039184 -1.000180 4.738226
-0.306011 -1.056716 4.931230
-0.085916 -1.097360 5.068591
1.893267 -3.231724 10.481647
1.904418 -3.241935 10.516430
1.621635 -4.151258 13.219577
-0.189805 -1.073284 4.994984
-0.506831 -1.222221 5.509995
-0.382618 -1.267960 5.687074
-0.408515 -1.016443 4.755526
-0.535328 -0.881470 4.267185
-0.637092 -1.069540 4.928632
-0.276294 -0.905014 4.401977
2.221097 -3.390558 10.127864
2.109562 -3.290186 10.312379
2.233950 -3.015636 10.943853
2.164121 -3.062330 11.249875
1.887396 -3.348966 10.506777
1.867455 -3.263564 10.425076
1.943001 -3.089148 10.364590
1.959828 -2.807330 10.531871
1.875585 -3.462141 10.905736
1.970735 -2.911554 10.548428
1.884472 -3.286719 10.487347
1.919367 -3.151963 10.320673
1.924063 -3.100392 10.381016
1.937064 -3.118331 10.348454
1.928806 -3.076764 10.323664
1.927838 -3.030639 10.193394
-0.151029 -0.917358 4.478588
-0.598400 -1.002585 4.681170
-0.319039 -0.970656 4.607978
-0.519014 -1.009238 4.736014
-0.797333 -1.227800 5.459557
1.855685 -4.079611 12.452527
1.578962 -4.175392 12.627368
1.668871 -3.518652 13.147146
1.662178 -1.915758 8.084202
1.956457 -2.336187 9.389223
1.731377 -3.870312 12.590523
0.726937 -3.358676 14.299060
1.555124 -4.114300 13.123520
-5.077982 -6.319278 23.926195
-5.144989 -5.320713 22.870115
-1.326302 -5.202633 20.289463
-4.882695 -5.230003 22.699846
-0.294719 -1.130880 5.169745
0.326769 -1.261975 5.747420
-0.254815 -1.233561 5.620930
0.543762 -1.629297 7.018308
0.492846 -1.553121 6.722561
0.691220 -1.453360 6.397614
1.202411 -1.629987 6.987540
0.187837 -1.535415 6.638763
1.954958 -3.846993 12.295743
1.100075 -3.550742 12.680862
1.901965 -2.928063 11.143885
2.062116 -3.237230 10.828835
1.872724 -2.301295 9.200714
1.124969 -3.043856 12.420100
1.336558 -2.404993 9.839671
1.278753 -2.354271 9.684888
2.190608 -3.582885 14.038420
-5.646482 -6.302267 24.374416
-4.038223 -5.489388 24.305439
-1.187492 -5.524376 19.866852
-4.217410 -4.171195 21.336071
-0.734594 -4.462287 19.366037
-0.996785 -4.642013 19.933084
-1.000368 -4.482892 19.627464
-0.884982 -4.375045 19.288107
-6.050811 -4.656182 23.492424
1.050549 -3.300315 13.734188
0.549130 -3.278267 14.270925
0.629491 -3.280430 14.184306
1.921160 -3.069366 10.361205
0.832443 -4.500855 14.492813
1.934669 -3.025262 10.373338
0.835289 -4.502989 14.494612
1.939014 -3.223451 10.316451
1.861018 -3.375282 10.474129
3.229776 -2.886201 11.074042
1.889703 -3.438875 11.023118
1.744363 -3.067192 10.666306
2.000154 -3.184219 10.560641
2.668338 -2.965194 11.230620
2.779047 -3.026363 11.504576
1.865270 -3.917880 12.571507
2.210652 -3.373233 10.089812
1.905597 -2.865594 10.827190
-0.109745 -5.450200 17.707567
1.043694 -4.367637 14.049800
-0.169522 -5.455819 17.495190
-3.568527 -4.569542 21.665174
-0.747205 -4.136253 18.168617
-0.281999 -3.625728 16.269981
-0.005340 -4.176766 17.082451
0.373337 -4.703630 15.957505
0.576896 -2.171148 9.102208
0.943321 -2.014269 8.513518
1.486663 -1.998219 8.354423
1.295657 -2.366040 9.732536
1.056833 -2.216206 9.179947
1.549612 -2.091812 8.645673
1.681764 -2.087611 8.621089
3.538219 -2.695584 9.961277
0.493991 -3.902742 11.477261
1.882219 -3.218493 10.446767
1.889980 -3.275899 10.524395
1.990417 -3.168216 10.497399
2.009080 -3.276479 10.495838
1.904470 -3.243538 10.519227
2.057264 -3.634384 10.497037
1.582616 -3.095851 12.315886
1.922404 -3.759049 12.044964
1.704754 -3.092653 12.147758
1.724065 -3.152495 12.325671
1.714871 -3.161780 12.503440
1.413967 -3.345979 13.354163
1.222909 -3.313031 13.513764
1.435885 -3.218581 12.966745
1.550333 -3.214782 12.766497
1.308898 -3.390201 13.685938
-0.038568 -3.282790 14.875723
-0.112051 -3.399864 15.346541
0.982454 -3.426972 14.203473
0.897200 -3.381289 14.180316
-0.813358 -5.307952 18.952364
-0.512694 -5.477319 18.377319
-1.892279 -6.801249 21.839478
-0.186231 -5.208439 17.638851
1.965716 -2.701063 10.135857
1.978344 -2.917785 10.573997
1.942983 -2.923471 10.665026
1.912755 -3.010276 10.316916
-2.513374 -4.029052 19.557247
-0.793637 -4.022321 18.037556
-0.113781 -4.946203 17.369038
-4.955650 -5.236915 22.763803
-4.803958 -5.533530 22.702339
-5.295198 -5.039078 23.008612
1.809526 -3.715847 12.066507
0.140848 -1.993495 8.044391
1.100479 -1.550767 6.794630
0.065153 -1.647761 7.086262
0.512184 -1.466492 6.451872
0.200528 -1.601561 6.951772
1.482411 -1.697659 6.840649
0.161723 -1.622227 6.923627
2.288641 -3.259442 10.304356
-4.500343 -6.216299 24.030533
-0.777697 -5.251081 18.764584
0.667928 -4.670409 15.225931
0.397040 -3.747485 15.926086
0.590435 -3.814614 15.555373
0.763310 -3.581013 14.990396
0.699401 -3.488752 14.738448
1.019276 -4.220456 14.284091
0.946062 -4.199053 14.293870
0.648825 -3.549116 15.090966
0.278798 -2.097634 8.521022
1.036488 -2.062052 6.432095
1.410151 -1.774168 7.507401
0.463804 -1.577271 6.829310
1.847912 -3.060341 10.648416
1.880142 -3.066872 10.676243
1.884463 -3.207913 10.462538
1.866228 -3.395182 10.917261
1.849688 -3.395030 10.761236
1.856686 -3.183815 10.915994
2.026432 -3.236681 12.360405
1.411933 -3.362301 13.487581
1.544825 -3.468548 13.699330
-0.382462 -3.310082 15.337984
1.293598 -3.341915 13.548046
0.548420 -3.276475 14.260496
0.555332 -3.275237 14.228477
1.613662 -3.357784 13.321712
0.384422 -4.551769 16.112820
1.415666 -4.094703 13.464540
1.438615 -4.279225 13.489415
0.014578 -4.804071 16.822985
1.946713 -2.841498 10.552584
1.976741 -2.812292 10.580066
-0.401530 -4.250058 18.327574
-2.274393 -3.955656 19.129873
-0.195444 -4.653212 17.715157
-0.700822 -4.288378 18.724281
-5.506320 -4.500236 23.231272
-1.479551 -4.074679 18.674501
-0.700988 -4.430644 19.006590
-0.092602 -4.237888 17.556725
-0.697345 -4.430584 19.025778
-0.055356 -4.012938 17.345041
-0.826306 -4.049480 18.102703
-2.217350 -3.903552 18.912277
-0.268749 -3.987457 17.450462
-1.390391 -3.886612 18.218008
-4.686902 -5.489940 22.494858
-0.810639 -4.157083 18.367729
-0.287507 -5.028084 17.735771
1.888467 -2.890835 10.995349
1.857172 -4.058604 12.508706
1.908628 -3.142479 10.550257
1.556719 -3.325798 13.079709
1.629038 -3.150831 12.389659
1.619065 -3.208811 12.660508
1.833776 -3.140502 12.236403
0.723374 -3.570354 14.965353
0.285605 -3.763989 16.107040
1.021223 -4.189370 14.217869
0.998316 -4.262193 14.201359
-0.128599 -4.087068 17.565969
0.558884 -3.721642 15.675225
1.887419 -3.061539 11.817513
1.429222 -3.305574 13.296086
-0.268753 -5.573065 17.842321
-0.106079 -4.938637 17.332951
0.483504 -4.865647 15.825904
-0.088904 -5.650624 17.976988
-6.242562 -6.335156 24.739714
-5.666809 -4.856058 23.146593
-4.946245 -4.876752 22.901525
-7.467855 -6.493298 25.221886
-6.074892 -6.217676 24.549822
1.456396 -2.858186 11.727445
1.879059 -3.275700 10.578259
1.363449 -2.957134 11.834895
1.458498 -2.871454 11.846326
1.954601 -3.099531 10.453409
1.944582 -3.203554 10.292327
0.023334 -1.481935 6.481716
0.116541 -1.495855 6.497958
0.229273 -1.471880 6.421155
-0.159620 -2.165747 7.408247
-0.092577 -1.749149 7.741722
-1.807524 -3.755050 18.099455
-0.104355 -4.927763 17.301840
-0.628916 -4.154499 18.180214
-5.799150 -5.184296 23.112299
-3.502682 -4.382191 21.308523
-3.399901 -4.649893 21.494766
-0.933972 -5.041817 19.359373
-1.102552 -5.441599 19.541910
-4.812902 -6.481503 24.219509
-0.809605 -4.222208 18.552130
1.851536 -3.008914 9.985260
1.907831 -3.202649 10.198197
1.937372 -3.109115 9.991061
1.289772 -3.298658 13.463284
1.081658 -3.576702 13.957500
0.934883 -3.266337 13.778449
-0.112104 -3.396616 15.337184
-0.255686 -4.228057 18.454819
2.135509 -2.647456 10.744041
1.448488 -3.810717 13.352605
2.487924 -3.118467 10.869391
3.358554 -3.119450 11.928351
1.664234 -3.515863 12.912679
2.039997 -2.914384 11.033500
1.074459 -2.160397 9.092769
1.549024 -3.191473 12.701595
1.655608 -3.501436 13.171639
1.635316 -2.213738 8.961502
1.666280 -2.224547 9.036307
1.868528 -2.141642 8.631213
0.508295 -3.663037 10.845595
3.485950 -3.019968 12.023052
2.139192 -2.833594 10.725510
3.077358 -3.277360 12.225489
0.158998 -3.288776 10.729790
2.985476 -3.234183 12.013096
-5.878648 -6.231959 24.527563
-6.245442 -4.752594 23.525097
-3.413748 -5.282760 21.353918
-3.957237 -5.269582 21.617662
0.359466 -3.807462 16.235119
-1.345276 -3.647135 17.423454
-0.570736 -3.659338 16.707178
0.396314 -1.289027 5.775603
0.587910 -1.334254 5.948156
0.384230 -1.205065 5.480006
-0.080298 -1.231072 5.562932
0.472870 -1.220112 5.561635
1.755963 -3.242296 12.716024
1.760393 -3.246445 12.745902
1.664948 -3.166418 12.571149
1.251545 -3.240572 13.212424
0.898340 -3.497213 14.588525
1.442946 -4.188906 13.491363
0.436969 -3.723453 15.862060
0.412475 -4.901096 15.983536
-3.620740 -5.115660 21.396435
-3.145863 -5.289116 23.404621
-6.058912 -4.853348 23.412432
-7.487090 -6.435526 25.176800
-5.442056 -4.308094 22.540163
-3.565247 -4.380898 21.399542
-2.183804 -4.161425 19.668282
-1.179473 -4.637988 20.116072
0.706591 -4.124816 15.405676
-4.401885 -6.217623 23.892521
-4.316673 -6.520257 23.477377
-0.830582 -4.494051 19.468100
-4.341204 -6.255434 23.886955
0.520906 -3.930654 15.687819
-0.374724 -3.502279 16.099144
0.462938 -3.609880 15.587203
1.022304 -4.178590 14.198784
1.040802 -4.334715 14.252841
1.034220 -4.277479 14.191366
0.581282 -3.656507 15.528227
0.181230 -3.913052 16.675337
-0.108295 -3.848326 16.823166
-4.683789 -6.436501 24.009758
-0.158162 -4.040129 17.435183
-4.679202 -6.506999 23.767544
1.949961 -2.353380 8.992161
1.108289 -2.460336 10.403314
2.017796 -3.075577 10.682247
1.649683 -4.331012 13.072470
1.846514 -3.407208 10.940624
1.929944 -2.685238 10.467628
1.619717 -2.017057 8.362439
0.978046 -2.945112 11.903828
1.693162 -2.207333 8.996954
0.026990 -4.013929 17.075237
0.219658 -3.867909 16.597139
-2.993044 -3.901246 19.565063
0.096581 -4.935053 16.715570
-4.882326 -4.704170 23.421694
-0.112324 -4.565811 17.371040
-4.919158 -6.482379 24.048431
-4.783058 -6.154442 23.429810
-3.624596 -5.149169 21.405787
-0.404795 -3.891400 17.162617
-3.846446 -5.706801 21.991920
-0.107884 -4.561308 17.351112
-0.394969 -4.236926 18.180355
-0.768916 -3.951834 17.759562
1.871711 -2.956808 11.018130
1.884320 -2.849361 10.732607
1.913247 -3.259489 10.677932
1.888061 -3.212944 10.732724
1.870557 -3.044451 10.607132
1.889198 -2.918456 10.953853
1.867848 -3.363330 10.747095
1.829060 -3.362695 10.886887
1.805049 -3.362252 10.970377
1.957626 -2.843026 10.639651
1.944754 -2.881302 9.766624
-6.049048 -4.909014 23.328074
-4.906122 -4.306806 22.199495
-8.049620 -6.562780 25.675522
-2.025166 -4.499727 20.495657
-5.144342 -5.274054 22.810358
-7.171459 -6.207904 25.018520
1.343003 -3.565661 12.483829
1.971268 -3.887882 12.443532
1.698135 -3.426822 10.424899
1.951692 -4.016009 12.310581
-6.525062 -5.367668 23.540379
-2.975546 -4.521197 21.297287
-7.788922 -6.434108 25.467028
-2.211825 -6.026491 21.781084
-6.607332 -6.306693 24.911392
-7.919124 -6.243469 25.374430
-5.566473 -4.820789 23.202141
-1.686241 -4.414526 19.901583
0.908167 -1.927224 8.166012
1.765218 -3.154745 12.285056
0.754857 -3.996455 14.797637
1.753238 -3.069048 12.073686
1.850112 -3.644939 11.804095
0.168440 -5.353061 17.142960
1.966436 -2.572639 9.793940
1.958028 -2.801968 9.553026
1.985719 -2.695598 10.129481
1.968024 -3.117027 10.007588
1.961162 -2.664437 10.353065
-1.060098 -5.890666 19.935217
-6.553709 -5.999426 24.888262
-7.411094 -6.595566 25.455978
-6.374212 -5.974594 24.803347
-6.181044 -6.108662 24.655493
-1.392094 -5.765548 20.346474
1.494184 -3.283102 12.674802
3.078429 -4.262714 11.910370
1.535780 -3.826280 12.417000
0.575348 -3.207813 10.920412
-6.467443 -5.574914 24.247061
-4.082075 -4.504364 22.032951
-9.176390 -6.665144 26.410452
-2.910982 -5.208508 22.950480
-3.095688 -4.512308 21.430801
-3.613204 -4.546724 21.772846
-3.567464 -4.369014 21.356211
-0.786198 -3.846293 17.494736
-0.077326 -5.280345 17.469271
-2.929441 -3.897426 19.435896
-0.016445 -4.039455 17.306170
1.815746 -2.849854 11.182808
1.854753 -3.079262 10.688527
1.883087 -3.260473 11.001331
1.883705 -3.139343 10.708899
1.886564 -3.197138 10.673041
2.078898 -3.268383 10.425789
1.761746 -3.972780 12.894957
1.852141 -4.050304 12.493559
1.207857 -1.627187 6.995576
0.707923 -1.884132 7.915751
0.690820 -1.783132 7.624610
1.667105 -1.791980 7.539576
-2.399469 -4.080327 19.568811
-4.800946 -4.814259 22.723595
-6.710788 -5.876095 24.504051
-3.797057 -5.681102 21.885534
-6.584298 -6.212720 24.841560
-2.560319 -4.555398 21.048349
-6.901008 -6.245242 24.994812
-1.333189 -5.266390 20.248343
1.541174 -3.999242 12.718077
2.541823 -3.681175 10.704626
-4.497142 -6.530764 23.675095
0.589029 -1.788330 7.653454
0.418371 -1.884718 8.064418
0.310336 -1.901018 8.071447
1.837405 -1.903560 7.916062
1.915631 -2.912196 10.760750
1.848922 -3.305112 10.626213
2.202951 -3.400101 10.068836
2.116313 -3.356887 10.272169
2.100089 -3.276343 10.470063
1.871662 -3.394085 10.537395
1.920512 -4.030402 12.285488
1.914244 -2.886924 10.854563
-0.879583 -3.865376 17.631189
-0.614566 -3.734228 16.998152
0.232861 -3.863215 16.518318
0.400376 -3.777614 16.132967
-0.335278 -3.610229 16.354221
-2.981807 -6.525274 23.681978
-4.550073 -5.904614 26.593863
-2.615563 -5.354371 23.868486
-3.079533 -4.174529 20.398745
-3.613177 -5.056130 22.904108
-3.594469 -4.566679 21.729036
-1.077902 -4.103467 18.480442
0.156936 -3.805374 16.411205
0.270232 -3.769952 16.200804
-0.901243 -3.793862 17.428488
0.204766 -5.146414 16.774569
0.428799 -4.808748 15.883392
1.855102 -3.051421 10.722150
1.875569 -3.225328 10.597781
1.897193 -3.230257 10.417857
1.795285 -2.785213 11.010817
0.855161 -3.884822 14.261757
0.864326 -3.872507 14.196968
0.887468 -4.501185 14.432137
0.298422 -1.881672 7.941617
0.292151 -2.123360 8.536110
0.267593 -2.055568 8.173939
0.499323 -3.410257 11.108671
1.706365 -3.876915 12.647211
1.757740 -3.983758 12.840492
1.807581 -3.319898 10.846214
1.068642 -2.409120 10.035120
0.979462 -2.394020 9.936511
1.634814 -4.175478 13.303136
1.572682 -4.193088 13.336905
1.450592 -3.381256 13.341594
0.643665 -3.441248 14.591426
-2.138394 -3.965242 19.018440
-5.243140 -5.225223 22.869255
-3.681909 -4.857632 21.647009
-3.890020 -5.257152 21.502836
-4.113430 -6.518539 23.333492
-6.435876 -6.240829 24.986719
0.572566 -3.244973 14.149037
0.602854 -3.445500 14.721198
-0.146603 -3.329905 15.147462
0.425227 -3.274083 14.399915
0.799143 -3.472796 14.533913
0.894561 -3.302751 13.939113
1.626239 -3.178391 12.604580
1.481460 -3.161475 12.755865
1.479276 -3.157679 12.718044
0.526777 -3.757979 15.960737
1.570835 -3.351640 13.268166
1.815635 -3.790768 12.188917
1.734073 -3.898619 12.692965
1.981901 -3.541611 10.306607
1.802260 -3.325967 10.850451
1.972634 -3.026116 11.168098
1.916988 -3.466191 11.113871
1.962824 -2.884508 11.006633
2.024299 -3.590081 10.441844
1.935383 -3.060677 10.687755
-1.289081 -4.851327 20.315569
-5.508301 -4.961556 23.123377
-5.519108 -5.159496 22.965252
-0.228234 -4.652883 17.690582
-5.499143 -4.957676 23.114357
-5.583261 -4.795447 23.237944
-5.727410 -5.004493 23.207342
-1.009478 -4.150193 18.576015
-0.593712 -4.277757 18.541290
-2.199030 -3.908551 18.883211
-1.898472 -3.949259 18.781780
-0.800242 -5.302068 18.922831
1.964818 -2.943651 9.850793
1.957128 -2.805519 10.521422
1.967706 -2.990854 10.097676
1.932135 -3.234007 10.362184
1.931146 -2.834879 10.505229
1.517466 -3.472781 13.662094
1.827798 -2.979234 11.743149
1.918311 -3.063365 10.156793
1.949819 -3.124597 10.026345
1.935594 -3.318009 10.267775
1.812253 -3.783640 12.168417
1.933496 -2.896556 9.770991
-2.390967 -3.684572 18.468895
-1.363208 -3.647107 17.467188
-3.582217 -4.559672 21.709145
-2.069435 -4.228692 19.414268
-5.385704 -6.525051 24.334656
-2.537425 -4.556942 21.018997
-0.079963 -4.066006 17.386541
-4.263765 -5.891926 22.660320
-0.085687 -4.231363 17.483236
1.600446 -3.480687 13.289384
-0.123871 -3.179424 14.722991
1.743294 -3.921095 12.650365
1.474261 -3.155395 12.691153
0.198397 -1.652033 7.135890
1.248043 -3.122470 12.441237
1.860809 -2.336780 9.307672
2.321668 -2.192763 8.692703
-3.295444 -4.030491 20.121193
-1.271549 -5.943479 20.354763
-3.364714 -4.028399 20.236740
-3.200309 -4.213797 20.564041
-1.095218 -5.702581 19.735649
-0.648076 -5.269801 18.713774
-3.060089 -4.302546 20.707651
-1.094319 -4.695867 20.035465
-3.453841 -4.283205 21.040106
-0.254704 -4.163082 17.969084
-4.922509 -5.202196 22.760838
-4.863143 -6.469037 23.896441
-6.370320 -6.163483 24.773212
-2.198056 -5.921318 21.455809
-0.904625 -4.965692 19.331072
-4.255323 -5.879533 22.643328
1.693422 -2.199250 8.959190
1.442470 -3.771453 13.240509
3.066879 -2.722302 9.589340
1.855669 -3.139892 12.164404
1.683070 -3.117264 12.389225
1.797257 -3.148731 12.294583
1.716515 -3.164233 12.454113
1.356592 -3.445532 13.823681
1.411694 -3.395188 13.548741
0.497299 -3.693882 15.749562
1.503497 -3.266111 13.027409
1.418629 -3.405619 13.603874
-0.510341 -5.475334 18.372179
1.605538 -3.189565 12.622114
0.900227 -3.491755 14.552369
1.460530 -3.844426 13.455026
1.484620 -3.345711 13.275537
1.985317 -3.298489 10.566128
1.048337 -2.571229 10.667728
2.152487 -2.893885 10.519448
-1.093834 -4.602561 19.917629
-0.915231 -4.535985 19.544701
0.401815 -3.745727 15.983951
0.564849 -3.720443 15.878227
1.945886 -2.831444 10.064798
1.964908 -3.092737 9.918530
1.953750 -2.833351 10.082179
1.110938 -3.498192 13.661445
1.944610 -2.680727 10.017998
1.960338 -3.247208 10.379919
1.639709 -2.807639 11.354092
1.894471 -3.231809 10.421363
1.890994 -2.926009 10.878829
1.842977 -3.382629 10.535928
1.962366 -3.157557 10.343882
1.876249 -3.196573 10.427994
1.902853 -2.859337 10.801175
-3.013870 -4.761344 21.982891
-2.300684 -4.781692 21.444422
0.497406 -4.535968 15.664366
0.176327 -3.788541 16.406593
-3.608642 -4.848862 21.534006
-3.900394 -5.266159 21.527590
-4.736472 -4.680755 23.146364
-3.406752 -4.595509 21.618551
1.628710 -2.754401 11.142208
1.910622 -2.745223 9.444428
1.627660 -2.492102 9.918566
1.306053 -3.229471 13.237556
1.690966 -2.661865 10.642516
1.155462 -3.216660 13.292483
1.040449 -3.808359 12.928911
1.153325 -3.847819 12.700030
2.078825 -2.923866 11.019067
1.923386 -3.071890 10.360536
1.799749 -3.356045 10.951810
1.901642 -3.179947 10.591267
1.432970 -4.183319 13.282146
1.856024 -2.515435 9.335755
1.106039 -4.028988 13.300849
1.817097 -2.667392 10.510445
1.641465 -3.912083 12.796935
1.562276 -2.149148 8.855752
1.748368 -3.958204 12.766082
1.941102 -2.157115 8.766046
-4.549096 -5.840056 22.666742
-7.063580 -6.387754 25.104666
-4.936019 -5.277272 22.749296
-4.310898 -5.858074 22.675623
1.410757 -1.854153 7.833511
2.287817 -2.241558 9.604890
-4.976622 -5.274864 22.745541
-4.198988 -5.428204 21.808426
-5.177550 -5.276950 22.868017
-5.889488 -4.770608 23.379427
-3.724880 -5.621403 24.392572
1.948302 -2.922868 10.672641
1.664271 -4.032006 13.047944
1.313055 -3.236286 13.160454
-0.178804 -5.249376 17.517756
-0.081670 -4.549342 17.237867
-0.552121 -5.536175 18.570316
1.292441 -3.413906 13.849787
-0.218847 -4.652699 17.644674
-0.639338 -5.242060 18.626089
1.714244 -3.322121 12.868900
1.843884 -2.008276 8.312480
0.813225 -2.086867 8.863054
0.727260 -3.065999 11.119168
2.440402 -2.284094 9.120441
-4.357673 -6.248095 23.884598
-4.056780 -6.488407 23.178102
-2.074316 -4.305136 19.840710
-2.094634 -4.972962 21.984838
-4.959797 -6.107619 27.682596
-4.124602 -5.723803 27.581398
-3.898468 -6.112262 26.549786
-0.966757 -5.054409 19.385302
1.076483 -3.410967 14.016553
0.524067 -3.754242 15.905799
-0.414099 -5.812561 18.541840
0.460405 -3.791022 16.100782
-8.018653 -6.177032 25.266491
-3.585417 -4.849843 21.488388
-5.240553 -5.185157 22.892094
-5.189591 -4.852288 23.035690
-4.848841 -5.236183 22.716478
-2.358769 -4.685938 21.288408
1.921802 -2.885740 10.856606
-5.444890 -6.564349 24.436625
-5.085610 -5.198302 22.783978
-4.528398 -6.326202 23.837151
-4.923731 -5.042842 22.849386
1.995731 -3.298395 10.528959
1.894626 -3.430640 10.598469
1.620866 -4.159233 13.259396
1.345631 -3.310002 13.496760
2.103108 -3.191852 10.666444
0.539473 -3.293932 10.962934
3.212000 -2.876800 11.454826
0.521637 -3.346162 10.893939
0.539264 -3.386935 11.010821
-6.893275 -5.879604 24.811327
-6.513492 -4.772817 23.611908
-8.400067 -6.079591 25.598461
-4.943479 -4.312762 22.265398
-1.249021 -4.624216 20.497953
1.905906 -3.009125 10.542260
1.889767 -3.215760 10.570534
1.855869 -4.085938 12.461189
1.911061 -3.480474 10.706632
1.917708 -3.474048 11.118429
1.915799 -3.227083 11.159496
1.871567 -3.929851 12.614269
1.866313 -3.406982 10.517192
1.359769 -2.063130 8.657679
0.792995 -4.592236 14.573887
0.481007 -3.442165 10.837380
3.100994 -3.714666 12.771405
3.209342 -3.124443 11.951634
0.442998 -3.385012 11.057243
0.012880 -1.694311 7.222510
-5.905583 -4.738245 23.350851
-7.398296 -6.593399 25.430365
-4.855596 -4.858421 22.877716
-5.415755 -5.023068 23.063839
-8.018027 -6.566137 25.654182
-5.077220 -5.188376 22.775726
-1.458067 -4.579007 20.175680
-2.517649 -4.244545 20.168650
-2.280950 -4.620738 21.016523
2.394711 -3.226076 10.986403
1.878445 -3.430846 10.990211
1.930225 -2.874205 9.739366
1.807827 -3.099034 11.001710
1.348868 -3.134156 11.906306
0.860254 -2.759258 10.971033
4.022219 -3.131038 11.002554
0.923164 -2.845620 11.265505
1.684775 -3.625078 10.420468
-6.248578 -6.310663 24.779905
-7.219206 -6.300849 25.092508
-8.094230 -6.495891 25.844139
-5.799496 -4.878490 23.282261
-5.611859 -6.514907 24.503550
-0.102320 -5.436973 17.654882
-0.178104 -5.268945 17.556839
-0.088980 -5.638576 17.936499
1.730829 -3.229597 12.612297
0.551682 -1.587685 6.871434
0.424938 -3.287544 10.985784
3.579016 -3.116218 11.946223
1.052220 -2.605091 10.702354
0.680096 -2.155504 8.753309
-3.797685 -7.333017 24.243494
-2.641931 -6.948266 22.701849
0.917934 -3.482296 14.455439
1.424959 -3.231346 13.063183
1.690902 -3.144104 12.274142
1.077039 -3.408262 13.967502
1.627068 -4.143565 13.176172
0.473710 -3.845189 11.333170
0.880958 -3.432001 11.076759
-0.078155 -4.556948 17.249931
1.450638 -3.811258 13.327597
1.043584 -4.281906 14.125932
1.106638 -4.269845 14.019322
-5.852646 -5.012275 23.240650
-6.251276 -5.137319 23.335333
-6.710949 -6.518787 25.140093
-6.145491 -6.666411 25.421038
-6.822155 -6.498931 25.066628
0.365363 -3.663624 15.695266
0.352288 -3.633347 15.659736
1.276514 -3.370948 13.625020
0.806485 -3.484578 14.627300
0.687110 -3.620018 15.198213
-0.148970 -3.333213 15.145267
-0.030490 -3.760010 16.505516
-0.264911 -3.870336 17.046787
0.476874 -4.580790 15.816043
0.714383 -4.080202 15.159122
-0.621829 -4.381822 18.804060
1.603832 -4.086271 12.998711
-0.431003 -3.286630 15.301675
-2.088104 -4.129767 19.475676
1.436821 -3.396781 13.476812
1.436970 -3.442710 13.673774
1.190797 -3.379852 13.825138
-0.319625 -3.426718 15.703319
1.925083 -2.954515 9.718789
1.084307 -3.404865 14.063026
1.801638 -2.812141 11.192966
1.998273 -3.170225 9.995177
1.700463 -3.166747 10.385504
1.784239 -3.040118 11.876253
1.497429 -3.163806 12.756871
1.276412 -3.085382 12.700947
1.258151 -3.206420 13.145226
1.548269 -3.225693 12.832175
1.285554 -3.295508 13.434855
1.428089 -3.225427 13.011743
1.584897 -3.374351 13.407393
-0.098176 -5.426579 17.619972
-0.801526 -4.271061 18.728268
-1.932125 -5.165584 23.167412
-0.814975 -3.676269 16.993874
0.727587 -4.067344 15.078941
-0.560954 -3.658569 16.681561
0.007190 -3.590729 16.010389
0.328836 -4.871435 16.298872
-3.395600 -4.593281 21.588055
-0.646507 -3.849937 17.288593
-1.192616 -3.571163 17.046925
1.851127 -1.999393 8.277206
1.659071 -1.876869 7.873415
1.827047 -1.991551 8.223193
1.421157 -1.771191 7.521607
1.961243 -3.101406 10.815193
1.951008 -3.081260 10.754272
2.042442 -3.003997 11.066608
2.261755 -2.715960 10.631392
1.952332 -3.559437 11.172698
1.552034 -3.216632 12.759092
1.885524 -3.316236 10.700952
1.792118 -3.087521 10.945199
1.856830 -3.345903 10.695551
1.838972 -3.098657 10.646396
1.879635 -3.301336 10.987888
1.879869 -3.301609 10.987579
0.563303 -4.619633 15.422748
1.645056 -3.006164 11.958362
1.795321 -3.152350 12.166115
1.836813 -3.107466 10.807552
1.819845 -3.092794 10.748324
1.835728 -3.172555 10.852157
1.839300 -3.167295 10.834261
-0.213391 -5.097354 17.135941
-6.521475 -6.318601 24.826841
-7.255946 -6.309830 25.141037
-2.683982 -4.418818 20.779980
-3.480532 -4.703881 21.726620
0.454601 -3.350604 10.530211
0.553317 -3.796359 11.211518
3.860308 -3.324313 11.867935
0.162101 -3.256240 10.926101
0.487227 -3.352212 10.929057
-0.563754 -3.326961 15.568807
1.238315 -3.407485 13.849233
-0.692936 -5.314001 18.879213
-1.883309 -5.137298 22.687799
-0.268776 -3.988145 17.437033
-5.118638 -4.925024 22.986256
-3.420292 -4.470295 21.722115
-0.337729 -4.130640 17.912218
-3.395181 -4.596045 21.598057
-5.889184 -6.252040 24.549110
-4.833014 -4.694716 23.314793
-3.615644 -4.849097 21.571125
-0.596656 -4.364904 18.673447
-2.042785 -4.709471 21.023441
-3.626324 -5.149007 21.380274
-0.173262 -4.016038 17.409750
-2.670977 -4.419302 20.781073
-4.679380 -5.215080 22.668392
-3.511081 -4.592964 21.701189
1.496311 -2.128499 8.694517
1.825948 -2.133683 8.567554
2.061327 -2.170437 8.636319
1.337696 -2.501618 10.217052
1.080892 -2.404544 10.006972
0.993019 -2.413447 10.095891
1.286729 -2.360119 9.711942
2.139881 -2.117763 8.583612
1.826478 -3.331484 10.635300
1.957297 -3.104669 11.950933
1.933293 -3.062873 10.397936
1.960320 -3.072204 10.276336
1.941396 -3.070656 10.425606
0.853218 -4.591919 14.448111
1.902363 -2.904817 11.071899
-6.575972 -5.979520 24.612217
-3.008226 -4.842897 22.235283
-6.487014 -4.937206 23.512054
-4.492060 -4.319968 21.907187
-1.928787 -5.090599 21.988876
-1.926961 -4.666244 21.023479
-2.977359 -4.345743 20.938301
1.598302 -4.090698 11.485854
1.318946 -3.382887 13.585152
0.353629 -3.443804 15.012087
-0.356364 -5.359014 18.008511
-0.492623 -5.387299 18.386475
-0.064792 -5.248720 17.378494
-4.973239 -4.995806 22.920393
0.078679 -3.978693 17.055006
-5.010371 -4.744239 23.020666
-4.879066 -5.238834 22.700378
-0.717265 -4.064429 18.050873
-4.801494 -5.261057 22.680767
-5.580037 -6.508092 24.439699
-1.074804 -4.102497 18.446728
0.361787 -4.776797 16.178413
-1.739584 -3.679941 17.885836
-1.723191 -3.796817 18.166548
-2.227901 -4.079298 19.416967
1.583432 -3.439574 13.101424
0.732738 -1.454652 6.413920
0.967617 -1.462355 6.490849
0.015698 -1.697855 7.252204
3.135104 -3.246797 12.382079
-2.346448 -7.089870 22.405825
-1.121262 -5.197713 20.034258
-1.910047 -5.704916 22.262403
-1.003280 -5.103546 19.600470
-1.935927 -6.838335 21.957790
-1.317498 -5.253080 20.193190
1.880765 -3.216179 10.439101
1.970274 -2.889967 10.054716
1.846309 -3.360898 10.712782
1.949142 -3.143667 10.236389
1.740716 -4.188241 12.863464
1.891775 -3.003756 10.507470
1.821091 -3.419653 10.706200
0.384691 -1.861040 7.924986
-6.616587 -6.715313 25.183201
-6.030353 -6.393406 24.638887
-5.878232 -6.252518 24.530197
-4.884127 -6.258221 23.741686
-4.481031 -6.246567 23.904039
1.825781 -3.089030 10.742548
1.793713 -3.089530 10.958741
1.849326 -3.415383 10.966357
1.844990 -3.746953 11.628063
1.938353 -2.997576 11.022532
1.793130 -3.144068 12.244718
0.553931 -4.635568 15.465098
1.871470 -2.957483 11.017182
-0.052620 -3.432728 15.478374
0.562828 -3.718807 15.646930
0.975103 -3.434480 14.279533
1.286643 -3.429774 13.879817
1.454328 -3.482888 14.028064
-1.060783 -5.155860 19.840849
-1.087829 -3.443576 16.494253
0.632123 -3.511604 15.000833
0.763157 -3.477452 14.804776
0.144423 -3.466931 15.458472
0.513879 -4.805404 15.757694
-1.135102 -3.667766 17.167841
1.865449 -3.434859 10.854685
1.882445 -3.299500 10.512958
1.648547 -3.984194 12.912387
1.898990 -3.256836 10.702690
1.965260 -3.262847 10.378002
-0.519273 -5.412091 18.493938
1.642217 -4.300481 13.577818
1.736004 -3.034610 11.920778
0.376850 -4.960442 16.186550
0.564175 -4.699879 15.421744
1.877360 -2.977116 11.036333
1.900129 -3.256609 10.697125
1.902275 -3.077123 10.927269
1.874077 -3.142500 10.585981
1.836962 -3.350734 10.687853
1.865358 -3.265038 10.537251
0.395470 -3.789900 11.313326
0.904978 -2.791367 10.919518
0.848425 -2.258643 9.101154
1.823781 -2.847902 11.017170
1.981404 -2.785896 9.602240
-2.049551 -3.807678 18.472733
0.718761 -4.076798 15.135734
-0.003088 -3.757924 16.438366
-1.591776 -3.680319 17.659662
0.235231 -5.164548 16.745865
-0.378857 -4.257007 18.285923
-6.031137 -4.787881 23.432884
-5.506828 -4.807521 23.174839
1.490418 -3.258917 12.955497
1.561933 -3.326845 13.049855
1.782128 -3.162457 12.355466
1.651219 -3.233547 12.799149
1.526488 -3.139820 12.571233
2.007856 -3.059234 9.939027
2.023699 -2.798039 10.086205
1.988423 -3.046466 9.900439
1.908154 -3.996121 12.195129
1.615816 -4.118302 13.144208
1.962721 -3.028295 9.845304
2.046556 -2.682072 10.094501
1.816124 -2.752709 10.844024
1.933228 -2.959262 9.765558
0.983160 -3.149999 13.324488
-0.178038 -3.222099 14.834605
1.241711 -3.210889 13.174684
1.731998 -3.254669 12.843648
0.201832 -3.165577 14.272965
1.322466 -3.257710 13.138011
1.249897 -3.284798 13.399626
1.888406 -3.203249 10.389400
1.887662 -3.240341 10.646011
0.999730 -4.379900 14.047033
1.010422 -4.371544 13.811785
1.885904 -3.228406 10.595885
1.881207 -3.341727 10.599164
1.902445 -3.199050 10.562426
1.020224 -4.200093 14.237710
1.492878 -3.111153 12.466673
1.624346 -3.173217 12.544935
1.031031 -2.057445 6.413696
1.021328 -2.052547 6.399055
0.324897 -1.799423 7.553568
0.983678 -2.241704 9.272657
-0.870736 -3.432848 16.266333
0.412631 -3.708755 15.828009
0.241104 -3.637239 15.853577
0.291361 -3.840590 16.273428
0.409998 -3.741869 15.896360
0.222754 -3.771136 16.180136
0.727800 -3.595909 14.888374
1.058927 -3.836125 13.004247
0.573344 -1.628223 6.956469
0.911759 -3.369526 11.185108
1.627237 -3.507353 13.305847
1.510856 -3.150427 12.491453
1.308968 -4.119284 12.257860
1.695467 -2.369470 9.514516
-0.233346 -3.899767 17.188299
-0.115878 -4.565612 17.392477
-0.179627 -4.017477 17.459681
-1.933085 -3.820545 18.436163
-1.123875 -5.666825 19.708647
-4.346900 -6.077260 23.989561
-3.617270 -4.852064 21.561657
-4.943699 -6.490801 24.096424
-3.735373 -7.283806 24.082756
-1.097990 -5.640193 19.654366
-5.477803 -4.496774 23.170626
-5.966136 -4.927293 23.345612
-2.236006 -3.956808 19.062155
-6.035287 -4.786341 23.440279
-5.248307 -5.223415 22.886086
-6.336417 -6.195110 24.697954
-0.361913 -4.113633 17.847281
0.179102 -4.775692 16.673048
-0.011368 -4.043692 17.442579
1.818376 -3.474145 10.598706
1.895994 -3.123518 10.607927
-1.239403 -3.830183 17.867182
-0.174292 -4.626630 17.583328
-1.759059 -3.851023 18.387054
-3.680405 -5.163044 21.462383
-0.036735 -4.198893 17.235044
0.267918 -4.706358 16.359472
-2.940265 -4.152323 20.234779
-5.548092 -4.790845 23.188589
-2.349914 -4.682374 21.253565
-6.001759 -5.068537 23.236895
-5.602656 -4.239395 22.532064
-3.390813 -4.296802 21.044823
-6.200631 -4.927713 23.399651
-7.887159 -6.233660 25.338797
-6.337978 -4.707112 23.587467
-8.078401 -6.347995 25.545521
-1.935573 -5.047549 21.756857
-0.234364 -3.636622 16.354977
0.508105 -3.819391 15.908508
1.034081 -4.073158 14.111468
0.320590 -3.858120 16.360598
-0.004491 -4.031681 17.206919
0.793535 -4.014480 14.836852
0.459199 -4.750648 15.834109
0.514347 -3.816127 15.867151
0.465573 -3.775390 15.981901
0.788700 -4.030060 14.919395
-1.290782 -5.233402 20.107433
0.271026 -4.702627 16.345695
-0.022100 -3.899791 16.901171
-0.741926 -3.946553 17.673948
-2.194330 -4.110814 19.470076
0.276945 -3.805501 16.277746
-0.009836 -5.218145 17.280149
0.281008 -3.768486 16.089483
-0.546124 -3.888847 17.266397
0.176420 -3.490910 15.367729
1.073479 -4.154348 13.735276
1.037545 -4.053776 14.079204
-6.590494 -6.713228 25.121603
-6.593327 -6.714805 25.135176
-6.434144 -6.390540 24.808613
-5.959625 -6.375054 24.439365
-6.621644 -6.230278 24.888899
-4.109608 -6.512160 23.264942
-0.987450 -4.532560 19.691484
-1.012484 -4.471303 19.378292
-4.566634 -5.874039 25.060623
-3.628991 -6.545847 24.041952
-5.234590 -5.269333 22.885185
-5.510395 -4.812081 23.176477
-3.627555 -4.850672 21.591969
-3.386939 -4.869776 22.361259
-6.478621 -6.197292 24.824038
-5.894421 -5.173067 23.073864
1.923799 -2.973838 9.462394
1.772699 -3.328456 13.291584
1.835033 -3.171327 10.468636
1.762293 -3.061423 10.738985
2.055711 -2.729583 9.721500
1.311704 -2.721345 11.319867
1.902008 -2.698074 10.535151
1.890575 -3.201563 10.689427
1.891876 -3.296714 10.511898
-3.684820 -5.575703 21.833584
-6.455109 -6.192066 24.780636
-6.214935 -6.253604 24.709173
-0.638960 -4.158000 18.233824
-4.141121 -5.235125 21.753237
-4.866878 -4.698444 23.377171
-3.914332 -5.202122 21.567749
-4.443190 -5.501828 22.138998
1.859882 -3.299663 10.648414
1.956975 -3.151445 10.255102
-4.182123 -5.999050 23.620638
-1.097536 -5.688692 19.760113
-4.379396 -6.517149 23.529306
-1.472938 -5.933039 20.693243
-4.821649 -5.986127 25.608744
-0.310042 -4.964552 17.775721
0.398540 -3.714201 15.935126
-1.177863 -3.570564 17.023144
-1.313946 -5.661232 20.004057
-2.100046 -6.368127 21.121988
-1.340385 -4.406016 19.608057
2.131732 -3.400667 10.261891
1.933293 -2.829282 10.847221
1.918606 -3.239411 10.782257
2.103919 -3.475469 10.595965
1.894362 -3.325889 10.569780
1.809757 -3.363097 10.976032
1.936805 -2.925102 9.846744
1.927727 -2.994410 10.996132
1.814293 -2.969873 11.660020
1.889288 -3.035309 9.938022
1.949881 -3.060965 10.237995
1.940072 -3.109746 9.995050
1.148417 -3.325050 13.673570
1.235821 -3.398863 13.773763
0.786918 -3.273659 13.958190
1.081960 -3.571231 13.896198
-3.038531 -4.621620 21.838655
-3.781432 -5.682693 24.609587
1.268177 -2.443604 10.148027
1.698088 -2.471004 9.810575
2.154688 -2.616843 9.332553
1.547362 -2.571285 10.298920
1.489236 -2.458424 9.895632
1.484173 -2.551717 10.311791
1.739582 -2.405567 9.410413
2.275973 -2.564628 9.407731
1.567338 -4.176469 13.291680
1.949419 -3.291897 10.573933
2.024512 -3.424090 12.676997
3.273499 -2.948573 11.331419
1.671710 -2.156823 8.763257
2.021830 -3.415052 10.476308
1.858263 -3.444201 10.561972
2.009437 -3.402614 10.447762
2.062281 -3.436034 10.257768
1.698330 -2.133105 8.712877
1.251154 -2.289912 9.472270
-6.811419 -5.800573 24.935097
-7.092011 -6.397040 25.129406
-5.090040 -5.031159 22.922344
-4.508062 -5.518645 22.282425
-7.185311 -5.972502 24.874277
-6.459980 -6.394079 24.838182
-5.222612 -5.219126 22.838343
-6.042113 -5.936548 24.534142
-0.927145 -5.723289 19.338711
-2.863583 -4.521020 21.215384
-0.446731 -5.551365 18.547295
-6.759482 -6.120835 24.964127
-0.235634 -4.660745 17.733345
-2.805783 -6.923315 22.863487
-0.075040 -4.911625 17.225166
-1.191762 -5.527301 19.858809
-0.037567 -5.279003 17.417196
-1.642833 -6.198765 21.632812
0.707105 -4.036946 15.101792
0.651009 -4.723696 15.371781
0.672509 -3.629259 15.338135
-1.219861 -3.532885 16.912878
0.660125 -3.614919 15.391379
-1.069287 -3.425976 16.509005
0.595237 -3.811959 15.495827
1.342375 -2.430430 9.947815
1.311238 -2.958178 12.131496
0.993390 -2.415009 10.104051
1.716289 -2.137040 8.751119
1.600973 -2.058134 8.556054
1.632921 -2.034356 8.392744
1.290397 -2.362484 9.734015
3.014687 -2.489341 9.581421
-6.246364 -6.359256 24.641834
-4.412401 -6.475830 23.573664
-4.845494 -4.948153 22.870026
-4.424661 -6.528673 23.569811
-1.443637 -4.764502 21.046513
0.896567 -3.189098 13.580930
1.790987 -3.103219 10.947621
1.441978 -2.934647 12.022569
1.805003 -3.386931 10.970757
1.046279 -2.493553 10.503958
2.174615 -2.618700 9.362576
2.223184 -2.644663 9.468126
1.828832 -2.520942 9.868699
2.037129 -2.884093 10.331278
1.973760 -2.843963 10.129929
-4.847682 -4.428288 22.495111
-2.394534 -4.265678 20.174284
-1.501582 -4.417058 19.738005
-5.505756 -4.957808 23.116865
-2.247987 -4.326161 20.114672
-1.439686 -4.823134 20.712477
-1.756452 -4.142188 19.098946
-6.028363 -4.897193 23.302549
-0.782421 -4.293499 18.839802
1.074286 -2.228120 9.271778
3.363648 -2.632880 9.727790
1.145703 -2.382702 9.875637
2.420602 -2.278168 9.093983
1.004357 -2.542274 10.523120
0.950677 -1.933964 8.276512
1.442197 -4.134805 13.439324
1.875087 -3.242154 10.966082
1.735461 -4.091543 12.668613
1.406296 -4.063599 13.386717
1.824933 -3.102157 11.976258
1.866090 -3.396826 10.919557
0.822475 -4.732724 14.509946
0.502392 -4.829908 15.719503
0.519254 -5.039026 15.631675
1.836604 -3.028929 11.887303
1.655391 -3.010287 12.021253
1.898360 -3.243768 10.634992
1.903352 -3.249567 10.601200
1.854660 -3.061580 10.597606
1.879996 -3.205280 10.697378
1.736326 -2.965393 11.677468
0.296483 -3.842506 16.306622
0.169286 -3.816828 16.338793
1.037542 -4.274949 14.173107
-0.221641 -3.886672 16.994619
-0.653050 -3.848348 17.289871
1.671805 -2.463220 9.736202
1.338347 -2.817420 11.517649
1.133150 -2.545019 10.693661
1.527945 -2.549814 10.262476
1.936462 -3.022255 11.125295
1.756556 -3.256527 10.642181
1.642337 -2.502726 9.998577
1.870108 -2.539023 9.785160
1.582489 -2.718600 10.928277
1.670708 -2.462188 9.729543
1.528924 -2.550707 10.274087
0.667892 -1.936792 8.323608
0.631789 -2.339798 9.813792
2.058045 -2.048315 8.337347
1.919484 -2.991254 10.956306
1.889916 -3.036562 10.627254
1.746792 -3.215054 12.539721
1.551790 -3.222585 12.825728
1.226771 -3.352503 13.686123
1.023583 -4.457771 14.320272
-0.082201 -3.395170 15.210874
1.270807 -3.376530 13.701367
1.537516 -3.380002 13.393691
1.241959 -3.252335 13.334056
1.418801 -3.323796 13.319361
1.790137 -2.783589 10.968078
1.597888 -2.007048 8.308805
1.586689 -4.169984 13.248834
1.477593 -3.146264 12.589215
1.706849 -3.092953 12.158429
1.489610 -3.266233 13.045077
1.582293 -3.188806 12.599635
1.058717 -3.401756 14.025773
1.739235 -3.891484 12.645692
1.346979 -3.461400 13.965792
1.503475 -3.463499 13.638141
0.853771 -3.893220 14.284592
1.761780 -3.025194 11.728559
1.745651 -3.066133 12.049271
1.382298 -2.291326 7.162477
1.974842 -3.886596 12.430404
1.969017 -3.874787 12.556466
0.669969 -3.268663 14.115675
0.519383 -3.279814 14.270956
1.144441 -3.328060 13.703377
0.375649 -3.281946 14.485348
0.634508 -3.280024 14.171209
0.918622 -3.485024 14.502925
-1.251148 -3.827662 17.884382
-0.094826 -4.086109 17.627468
-0.210719 -5.276507 17.837851
-0.394603 -5.419312 18.192562
-0.471188 -4.305079 18.454071
-0.592467 -4.367288 18.709091
-0.727119 -4.377641 18.877584
-0.613040 -5.200991 18.480257
-5.312893 -5.234706 22.866468
-6.205059 -4.872956 23.536350
-2.727551 -4.319327 20.585686
-4.840827 -4.311291 22.144583
-4.813280 -4.427719 22.420504
-2.688479 -4.232814 20.277782
-1.100773 -4.671243 20.354063
-1.398904 -4.936368 20.868973
-0.998422 -5.116815 19.712685
-6.225548 -5.171740 23.263519
-5.932072 -4.792462 23.348770
-2.204408 -4.583511 20.860651
-1.217504 -4.717031 20.345873
-2.726756 -4.418432 20.865540
-3.499674 -4.592034 21.672943
-6.140578 -4.628226 23.525980
-6.519636 -5.369458 23.536640
-3.415079 -5.280088 21.354933
-5.203102 -4.829521 23.052208
-6.155048 -5.278602 23.321121
-5.307436 -5.218581 22.872339
-6.492831 -5.404117 23.506441
-2.224231 -5.055421 22.012819
-6.148410 -4.762680 23.416132
-8.861709 -6.440895 25.982853
-8.567794 -6.431311 25.885914
-8.063442 -6.066443 25.405207
-2.989501 -4.832845 22.186258
-3.706944 -4.750845 22.591831
-4.881378 -5.072652 22.834299
-2.502924 -5.440746 22.539213
-6.723808 -4.492613 24.019575
-6.339061 -4.776845 23.423954
-1.149039 -5.486641 19.721317
-3.142953 -4.164964 20.442333
-8.057113 -6.560580 25.679556
-7.103470 -6.183537 24.968384
-8.055027 -6.574815 25.695673
-5.379812 -4.431176 22.852062
-4.783597 -5.215468 22.628273
-6.977621 -5.935827 24.755844
-6.524992 -5.478582 23.616552
-6.071355 -4.963986 23.337490
-6.258506 -4.831209 23.494833
-5.934527 -4.768363 23.359529
-6.608703 -5.544933 23.459555
-6.059738 -4.644889 23.517797
-5.502226 -4.365872 22.811192
-2.860492 -4.507635 21.086412
-6.275861 -5.181559 23.330578
-5.773556 -5.313051 23.209669
-6.090131 -4.902080 23.366013
-2.564755 -4.408837 20.574715
-6.579734 -5.997089 24.922972
-7.256002 -6.463258 25.283203
-5.979740 -6.099751 24.525827
-4.863444 -4.511588 22.785851
-6.227563 -4.570441 23.570936
-4.864138 -4.858594 22.887291
-6.503237 -4.957865 23.564966
-5.157258 -5.254674 22.773289
-5.120935 -4.918604 22.987759
-5.062893 -4.929401 22.996170
-5.834934 -6.292633 24.505301
-6.501753 -4.775515 23.599054
-6.240538 -6.266109 24.802574
-5.150616 -4.847275 22.976690
-3.784605 -5.675177 21.861322
-4.725903 -4.527114 22.719416
-2.245694 -4.368999 20.176785
-0.711572 -4.292310 18.799097
-3.488944 -4.223729 20.866446
-1.570707 -4.427731 19.996902
-5.562639 -4.314767 22.711653
-5.808824 -4.247697 22.759357
-2.637958 -4.316368 20.462477
-1.461711 -4.527987 20.183891
-7.031708 -6.160149 24.156040
-4.795271 -4.930124 22.794403
-6.070418 -4.976421 23.330534
-2.303080 -4.256785 19.964218
-1.054390 -5.353752 19.434956
-5.595585 -6.516086 24.476467
-5.863564 -6.244297 24.504297
-5.608541 -6.521211 24.498472
-4.723815 -4.817429 22.843985
-5.952692 -6.420011 24.659584
-3.833211 -5.241871 21.438097
-2.563141 -4.887259 21.856548
-3.180978 -5.395153 23.152006
-5.543430 -4.808937 23.179403
-6.679870 -6.353523 24.905577
-5.359499 -4.874847 23.048494
-3.898303 -5.264729 21.553904
-4.990086 -5.278748 22.766733
1.510916 -3.389418 13.556655
-0.683987 -3.646789 16.643545
-0.266819 -3.467071 15.738611
1.413499 -3.372880 13.612009
0.811288 -3.391244 14.346604
0.174608 -3.914690 16.629555
1.450118 -3.404768 13.535818
1.532874 -3.264500 13.028440
-0.006529 -3.264152 14.803349
1.998681 -3.169551 9.995106
2.002976 -2.707598 10.225045
2.000966 -2.700077 10.168807
1.972556 -3.037966 9.948867
-6.670843 -6.461889 24.962088
-5.560023 -4.754124 23.271263
-7.068363 -6.167175 24.924942
-6.804588 -5.810551 24.980616
1.464781 -2.649323 10.765048
1.081333 -4.241718 13.662578
-2.138847 -3.966442 19.008932
0.274545 -3.764591 16.198856
0.581367 -3.679193 15.606846
0.478227 -4.883131 15.875134
1.043336 -4.298072 14.230332
0.703545 -4.043715 15.136334
0.502159 -4.830796 15.727583
1.062870 -2.626495 11.086934
1.061886 -2.630047 11.126618
1.189373 -2.579938 10.789700
1.781378 -2.785158 10.913506
0.999108 -3.310323 13.845552
-0.364938 -3.433914 15.749553
-0.175892 -3.408551 15.458262
1.007182 -3.305854 13.782062
0.284160 -3.268480 14.659879
1.140109 -3.326307 13.672739
0.780040 -3.500989 14.817137
0.812986 -3.541718 14.846528
0.987031 -3.427450 14.224012
0.261819 -3.629181 15.734978
1.060032 -4.340946 14.321139
0.789317 -3.498418 14.729618
0.757209 -3.600259 15.001835
-1.930398 -5.169714 22.857573
-0.277890 -5.604262 17.919018
-0.385050 -5.402734 18.142555
-0.285728 -5.025691 17.738823
-1.107401 -5.705599 19.807089
-1.189104 -4.542406 19.694271
-0.990517 -5.079093 19.483885
-5.501970 -4.960398 23.113140
-5.554257 -5.165067 23.015614
-0.362579 -4.136954 18.053009
-0.320786 -4.988887 17.864122
-0.803193 -4.006984 18.010979
-3.714951 -4.881269 21.625412
-4.608361 -4.501783 22.471439
-6.713321 -6.010981 24.822550
-3.651183 -5.151373 21.459503
-6.740177 -6.014884 24.837652
1.682687 -2.649298 10.700201
1.808559 -2.860789 11.018691
0.374827 -4.957121 16.212139
-4.236968 -6.472929 23.274742
-3.700944 -7.262696 24.004005
-3.550882 -7.138836 23.621302
-4.008959 -6.463254 23.091251
0.359201 -4.846465 16.201508
1.652586 -3.160577 12.489980
-0.201730 -5.455875 18.003271
0.394745 -4.784397 16.003513
1.698714 -3.260454 12.757670
-0.178201 -5.197044 17.609407
1.178870 -2.555699 10.582864
1.858333 -3.444983 10.566729
1.461726 -3.847138 13.468540
1.673559 -2.326187 9.203730
2.669131 -3.184622 9.653533
0.502841 -3.756247 15.869713
0.724855 -4.067463 15.073720
0.043980 -3.810988 16.515955
1.835460 -2.768654 10.956494
1.803395 -3.112971 10.978853
1.907383 -3.264121 10.750731
1.893147 -2.888470 10.953650
2.028182 -3.117784 10.699419
1.774175 -3.076301 10.634294
1.929945 -2.959877 9.736215
1.910409 -2.758909 9.441818
1.786202 -2.786582 10.958255
1.727635 -3.319245 10.347064
1.994403 -2.793163 9.629359
1.975267 -3.043728 9.544152
1.809515 -3.371369 10.991356
1.592179 -3.102687 12.378089
1.338518 -2.412005 9.872126
1.288495 -2.421176 9.961021
1.291929 -2.362447 9.722669
1.840910 -3.129629 10.562300
1.826297 -2.890717 11.241643
1.890049 -3.000478 10.499704
1.834329 -2.793534 10.629063
1.384236 -2.432144 9.937865
-1.878726 -4.426808 20.181267
-6.158175 -4.769909 23.462566
-6.367424 -4.988505 23.515079
-6.573107 -5.265986 23.447058
-6.087351 -4.443996 23.478214
-3.090693 -4.177217 20.423189
-6.446641 -5.032961 23.436438
-4.100446 -4.161909 21.130043
-6.470332 -4.795767 23.607666
-2.832151 -4.349969 20.614492
1.577257 -4.190761 13.321279
1.877903 -2.982136 9.963938
1.902885 -3.233946 10.423790
0.951784 -2.915133 12.622334
1.978849 -2.918733 10.571419
2.067741 -3.235618 10.153646
1.927874 -3.099895 9.963873
-4.756602 -4.780888 22.916801
-4.739623 -4.772202 22.887505
-6.153237 -6.334473 24.736008
-4.708057 -6.492639 23.808016
-4.198028 -6.188310 23.599592
-5.872006 -6.443408 24.565601
-1.504789 -6.223761 20.406406
-3.572474 -4.545133 21.701895
-5.225486 -5.182186 22.871147
-0.085241 -4.230179 17.521582
-0.175314 -4.121710 17.644323
-5.419269 -4.489954 23.064390
-1.140310 -4.373755 19.206305
-5.278041 -4.826822 23.160196
1.987852 -3.157773 9.957994
1.777872 -3.530630 10.716413
1.571306 -2.700632 10.835363
-5.065411 -5.032831 22.876692
-6.477604 -6.395311 24.863716
1.137232 -3.285611 13.586754
0.488830 -3.223144 14.165055
-0.304161 -3.425688 15.632411
1.406858 -3.356200 13.452879
1.127080 -3.265838 13.560722
1.108947 -3.308882 13.691332
1.700861 -3.229662 12.586061
1.018921 -3.302409 13.749412
2.084007 -3.287333 10.662568
1.844496 -3.638237 11.783946
1.883623 -2.889709 10.978224
1.857030 -3.390676 10.898632
1.883782 -2.982955 11.067894
-2.276998 -3.929068 19.053535
-1.071867 -4.452834 19.448093
-4.059284 -6.508725 23.175980
-4.649197 -6.503839 23.769608
0.404896 -4.716959 15.970476
-1.927490 -4.774111 21.116549
-4.634196 -5.908511 25.202929
1.890563 -2.991121 11.093771
1.940119 -3.174428 10.387645
1.887969 -3.351139 10.511328
1.985738 -2.955087 10.840597
2.046447 -3.133013 10.755071
1.831306 -2.339334 9.107878
1.393296 -2.482218 10.119202
1.439444 -2.476098 10.002470
1.357090 -2.515037 10.304118
1.388330 -2.435176 9.930893
1.476951 -2.426657 9.806785
1.963391 -2.545457 9.598298
2.032357 -2.579032 9.787552
1.385735 -2.494623 10.158751
1.598787 -2.615479 10.505691
1.880892 -3.689258 11.832487
1.643678 -3.109306 12.337772
1.821545 -2.996781 11.670604
1.583696 -3.058030 12.160740
1.878930 -3.058819 11.799459
1.699155 -3.105617 12.169689
1.442697 -2.434577 9.864883
-4.583721 -5.979612 26.594259
-2.843957 -7.071788 23.286997
-4.683339 -6.054788 26.826773
0.519314 -3.932376 15.706054
0.491420 -4.552832 15.718222
-2.821069 -6.485769 23.583668
-2.983204 -7.082753 23.370577
0.582876 -3.710927 15.684211
0.254255 -3.518692 15.422576
0.722291 -4.021602 14.997530
0.134544 -5.330411 17.261816
0.497560 -3.219868 14.120263
0.868856 -3.347854 14.099192
-0.308832 -3.427556 15.608582
1.294060 -3.289202 13.346832
0.681129 -3.496721 14.851383
-0.312244 -3.579038 16.106716
0.789715 -3.273905 13.967158
1.428956 -3.297965 13.222260
1.455859 -3.211188 12.901275
1.581346 -3.272975 12.812336
1.608184 -4.086167 13.063841
0.266972 -3.181128 14.269073
1.627372 -3.177747 12.589175
1.737026 -3.110428 12.364499
1.289060 -2.419481 9.942389
1.374559 -2.326748 9.488350
1.917149 -2.558193 9.923014
2.483010 -3.069385 9.363087
1.853416 -3.303465 10.495297
1.841041 -3.403493 10.941571
1.857481 -3.079322 10.681496
1.895202 -3.210534 10.411264
1.874195 -3.318707 10.702523
1.972860 -3.029191 10.529009
1.904575 -3.255259 10.468805
1.646371 -4.304998 13.069249
1.968755 -2.708607 10.606189
1.856475 -3.277457 10.597751
1.960334 -2.689603 10.066996
1.971205 -2.700441 10.148205
-5.468358 -4.844067 23.155731
-6.750506 -6.014164 24.862921
1.568592 -3.301670 13.126706
1.656381 -3.324600 13.255706
1.656135 -3.323585 13.249660
2.030041 -3.207624 10.736119
1.975880 -3.187324 9.973600
-2.054366 -5.094292 22.180014
-3.802820 -4.328665 21.500851
-3.052073 -4.576322 21.564974
-2.649244 -4.894055 22.045893
-3.012565 -4.521811 21.444714
-2.424304 -5.378886 22.318291
-4.913814 -4.510296 22.854212
-4.489786 -4.315506 21.916769
-6.256841 -4.960242 23.414759
-8.109849 -6.227000 25.375092
-8.089194 -6.072757 25.421852
-4.698317 -4.874177 22.789484
-2.250412 -5.926017 22.016626
-3.045234 -4.770935 22.076277
1.590759 -4.181394 13.287767
1.906862 -2.356015 9.434956
1.899670 -3.014609 10.538880
1.900393 -3.368957 10.558781
2.235080 -2.660140 10.299551
1.053630 -2.410692 10.069206
1.792528 -3.069761 11.982732
1.912025 -2.887250 10.848713
0.405629 -4.778433 15.962192
0.388205 -4.940980 16.130058
0.818820 -4.744900 14.545613
1.628393 -4.235624 13.394488
1.873469 -3.324617 11.016378
-2.556140 -4.250168 20.163982
-2.147484 -4.157063 19.588509
-0.941392 -4.209419 18.670563
-1.857761 -4.425744 20.122564
-6.946104 -6.205607 25.051243
-6.797625 -6.175777 24.843189
-2.107402 -5.082706 21.965586
0.586012 -3.017333 13.320232
1.917218 -3.414749 11.815904
0.589078 -3.016918 13.322259
1.881579 -3.691622 11.838419
0.474490 -3.776283 15.971861
1.628084 -3.293130 12.938202
1.933421 -3.145306 11.783431
0.196653 -3.876184 16.555342
-6.508912 -5.482121 23.498947
-7.305239 -6.585233 25.354351
-6.264297 -5.175421 23.321486
-1.413506 -5.945627 20.661692
-5.688235 -4.859268 23.189524
-5.438423 -5.021758 23.093065
-5.462447 -4.845729 23.156448
-6.352638 -6.152845 24.688433
1.434956 -3.304176 13.276248
1.414254 -3.394369 13.527380
0.352115 -3.204998 14.249975
1.146490 -3.275567 13.457911
2.376810 -2.644235 9.279741
2.276766 -2.563629 9.407063
1.777009 -2.782721 10.905394
1.149169 -4.056303 13.321230
1.354849 -2.513688 10.287979
1.636029 -2.498613 9.962225
1.061299 -2.616765 11.004793
1.913852 -2.886458 10.848151
-6.999481 -5.908582 24.964720
-4.898303 -4.836328 22.952579
-3.550779 -4.621131 21.641001
-3.259976 -5.526850 23.383928
-5.349329 -5.051768 23.079378
-3.261902 -6.353387 22.729935
-5.107782 -5.025536 22.951982
2.230198 -3.391932 9.976085
1.926937 -3.022264 10.562275
1.403401 -2.355721 9.599667
1.399456 -2.354273 9.585799
1.945205 -3.250328 10.403235
1.911515 -3.093022 10.265891
2.112098 -3.462364 10.530847
2.233363 -3.016651 10.943545
2.074452 -3.299003 10.271774
1.840289 -3.407690 10.722237
0.498992 -4.831011 15.732450
0.548688 -4.474375 15.424385
0.535609 -5.031065 15.451497
0.704519 -4.604260 15.010176
1.866197 -3.125627 12.102920
0.560417 -4.623997 15.435359
1.855877 -3.309155 10.513001
2.212455 -2.635058 9.432775
1.537081 -2.784874 11.242838
1.571615 -2.408952 9.648631
2.194705 -2.630199 9.403491
2.368423 -3.173149 9.423622
1.443848 -2.433396 9.858692
1.832293 -2.522023 9.884624
2.073656 -3.530656 13.021822
1.566421 -2.446659 9.849169
-2.756517 -4.088310 19.894104
-0.861403 -4.505294 19.490538
-0.841641 -5.370723 19.164873
-5.639678 -4.266523 22.726871
-2.389779 -4.264291 20.157171
-0.203437 -3.985756 17.229729
0.638392 -3.507896 14.924254
0.560382 -3.778995 15.541572
0.041383 -4.016965 17.372524
1.015826 -4.266857 14.190514
0.223984 -3.692348 15.903019
1.129163 -2.499212 10.398304
1.206199 -2.384940 9.889091
1.053398 -2.415493 10.131018
1.210135 -2.369098 9.802221
1.177033 -2.518599 10.446853
1.821886 -2.252552 8.657450
1.462177 -2.277162 9.310712
1.106483 -2.406167 10.060452
1.801794 -2.852473 10.931362
1.044541 -4.270913 14.086897
1.895426 -2.891941 10.957997
1.616005 -3.243716 12.894200
1.933960 -3.171453 10.376740
1.929610 -2.831761 10.483515
1.944384 -2.841229 10.542315
1.890809 -2.757696 9.409023
2.074989 -2.753851 10.451395
1.925075 -3.347659 10.392313
-3.097660 -4.058606 20.091494
-0.967197 -4.468634 19.466471
-0.521712 -4.320166 18.713568
-3.113967 -4.055795 20.129143
-1.302881 -4.167521 18.877235
-6.478978 -6.102150 24.781643
-7.175621 -6.257998 25.056211
-4.508231 -5.519759 22.284786
-4.782951 -5.158439 22.615448
-2.203116 -4.584617 20.817686
-6.646194 -5.850198 24.288668
-6.863943 -6.230278 24.941677
-1.461760 -5.972351 20.796034
-3.451218 -4.358655 21.233381
-6.059817 -4.661084 23.513266
-6.183483 -4.772099 23.451647
-5.719616 -5.005502 23.178434
-5.760313 -5.010289 23.245510
-5.865195 -5.150683 23.130394
-2.891396 -4.349371 20.763601
-6.136722 -4.771389 23.430933
-6.875600 -6.443537 25.022083
-3.404636 -4.597186 21.619768
-6.314179 -6.163912 24.672319
-3.306857 -5.488039 23.374691
-4.836631 -5.229730 22.703302
-6.492740 -4.937418 23.515991
-6.803197 -5.780129 24.870020
-6.059954 -5.139677 23.194912
-4.951729 -4.748762 22.913488
-0.259866 -4.193922 17.973495
-3.025801 -4.478693 21.240852
-6.745749 -5.875932 24.441000
-2.917250 -4.151610 20.197376
-5.542838 -4.972124 23.164362
-2.447044 -4.542373 20.823616
-0.094195 -4.237674 17.579231
-1.131205 -5.750250 19.909721
-1.186682 -4.744445 20.187387
-0.043698 -3.922294 16.878006
-1.011879 -3.700702 17.303797
-2.364168 -3.681127 18.416899
0.501369 -3.947477 15.842452
0.188463 -3.881643 16.637165
0.368643 -4.980666 16.501217
-0.637322 -3.904381 17.527485
-6.600218 -6.710704 25.156534
-6.484633 -6.399903 24.875731
-1.362350 -5.792210 20.270472
-6.472278 -6.027515 24.798416
-1.898588 -3.879230 18.588665
-0.704078 -4.442933 19.138412
-5.529125 -4.850075 23.553185
-5.026495 -4.745314 23.028217
-3.672526 -4.865424 21.633858
0.055476 -4.008358 16.862684
0.228488 -4.668273 16.480448
-0.393865 -3.739837 16.847059
-0.823292 -3.677372 17.022934
0.123951 -3.813308 16.602888
-1.623388 -3.678043 17.717379
-4.710165 -4.719803 22.848900
-3.119277 -4.045179 20.122755
-2.311664 -3.934614 19.118002
-0.186624 -4.135925 17.786438
-0.238451 -3.977599 17.306929
-4.754507 -4.714811 22.937603
-4.715945 -5.392707 22.695347
-4.724398 -4.904309 22.845182
-5.106156 -5.028506 22.946833
-4.773763 -5.060134 22.786209
-5.161895 -4.854712 23.046448
0.225252 -4.665107 16.472965
-0.470634 -3.931747 17.532328
-1.752705 -3.848768 18.363440
-2.864961 -4.906224 22.202909
-6.213657 -6.251646 24.763407
-6.864949 -6.514434 25.124950
-5.220199 -4.738340 23.211058
-4.733819 -5.398461 22.710054
-4.529305 -5.209282 22.509319
-4.576019 -5.218412 22.593477
-1.312350 -4.636159 20.045321
-1.342353 -4.422802 19.662380
-0.420345 -4.257508 18.405369
-2.330734 -4.078020 19.474739
0.182314 -3.912192 16.685215
-6.656898 -6.303040 24.886707
-6.839937 -6.761215 25.344795
-2.257818 -4.688209 21.155798
-6.786400 -6.735905 25.275185
-6.577338 -4.490092 23.827047
-3.489272 -4.834363 22.507124
-5.758270 -5.184361 23.051117
-6.779581 -6.264939 24.874466
-6.273743 -5.136792 23.355425
-6.818214 -5.781677 24.952707
-1.724824 -5.051894 21.732752
-1.849673 -4.482126 20.257719
-6.423254 -4.954144 23.473328
-6.065389 -4.655863 23.529354
-1.317607 -4.607654 20.428659
-4.132967 -4.618236 22.044695
-6.554175 -4.561835 23.793690
-4.834360 -5.245637 22.690866
-7.320122 -6.073370 25.024590
-2.965578 -4.624197 21.595257
-5.832318 -4.846277 23.206835
-6.538601 -5.050913 23.490088
-6.483187 -5.429109 23.616983
-6.695319 -4.523477 23.872997
-2.443750 -5.387979 22.347946
-1.256613 -4.660490 20.053581
-1.346292 -4.903203 20.597507
-1.583057 -4.891120 21.131302
-1.412331 -5.365413 20.651840
-2.001992 -4.062424 19.224901
-2.245168 -4.080507 19.455866
-1.061132 -4.679460 19.908089
-0.964757 -4.462017 19.328110
-0.983046 -4.466054 19.401983
-1.924274 -3.950872 18.828678
-1.525427 -4.109728 18.942112
-1.106808 -4.459761 19.549347
-5.558923 -4.823409 23.180794
-5.537059 -5.135784 23.000877
-4.049384 -5.843348 22.601669
-5.635963 -4.748453 23.289419
-6.218327 -6.481527 24.818905
-5.567369 -5.161309 23.037374
-2.225674 -4.180424 19.648581
-5.602788 -4.813660 23.151230
-5.533295 -4.313111 22.658010
-5.019183 -4.747806 23.040737
-3.409112 -4.657004 21.515730
-2.953241 -4.462298 21.038427
-5.850150 -6.421715 24.505217
-5.162444 -4.733222 23.105953
-2.998175 -6.686604 22.413645
-2.304185 -6.463182 21.471798
-4.746137 -5.441361 22.861702
-4.785082 -5.062207 22.812748
-4.596557 -5.475358 22.329000
-4.733150 -5.052352 22.729149
-7.408451 -6.595742 25.446033
-6.875502 -6.229476 24.954252
-6.587202 -5.956924 24.882202
-0.729014 -4.383438 18.909792
-1.448311 -5.848326 20.575123
-2.344678 -4.330477 20.329041
-4.854158 -4.429846 22.497923
-1.639612 -4.271812 19.437132
-5.131351 -4.939487 23.052988
-4.927065 -4.990152 22.883997
-4.759947 -4.716755 22.946325
-3.012511 -4.475794 21.194057
-0.195014 -4.048267 17.598715
-1.947768 -4.772255 21.150328
-2.968512 -4.568888 21.370096
-2.495168 -5.118600 22.451586
-2.043796 -5.104450 22.190851
-2.585221 -4.873619 21.873106
-3.402422 -4.553032 21.611231
-6.711911 -5.429322 23.499310
-4.982422 -4.697986 23.024292
-4.073081 -4.292315 21.577332
-6.536819 -5.576558 23.614958
-6.666929 -5.538702 24.190535
-4.853087 -5.048117 22.784838
-6.366379 -5.765679 24.691917
-3.269064 -5.034137 22.050724
-5.867579 -6.513989 24.683100
-4.481752 -5.609250 25.783520
-6.428097 -4.905988 23.549341
-3.208239 -4.477925 21.409401
-4.686837 -4.449296 22.388866
-3.861902 -4.345632 21.678083
-5.296357 -4.396588 22.786242
-4.164905 -4.408343 21.868206
-2.123445 -4.625034 20.957270
-1.671404 -5.029689 21.523619
-1.970655 -4.978597 21.737740
-2.490992 -6.172955 22.322735
-2.650829 -4.448040 20.909527
-5.103585 -4.933815 23.038603
-8.147036 -6.216804 25.416052
-2.205888 -4.696195 21.202372
-6.482242 -5.388436 23.506702
-6.309958 -5.016229 23.271179
-6.314371 -4.984188 23.433451
-6.584536 -5.536138 23.426380
-3.173292 -4.231130 20.641567
-6.510009 -4.396249 23.586256
-6.821735 -4.523763 24.019403
-4.603932 -4.216147 21.744184
-3.075999 -4.235740 20.441374
-1.397809 -5.345403 20.569561
-1.722402 -5.054699 21.762968
-6.252801 -4.862903 23.605532
-5.537166 -4.317099 22.679079
-2.240971 -5.914363 21.980448
-3.136958 -4.294040 20.830889
-5.794900 -4.860435 23.290352
-7.004339 -5.921330 24.605377
-3.693417 -4.877498 21.589584
-2.481915 -5.027159 22.111559
-2.548646 -6.227446 22.516048
-5.483707 -4.803653 23.144936
-5.559474 -5.238298 23.009636
-2.659103 -4.749624 21.684278
-3.188639 -4.522535 21.523256
-6.535416 -4.985624 23.733782
-6.600007 -5.558452 23.537960
-3.616314 -4.377108 21.482906
-1.984239 -4.783448 21.315365
-4.651417 -4.107955 21.532646
-1.999244 -5.113523 21.263893
-5.012909 -4.310084 22.352699
-6.819426 -4.497623 24.130920
-6.278922 -4.777300 23.571062
-3.857202 -4.397232 21.665373
-3.778568 -4.329292 21.459461
-6.906679 -5.893720 24.410385
-8.110026 -6.075925 25.473288
-4.608898 -4.315326 22.053373
-2.142640 -4.918101 21.737949
-6.735435 -4.493171 24.023083
-4.952767 -4.697446 23.033163
-6.683001 -4.492757 23.958317
-3.508669 -4.340631 21.308542
-3.187335 -4.680676 21.924395
-4.232692 -4.408557 21.978329
-4.237350 -4.654043 22.157810
-2.438215 -5.399230 22.320841
-5.139019 -4.871807 23.018501
-5.252937 -5.265460 22.908669
-5.861030 -6.444547 24.570185
-7.349758 -6.017895 25.122028
-6.501102 -4.818039 23.680447
-3.035184 -5.526140 23.242460
-6.085115 -5.146645 23.224512
-5.702819 -6.152800 24.322969
-7.511991 -6.347910 25.110487
-6.639491 -4.489356 23.903303
-7.050816 -6.005894 24.679785
-5.937780 -4.912157 23.453518
-4.112495 -4.506890 22.150682
-2.989985 -4.624754 21.638081
-2.946056 -4.515553 21.318771
-3.302140 -4.677189 22.088179
-2.171891 -4.700727 21.212107
-1.651757 -4.700202 20.932192
-2.229347 -4.883227 21.634190
-2.801350 -5.169282 22.659725
-2.414129 -5.111175 22.082886
-5.504749 -4.958817 23.106497
-7.537748 -5.919771 24.592922
