ply
format ascii 1.0
element vertex 4546
property float x
property float y
property float z
end_header
-0.423373 -0.198345 1.269286
-0.296110 -0.048063 0.489830
-0.307043 -0.127977 1.034880
-0.300290 -0.044517 0.665657
-0.308274 -0.093492 0.557315
-0.331454 -0.057230 0.797958
-0.139164 -0.281063 0.952844
-0.291338 -0.033909 0.715701
-0.379049 -0.056448 0.668755
-0.272222 -0.147035 0.575502
-0.694429 -0.359597 1.082120
-0.691845 -0.364189 1.088763
-0.277434 -0.156472 0.537403
-0.708252 -0.385690 1.095463
-0.358762 -0.052562 0.653372
-0.331981 -0.095226 0.630062
-0.362934 -0.092046 0.652622
-0.352695 -0.090166 0.641814
-0.353926 -0.082414 0.885173
-0.356048 -0.084206 0.902567
-0.338170 -0.085053 0.883516
-0.335823 -0.086452 0.900312
-0.402823 -0.083310 0.814088
-0.515702 -0.197244 1.241684
-0.334481 -0.122169 0.684566
-0.536091 -0.192153 1.218428
-0.403147 -0.090769 0.820541
-0.147572 -0.614805 2.248492
-0.098221 -0.343188 1.738418
-0.204245 -0.553784 2.416384
-0.152322 -0.680378 2.935269
-0.285094 -0.560516 2.333729
-0.304940 -0.577401 2.431199
-0.280932 -0.531184 2.319200
-0.142092 -0.910661 2.505472
-0.153322 -0.072720 0.847599
-0.168011 -0.035253 0.701567
-0.154743 -0.031087 0.700261
-0.208213 -0.049811 0.763704
-0.247294 -0.085782 0.889853
-0.257535 -0.082125 0.877623
-0.058562 -0.127897 1.011758
-0.284466 -0.430415 2.252469
-0.165187 -0.120639 1.010637
-0.385818 -0.070112 0.782842
-0.072511 -0.186009 1.195715
-0.299795 -0.037629 0.688109
-0.683731 -0.385989 1.072173
-0.707091 -0.404577 1.094586
-0.198555 -0.083253 0.892433
-0.372221 -0.235029 1.383153
-0.381051 -0.236308 1.433273
-0.502366 -0.192754 1.248077
-0.506674 -0.190440 1.244724
-0.162132 -0.049197 0.798035
-0.275769 -0.149079 1.115981
-0.361394 -0.032662 0.784700
-0.139982 -0.590315 2.144058
-0.124488 -0.164215 1.125662
-0.122752 -0.150569 1.081310
-0.287926 -0.373368 1.819981
-0.292468 -0.332468 1.724738
-0.221026 -0.106311 0.942725
-0.316879 -0.185604 1.228324
-0.305680 -0.176927 1.192887
-0.291453 -0.030375 0.669102
-0.298149 -0.037297 0.653955
-0.305335 -0.094971 0.628474
-0.383365 -0.063113 0.782335
-0.337984 -0.113570 0.686431
-0.687310 -0.344049 1.072166
-0.699036 -0.340165 1.093193
-0.158531 -0.904502 3.220187
-0.054468 -0.124889 1.034124
-0.043721 -0.116260 1.011040
-0.144092 -0.506327 2.364696
-0.110796 -0.397406 1.939551
-0.159947 -0.541711 2.378714
-0.125146 -0.169518 1.119903
-0.296398 -0.539443 1.602436
-0.123217 -0.027059 0.642488
-0.325061 -0.289160 1.578999
-0.194719 -0.076719 0.893481
-0.379208 -0.309758 1.728445
-0.357104 -0.251970 1.462977
-0.219249 -0.072730 0.839307
-0.221413 -0.067950 0.824370
-0.456291 -0.149195 1.098976
-0.428910 -0.119149 1.012210
-0.411731 -0.107498 0.964750
-0.306638 -0.044888 0.685511
-0.297928 -0.039937 0.668985
-0.377531 -0.065648 0.851536
-0.299524 -0.049212 0.671376
-0.460412 -0.134469 0.988082
-0.365073 -0.108995 0.735733
-0.158195 -0.669812 2.858929
-0.123884 -0.151950 1.145715
-0.275145 -0.524349 2.374752
-0.145273 -0.070824 0.829065
-0.220719 -0.184207 1.221654
-0.341137 -0.525903 1.743027
-0.309079 -0.469234 1.568763
-0.393931 -0.286864 1.531457
-1.032852 -0.270944 3.679004
-0.218655 -0.041161 0.734620
-0.281500 -0.093169 0.851008
-0.375375 -0.091078 0.871965
-0.349102 -0.071672 0.797716
-0.555799 -0.187813 1.208763
-0.306668 -0.171208 0.667947
-0.282758 -0.111913 0.593707
-0.420783 -0.187841 0.797743
-0.416330 -0.182868 0.784648
-0.361050 -0.040370 0.666574
-0.360740 -0.055859 0.669030
-0.355831 -0.085834 0.652953
-0.364109 -0.089736 0.655478
-0.678151 -0.353838 1.066417
-0.728085 -0.369384 1.144822
-0.141783 -0.872160 2.434509
-0.142571 -0.757421 2.344081
-0.161473 -0.581431 2.423626
-0.146307 -0.492646 2.195867
-0.179815 -0.490516 2.249786
-0.266319 -0.826946 2.316483
-0.292692 -0.240928 2.753914
-0.269064 -0.693900 2.279853
-0.303346 -0.497001 2.288878
-0.294783 -0.500517 2.302402
-0.130407 -0.072699 0.858977
-0.180960 -0.149907 1.113447
-0.302760 -0.484612 1.617860
-0.164399 -0.077679 0.866675
-0.146192 -0.041154 0.730253
-0.315988 -0.465143 1.575760
-0.160814 -0.033172 0.711557
-0.307965 -0.229370 1.302099
-0.346468 -0.263443 1.491504
-0.203584 -0.066932 0.824883
-0.356379 -0.280465 1.462665
-0.356627 -0.270391 1.456926
-0.246026 -0.124536 1.025688
-0.215065 -0.059597 0.799008
-0.235146 -0.087735 0.892516
-0.196972 -0.033863 0.714405
-0.256227 -0.077352 0.855576
-0.366900 -0.174484 1.216761
-0.244591 -0.026880 0.693769
-0.295448 -0.066989 0.820886
-0.296932 -0.062874 0.808073
-0.373628 -0.119423 1.007132
-0.287774 -0.034042 0.675806
-0.301005 -0.028143 0.674440
-0.493569 -0.180428 1.117973
-0.466310 -0.117876 1.002280
-0.455755 -0.104207 0.966096
-0.416498 -0.119434 0.884249
-0.403527 -0.086920 0.814968
-0.311418 -0.096236 0.610359
-0.294481 -0.065992 0.484307
-0.716984 -0.372221 1.113148
-0.715955 -0.394948 1.105022
-0.713304 -0.399620 1.105732
-0.038898 -0.150275 1.023052
-0.397797 -0.068477 0.805888
-0.681017 -0.390429 1.069208
-0.334987 -0.061103 0.633817
-0.309516 -0.046134 0.580800
-0.291551 -0.072304 0.710324
-0.313418 -0.064718 0.654959
-0.408377 -0.170668 1.111846
-0.262454 -0.143848 1.136613
-0.270209 -0.090039 0.829585
-0.256034 -0.090308 0.861648
-0.020578 -0.146752 1.461646
-0.112021 -0.166719 1.116127
-0.225134 -0.119148 1.008168
-0.280916 -0.026198 0.508908
-0.109925 -0.071487 1.006600
-0.151254 -0.132246 1.188426
-0.154808 -0.121775 1.149132
-0.402722 -0.162728 1.061683
-0.338232 -0.103627 0.724408
-0.344359 -0.104260 0.742099
-0.141292 -0.059388 0.853036
-0.211737 -0.140211 1.158392
-0.180925 -0.046887 0.763716
-0.302788 -0.176882 1.228218
-0.332486 -0.171501 1.266436
-0.248243 -0.058123 0.743439
-0.284974 -0.086436 0.796711
-0.275766 -0.058260 0.689780
-0.400075 -0.141291 0.945241
-0.345655 -0.086689 0.741373
-0.351980 -0.089804 0.758772
-0.303027 -0.089084 0.614974
-0.345944 -0.067139 0.605913
-0.315878 -0.056816 0.545375
-0.318973 -0.071807 0.543401
-0.023219 -0.060598 1.123779
-0.180304 -0.099154 1.092930
-0.151500 -0.059515 0.881434
-0.178438 -0.092558 1.053617
-0.318449 -0.091674 0.611635
-0.214313 -0.143636 1.145679
-0.036587 -0.290438 1.153648
-0.284856 -0.142931 1.166975
-0.321118 -0.176748 1.298837
-0.362512 -0.169603 1.142941
-0.343451 -0.146716 1.095463
-0.381621 -0.157373 1.063935
-0.342873 -0.124618 0.925777
-0.356584 -0.123360 0.902364
-0.433725 -0.176097 1.094291
-0.316803 -0.076315 0.610449
-0.230739 -0.124918 1.018231
-0.190666 -0.157447 1.309095
-0.225892 -0.127339 1.027166
-0.212287 -0.043980 0.700354
-0.015776 -0.164853 1.470847
-0.223188 -0.400211 1.142785
-0.507733 -0.134648 0.840583
-0.412179 -0.262319 0.847163
-0.363961 -0.195459 0.893505
-0.364890 -0.241032 1.040896
-0.375923 -0.232496 0.858318
-0.392231 -0.257049 0.894833
-0.410359 -0.283113 0.872181
-0.359587 -0.166693 0.915548
-0.253697 -0.299712 1.052072
-0.185754 -0.279683 1.003743
-0.166479 -0.169426 0.767057
-0.224122 -0.318148 1.113146
-0.170362 -0.325476 1.006746
-0.139524 -0.363152 1.124524
-0.194460 -0.146715 0.813766
-0.237292 -0.155563 0.858861
-0.310048 -0.351419 1.146945
-0.303546 -0.215572 1.065467
-0.081560 -0.273998 0.979227
-0.257598 -0.362338 1.202736
-0.301011 -0.351190 1.166582
-0.122553 -0.274250 1.028602
-0.289101 -0.379915 1.239653
-0.163114 -0.137681 0.783860
-0.183534 -0.176631 0.769259
-0.220867 -0.214728 0.846720
-0.155600 -0.185665 0.759056
-0.247926 -0.162427 0.882638
-0.226468 -0.155370 0.834843
-0.038180 -0.285971 1.023412
-0.304600 -0.290232 1.124484
-0.413350 -0.241178 0.879199
-0.412435 -0.235772 0.859270
-0.155738 -0.386349 1.179050
-0.136157 -0.322225 0.998884
-0.211198 -0.331259 1.114463
-0.235231 -0.354744 1.165441
-0.241469 -0.347984 1.164717
-0.181339 -0.141939 0.807466
-0.209103 -0.144567 0.810435
-0.203615 -0.153271 0.811077
-0.360219 -0.221959 0.842950
-0.402340 -0.273914 0.876629
-0.032934 -0.073728 0.423018
-0.114466 -0.314974 1.023908
-0.164319 -0.325360 0.996933
-0.171033 -0.148052 0.774695
-0.307546 -0.275225 1.075080
-0.361885 -0.176878 0.899176
-0.356815 -0.231525 0.867283
-0.410247 -0.276536 0.914362
-0.445135 -0.165977 0.845258
-0.282083 -0.378468 1.208253
-0.172151 -0.389679 1.081326
-0.210158 -0.198906 0.813258
-0.211710 -0.201291 0.791335
-0.051095 -0.362688 1.011620
-0.105427 -0.275290 0.960203
-0.238484 -0.412218 1.157350
-0.243265 -0.403146 1.161573
-0.249570 -0.404693 1.175957
-0.251158 -0.347876 1.142795
-0.171541 -0.156718 0.768439
-0.284745 -0.386357 1.253342
-0.204749 -0.212739 0.833569
-0.310653 -0.300632 1.114754
-0.245556 -0.211083 0.865833
-0.420629 -0.310052 0.896395
-0.413370 -0.297107 0.873159
-0.034283 -0.312377 1.086776
-0.039171 -0.370763 1.030268
-0.074650 -0.271469 0.902460
-0.112579 -0.364314 1.190339
-0.100952 -0.322558 0.982224
-0.127230 -0.339569 1.084711
-0.122627 -0.277366 1.019178
-0.169604 -0.356796 1.087160
-0.080661 -0.093264 0.482818
-0.148098 -0.073106 0.841579
-0.183932 -0.041419 0.741329
-0.290777 -0.036667 0.668076
-0.058774 -0.030168 0.715288
-0.343128 -0.040076 0.611572
-0.372582 -0.041647 0.662444
-0.345767 -0.039446 0.594984
-0.138087 -0.036249 0.699316
-0.244200 -0.029334 0.695896
-0.365564 -0.036315 0.655639
-0.090569 -0.073063 0.853130
-0.313940 -0.054134 0.533240
-0.358015 -0.050177 0.651914
-0.159464 -0.052543 0.768544
-0.188038 -0.029285 0.694596
-0.148252 -0.037467 0.757419
-0.046145 -0.112492 0.954161
-0.122287 -0.028008 0.632867
-0.042763 -0.129716 0.872241
-0.147792 -0.073702 0.871034
-0.181877 -0.041009 0.732823
-0.304260 -0.031747 0.519853
-0.291306 -0.102274 0.475068
-0.288321 -0.032205 0.658477
-0.318092 -0.108225 0.654480
-0.290584 -0.052491 0.594524
-0.170796 -0.059984 0.810630
-0.326716 -0.044512 0.555188
-0.385037 -0.047191 0.656501
-0.342248 -0.042969 0.635670
-0.378928 -0.042421 0.672928
-0.124950 -0.071374 0.232586
-0.287087 -0.034799 0.644508
-0.322139 -0.052127 0.599063
-0.152440 -0.043140 0.763153
-0.169143 -0.050393 0.837622
-0.262819 -0.037253 0.594289
-0.381211 -0.042467 0.678501
-0.289061 -0.065018 0.475442
-0.293024 -0.047980 0.484775
-0.382564 -0.036967 0.685562
-0.081975 -0.162502 1.075402
-0.322663 -0.050789 0.670986
-0.218100 -0.117339 0.996481
-0.149686 -0.074028 0.853888
-0.134775 -0.030313 0.701282
-0.190370 -0.033361 0.689730
-0.123974 -0.070719 0.230946
-0.139502 -0.044721 0.676268
-0.324496 -0.038285 0.553312
-0.284051 -0.135639 0.471887
-0.193710 -0.080659 0.872334
-0.286081 -0.113045 0.470494
-0.366584 -0.045311 0.679335
-0.289319 -0.035599 0.673595
-0.297055 -0.037889 0.683545
-0.366516 -0.045443 0.692273
-0.059103 -0.170920 1.148533
-0.362583 -0.051132 0.660527
-0.306233 -0.036921 0.685316
-0.308836 -0.035103 0.690212
-0.054315 -0.158578 1.038014
-0.162812 -0.055270 0.778918
-0.280597 -0.030330 0.481107
-0.305531 -0.034803 0.682768
-0.288458 -0.028252 0.682514
-0.296603 -0.036008 0.663358
-0.371282 -0.045655 0.687548
-0.138726 -0.037132 0.699961
-0.365198 -0.046975 0.673729
-0.283382 -0.111843 0.466244
-0.298718 -0.041518 0.678435
-0.379645 -0.040845 0.676846
-0.174538 -0.041276 0.717019
-0.218081 -0.042570 0.750790
-0.101459 -0.082114 0.909832
-0.052170 -0.166682 1.173689
-0.056315 -0.167325 1.118052
-0.057367 -0.140503 0.998375
-0.284301 -0.031251 0.671876
-0.047757 -0.158118 1.074653
-0.292254 -0.033519 0.669959
-0.056398 -0.044629 0.528489
-0.272190 -0.029524 0.466914
-0.062854 -0.163652 1.088821
-0.153631 -0.044850 0.762219
-0.342358 -0.053393 0.711648
-0.124111 -0.168784 1.118584
-0.353593 -0.073788 0.652303
-0.364984 -0.083850 0.667577
-0.216785 -0.064134 0.834915
-0.378193 -0.068036 0.776125
-0.326784 -0.084093 0.670149
-0.352907 -0.087021 0.637146
-0.242357 -0.074600 0.848654
-0.133700 -0.165444 1.249280
-0.251150 -0.077831 0.978882
-0.221201 -0.071775 0.848733
-0.297602 -0.081392 0.610666
-0.366172 -0.089520 0.659533
-0.287310 -0.137172 0.476839
-0.355727 -0.075660 0.656225
-0.071397 -0.176276 1.178132
-0.352764 -0.084693 0.646662
-0.605909 -0.296394 1.429323
-0.631907 -0.326917 1.464640
-0.318309 -0.188811 1.225908
-0.291642 -0.532998 1.569709
-0.292837 -0.529628 1.590647
-0.333195 -0.111746 0.670505
-0.425721 -0.379675 1.671979
-0.365025 -0.321512 1.444827
-0.273898 -0.107667 0.577031
-0.343543 -0.053671 0.688703
-0.349704 -0.058983 0.725933
-0.295484 -0.091437 0.904027
-0.270961 -0.136615 0.543976
-0.735369 -0.390285 1.155866
-0.186826 -0.073478 0.857674
-0.202837 -0.168768 1.181914
-0.261602 -0.120384 1.006623
-0.332793 -0.111803 0.679404
-0.271602 -0.136722 0.544926
-0.385269 -0.091208 0.898193
-0.463417 -0.165571 0.976570
-1.490482 -0.838170 2.726274
-0.558591 -0.386924 1.408518
-0.284829 -0.559943 2.290571
-0.423467 -0.567762 1.633540
-0.497553 -0.375844 1.569028
-0.508564 -0.350147 1.485312
-0.474454 -0.546131 1.596993
-0.819532 -0.422476 3.403980
-0.475708 -0.164430 1.154100
-0.384070 -0.165406 1.154019
-0.585143 -0.223774 1.264611
-0.588044 -0.224243 1.268924
-0.268341 -0.143322 1.091629
-0.495781 -0.203419 1.234231
-0.469125 -0.300716 1.730636
-0.272414 -0.544153 2.390996
-0.303910 -0.099154 0.570893
-0.650406 -0.312429 1.509402
-0.449684 -0.237969 0.942789
-0.097875 -0.131276 0.564512
-0.017636 -0.173420 1.490467
-0.319210 -0.064676 0.633591
-0.016676 -0.118445 1.451084
-0.207765 -0.061741 0.787187
-0.019155 -0.146746 1.447458
-0.380710 -0.054949 0.691815
-0.372116 -0.090146 0.760017
-0.391863 -0.392670 1.523785
-0.285015 -0.676538 2.316482
-0.338754 -0.286686 1.588809
-0.344740 -0.311719 1.471248
-0.515778 -0.257786 1.463804
-0.320013 -0.505468 1.493982
-0.304800 -0.255349 1.724652
-0.285827 -0.469593 1.813480
-0.314083 -0.532089 2.144743
-0.488384 -0.269339 1.515473
-0.555917 -0.284101 1.445915
-0.533354 -0.272635 1.450101
-0.278067 -0.152387 1.116531
-0.222394 -0.072445 0.854104
-0.073127 -0.172893 1.169346
-0.262230 -0.136199 1.082184
-0.311527 -0.094317 0.563000
-0.238387 -0.057707 0.801385
-0.447674 -0.182382 2.050447
-0.356622 -0.078939 0.655133
-0.355682 -0.076282 0.657218
-0.301044 -0.039931 0.680313
-0.374535 -0.059355 0.695978
-0.278114 -0.142997 0.467757
-0.244692 -0.053437 0.745298
-0.387800 -0.068355 0.794706
-0.230179 -0.056918 0.795523
-0.297158 -0.040221 0.681187
-0.171062 -0.110808 0.971129
-0.278027 -0.142918 0.467696
-0.167287 -0.061597 0.781120
-0.282307 -0.165299 0.545556
-0.418706 -0.151572 0.852761
-0.073252 -0.169285 1.148197
-0.284443 -0.112587 0.595290
-0.272245 -0.122687 0.547660
-0.309969 -0.093890 0.559590
-0.412816 -0.061679 0.788437
-0.343733 -0.054211 0.657991
-0.342338 -0.130099 0.701279
-0.504312 -0.193755 1.260758
-0.385315 -0.165434 1.158076
-0.371154 -0.468328 1.447345
-0.355704 -0.488930 1.501747
-0.335086 -0.452958 1.412565
-0.385049 -0.280714 1.485588
-0.658288 -0.285066 1.460363
-0.443020 -0.132807 1.054706
-0.266018 -0.113189 0.973494
-0.199300 -0.850162 3.601830
-0.445286 -0.119722 1.008279
-0.358199 -0.121544 1.025481
-0.557886 -0.360830 1.355876
-0.553389 -0.330445 1.435544
-0.569355 -0.366512 1.378946
-0.575526 -0.366470 1.398398
-0.584264 -0.344170 1.430408
-0.550139 -0.330652 1.428097
-0.453598 -0.514057 1.676112
-0.452230 -0.515092 1.692303
-0.313797 -0.078201 0.672060
-0.346319 -0.091453 0.745300
-0.300023 -0.074286 0.755910
-0.113974 -0.095889 1.014395
-0.046196 -0.080269 1.164148
-0.279111 -0.037625 0.561988
-0.047925 -0.082044 1.183946
-0.164774 -0.043497 0.755893
-0.332370 -0.111699 0.669347
-0.321579 -0.090891 0.978532
-0.217093 -0.101503 0.936417
-0.220299 -0.079186 1.042094
-0.313709 -0.099792 0.620952
-0.271426 -0.146995 0.574746
-0.242199 -0.121840 1.013729
-0.293693 -0.325626 1.701042
-0.457501 -0.143866 1.096050
-0.538054 -0.331440 1.433868
-0.563229 -0.181469 1.201941
-0.450277 -0.131602 1.068950
-0.561266 -0.324558 1.408087
-0.590948 -0.340145 1.441380
-0.380128 -0.072516 0.863736
-0.286882 -0.136963 0.475730
-0.153439 -0.055255 0.720324
-0.291705 -0.155923 0.578512
-0.018983 -0.147820 1.472951
-0.531794 -0.430790 1.716397
-0.452251 -0.502797 1.696986
-0.206590 -0.090930 0.917797
-0.308326 -0.159515 1.120497
-0.489021 -0.338211 1.430743
-0.908874 -0.547521 1.704707
-0.284811 -0.544631 2.251079
-0.907355 -0.486854 1.578085
-0.536167 -0.320372 1.440289
-0.380601 -0.066332 0.785643
-0.205643 -0.067695 0.832505
-0.323075 -0.108281 0.663842
-0.312369 -0.163356 0.561526
-0.274153 -0.053106 0.837996
-0.313107 -0.072988 0.530346
-0.338662 -0.053539 0.647413
-0.363515 -0.045858 0.627270
-0.445940 -0.129482 0.952928
-0.347427 -0.156053 0.661151
-0.310444 -0.094718 0.634785
-0.295580 -0.656395 2.499216
-0.490479 -0.319052 1.476049
-0.330775 -0.197392 1.269157
-0.346221 -0.312542 1.486903
-0.549270 -0.192063 1.222566
-0.315971 -0.484096 1.606114
-0.308957 -0.488534 1.448062
-0.317046 -0.107967 0.641294
-0.367642 -0.071577 0.836369
-0.315206 -0.097017 0.647543
-0.259257 -0.078072 0.866175
-0.301512 -0.072127 0.846057
-0.362915 -0.089479 0.657967
-0.320272 -0.073515 0.862376
-0.159631 -0.048918 0.778349
-0.302652 -0.076300 0.616561
-0.129928 -0.059400 0.874082
-0.566952 -0.307896 1.439795
-0.485211 -0.406629 1.591620
-0.588212 -0.289527 1.449432
-0.413722 -0.107485 0.969012
-0.418883 -0.185856 1.259520
-0.356793 -0.124049 1.023843
-0.374538 -0.065383 0.772808
-0.200047 -0.166265 1.161121
-0.341443 -0.052953 0.651151
-0.339475 -0.042911 0.630606
-0.409237 -0.049358 0.704374
-0.272635 -0.146990 0.576052
-0.237096 -0.073056 0.844302
-0.153071 -0.085579 0.893731
-0.357277 -0.089327 0.648507
-0.331198 -0.453381 1.393981
-0.329627 -0.451724 1.388171
-0.314489 -0.099532 0.621577
-0.300555 -0.567803 2.306539
-0.336648 -0.454141 1.419721
-0.314582 -0.516710 1.518978
-0.330025 -0.453023 1.392326
-0.330141 -0.454991 1.413748
-0.546133 -0.187824 1.190400
-0.286473 -0.360094 1.806478
-0.419759 -0.192333 1.259362
-0.300703 -0.437702 2.414158
-0.404128 -0.160341 1.137759
-0.226805 -0.088885 0.900199
-0.273542 -0.619168 1.765657
-0.141042 -0.763161 2.333021
-0.278759 -0.087510 0.844608
-0.332953 -0.084656 0.606700
-0.274458 -0.161545 0.533623
-0.123330 -0.100885 0.807831
-0.215226 -0.091676 0.961593
-0.523077 -0.192397 1.210157
-0.236417 -0.551143 2.404504
-0.524823 -0.193303 1.217287
-0.121419 -0.104195 1.129893
-0.291229 -0.103516 0.865458
-0.125544 -0.171236 1.131051
-0.311102 -0.059856 0.806004
-0.414290 -0.085990 0.812093
-0.886258 -0.511219 1.580530
-0.574882 -0.314268 1.459477
-0.564661 -0.407019 1.418666
-0.535663 -0.316583 1.454893
-0.354010 -0.075907 0.653620
-0.408399 -0.122546 0.873294
-0.394464 -0.082833 0.797931
-0.192815 -0.074534 0.891617
-0.374996 -0.063739 0.761149
-0.211773 -0.103133 0.897995
-0.384091 -0.070004 0.779209
-0.358463 -0.058366 0.667593
-0.395011 -0.082013 0.904269
-0.233903 -0.164111 1.147253
-0.252056 -0.080120 0.876144
-0.067817 -0.161967 1.075973
-0.299946 -0.079245 0.614376
-0.336149 -0.049394 0.658605
-0.319511 -0.049717 0.664141
-0.356800 -0.086243 0.643307
-0.330332 -0.050667 0.684898
-0.306158 -0.099636 0.573972
-0.152021 -0.074961 0.873110
-0.311040 -0.099837 0.616495
-0.311931 -0.107461 0.634627
-0.332734 -0.109279 0.676034
-0.312321 -0.105913 0.643646
-0.215047 -0.067215 0.832132
-0.284912 -0.112857 0.596567
-0.306680 -0.059395 0.794806
-0.486264 -0.256179 1.453646
-0.343052 -0.287867 1.618741
-0.360445 -0.282634 1.484461
-0.477521 -0.277733 1.470746
-0.778652 -0.490481 1.571255
-0.757666 -0.512276 1.574024
-0.461117 -0.308627 1.670428
-0.314404 -0.118213 1.005174
-0.272023 -0.749994 2.337114
-0.489878 -0.303982 1.644317
-0.480163 -0.262427 1.485699
-0.263115 -0.070730 0.798165
-0.277234 -0.156362 0.536102
-0.427592 -0.109218 0.998822
-0.372735 -0.116190 1.131504
-0.235372 -0.166024 1.162183
-0.210136 -0.062993 0.817465
-0.122316 -0.310602 1.660910
-0.328742 -0.109874 0.677280
-0.271977 -0.140276 0.467516
-0.355849 -0.090851 0.647257
-0.314653 -0.099764 0.622265
-0.192756 -0.063414 0.853561
-0.022959 -0.107067 1.422332
-0.305596 -0.140603 0.575243
-0.284019 -0.073100 0.722193
-0.210737 -0.061921 0.799155
-0.327936 -0.068275 0.703181
-0.441221 -0.132430 1.050672
-0.480774 -0.217557 1.444707
-0.393246 -0.197910 1.271523
-0.137490 -0.151929 1.124134
-0.253605 -0.095751 0.569620
-0.472162 -0.344512 1.667869
-0.439467 -0.565157 1.628173
-0.477036 -0.162352 1.014191
-0.230021 -0.149893 1.102808
-0.263700 -0.154269 0.538241
-0.263523 -0.109255 0.522464
-0.283507 -0.111520 0.591297
-0.268583 -0.121525 0.540243
-0.114986 -0.156565 1.094727
-0.197171 -0.079609 0.897561
-0.272165 -0.118893 1.004171
-0.183002 -0.151772 1.108960
-0.190978 -0.150323 1.110378
-0.542312 -0.192216 1.223122
-0.636915 -0.294158 1.476737
0.199163 -0.183055 2.245160
-0.273574 -0.160019 0.523528
-0.381650 -0.081944 0.875843
-0.262668 -0.185038 0.579007
-0.203066 -0.083845 0.918884
-0.228895 -0.088509 0.892362
-0.512462 -0.200451 1.286656
-0.258323 -0.166911 1.158831
-0.280515 -0.361946 1.790789
-0.283300 -0.374621 1.766194
-0.293193 -0.435077 2.303134
-0.200748 -0.090855 0.876533
-0.293722 -0.436650 2.310597
-0.424201 -0.114188 0.996834
-0.437335 -0.092311 0.918038
-0.735207 -0.469761 1.519472
-0.652708 -0.297923 1.425322
-0.718990 -0.455059 1.535234
-0.318057 -0.496440 1.465677
-0.456401 -0.449334 1.731436
-0.563891 -0.314085 1.405379
-0.496257 -0.327384 1.465151
-0.460030 -0.134380 0.986879
-0.322798 -0.093985 0.922198
-0.299569 -0.169042 1.186078
-0.677718 -0.383184 1.063285
-0.261293 -0.190957 0.579053
-0.252720 -0.211788 1.312289
-0.269198 -0.118550 0.543790
-0.341861 -0.130225 0.703066
-0.099497 -0.168015 1.102258
-0.378920 -0.066265 0.765671
-0.271104 -0.062743 0.809935
-0.267736 -0.145684 0.568535
-0.353593 -0.057913 0.659697
-0.383914 -0.062622 0.793966
-0.285448 -0.113028 0.604592
-0.315948 -0.072098 0.845615
-0.229095 -0.068570 0.790721
-0.397535 -0.137601 0.910021
-0.312439 -0.097395 0.805842
-0.181778 -0.099601 1.100919
-0.183010 -0.074587 0.931450
-0.277795 -0.112397 0.592185
-0.288083 -0.406747 1.802869
-0.366944 -0.214146 1.317746
-0.248777 -0.125495 1.038544
-0.117543 -0.156073 1.075481
-0.312267 -0.099761 0.618568
-0.126283 -0.172015 1.136477
-0.110583 -0.198467 1.324433
-0.108606 -0.192902 1.289529
-0.286082 -0.361343 1.807749
-0.318536 -0.523094 1.523228
-0.366453 -0.248016 1.437896
-0.486289 -0.192433 1.228736
-0.376381 -0.089118 0.872914
-0.304491 -0.091999 0.924527
-0.098519 -0.196637 1.363448
-0.301985 -0.117220 0.619898
-0.123309 -0.176513 1.159778
-0.129351 -0.154944 1.150702
-0.323618 -0.107992 0.663945
-0.259117 -0.112397 0.948614
-0.411112 -0.277217 0.916854
-0.249808 -0.413937 1.185523
-0.153844 -0.167229 0.760016
-0.231018 -0.203510 0.838438
-0.278229 -0.060934 0.580771
-0.414569 -0.295324 0.879217
-0.412108 -0.228187 0.858139
-0.181193 -0.052095 0.521133
-0.320455 -0.185724 1.251316
-0.293813 -0.166255 1.161278
-0.415888 -0.121528 1.031459
-0.146331 -0.120297 1.018240
-0.168641 -0.073547 0.845129
-0.093756 -0.075494 0.822144
-0.857033 -0.442329 1.414621
-0.216241 -0.087996 0.968644
-0.115100 -0.098674 1.037534
-0.221141 -0.084810 0.956235
-0.234894 -0.069671 0.817358
-0.302497 -0.088161 0.805728
-0.277433 -0.156581 0.536344
-0.205784 -0.093166 0.899111
-0.391593 -0.063075 0.776937
-0.289435 -0.370550 1.845449
-0.267455 -0.156629 0.512952
-0.200308 -0.167037 1.166476
-0.122604 -0.181244 1.174760
-0.249505 -0.079822 0.871222
-0.127135 -0.158465 1.211210
-0.096695 -0.308315 1.650417
-0.292884 -0.167028 0.643779
-0.317483 -0.091369 0.901591
-0.326359 -0.089349 0.913763
-0.184055 -0.071400 0.847101
-0.278151 -0.104092 0.948766
-0.091749 -0.072969 0.830485
-0.581338 -0.208978 1.328383
-0.285841 -0.319601 1.651805
-0.233880 -0.425804 2.322612
-0.248091 -0.578791 2.523793
-0.294520 -0.387524 1.878440
-0.263007 -0.594879 1.698556
-0.224261 -0.418524 2.223869
-0.182086 -0.521343 2.390565
-0.894888 -0.525187 1.475853
-0.775961 -0.420041 1.357623
-0.295119 -0.536369 1.590585
-0.256722 -0.119844 0.993274
-0.333037 -0.119523 1.006401
-0.463487 -0.135451 0.994671
-0.420359 -0.103892 0.979191
-0.361015 -0.478456 1.590341
-0.563211 -0.405571 1.492029
-0.502622 -0.280312 1.450022
-0.587788 -0.292180 1.421640
-0.537775 -0.414622 1.530369
-0.380611 -0.268673 1.635493
-0.517541 -0.192229 1.214416
-0.463918 -0.117861 0.997752
-0.159811 -0.551897 2.453845
-0.225757 -0.423339 2.241637
-0.907975 -0.542120 1.487189
-0.898451 -0.527313 1.481139
-0.309454 -0.313279 1.669946
-0.364497 -0.170502 1.171095
-0.372784 -0.251596 1.449543
-0.256998 -0.772929 2.217176
-0.283523 -0.114479 0.557925
-0.259661 -0.085207 0.905337
-0.270390 -0.147516 1.090235
-0.342469 -0.118446 1.036551
-0.335274 -0.120309 1.012098
-0.291076 -0.076268 0.849732
-0.233461 -0.112929 0.994857
-0.281252 -0.156698 1.120542
-0.330304 -0.075962 0.853058
-0.254650 -0.265293 1.509447
-0.314603 -0.119463 1.007308
-0.229639 -0.102353 1.011696
-0.319014 -0.188769 1.229510
-0.419535 -0.164418 1.145273
-0.218987 -0.182683 1.195866
-0.332118 -0.282822 1.570414
-0.311219 -0.355889 1.640904
-0.529227 -0.314572 1.243321
-0.583614 -0.331792 1.448868
-0.263579 -0.119332 1.005790
-0.220383 -0.161146 1.147786
-0.217232 -0.118023 0.995480
-0.119246 -0.145395 1.092764
-0.246394 -0.075172 0.858663
-0.236718 -0.078169 0.823869
-0.384985 -0.141784 0.719757
-0.304899 -0.533380 1.567379
-0.301871 -0.111953 0.623385
-0.275047 -0.107774 0.578273
-0.310505 -0.096038 0.627536
-0.402407 -0.256534 1.485696
-0.338758 -0.504895 1.480093
-0.330554 -0.501266 1.452716
-0.471035 -0.272761 1.135490
-0.337955 -0.120476 1.022107
-0.455233 -0.145639 1.083707
-0.538883 -0.257062 1.452309
-0.209650 -0.174449 1.192473
-0.440399 -0.289269 1.594937
-0.376979 -0.383700 1.464837
-0.460688 -0.508810 1.711347
-0.310098 -0.118512 0.993119
-0.295416 -0.247520 1.450635
-0.295685 -0.247504 1.462636
-0.645556 -0.279347 1.434485
-0.048111 -0.190199 0.623240
-0.273583 -0.171206 1.178902
-0.401623 -0.128301 1.038129
-0.263877 -0.191514 0.584309
-0.298484 -0.171446 0.654813
-0.388614 -0.086409 0.895258
-0.317099 -0.159121 1.120698
-0.394579 -0.132589 0.953321
-0.161590 -0.520790 2.351008
-0.313566 -0.118283 1.000270
-0.261591 -0.120551 1.006113
-0.561951 -0.128267 1.300232
-0.526229 -0.192844 1.214271
-0.537271 -0.175644 1.293980
-0.322200 -0.529466 1.541790
-0.279527 -0.109297 0.574724
-0.273071 -0.118871 0.552226
-0.237649 -0.076036 0.852817
-0.251201 -0.078859 0.867139
-0.609140 -0.202735 1.317797
-0.096083 -0.184689 1.217932
-0.113212 -0.190642 1.360081
-0.309558 -0.106822 0.629096
-0.244719 -0.089017 0.891316
-0.314054 -0.116188 1.002390
-0.164097 -0.138201 0.786231
-0.152539 -0.187685 0.767241
-0.188952 -0.164243 0.792386
-0.201392 -0.147620 0.806021
-0.109004 -0.265393 0.930793
-0.157333 -0.138110 0.771293
-0.099284 -0.263474 0.918352
-0.108047 -0.197392 0.829032
-0.278986 -0.140853 1.142451
0.070069 -0.122046 1.765762
-0.322962 -0.152872 1.111332
-0.273236 -0.170895 1.176475
-0.656822 -0.258232 1.449929
-0.268523 -0.156100 0.546051
-0.313938 -0.099138 0.620383
-0.184787 -0.103951 0.950888
-0.261690 -0.767878 2.255642
-0.280593 -0.164672 0.543576
-0.219684 -0.099996 0.959280
-0.433417 -0.333624 1.690156
-0.480464 -0.276027 1.471280
-0.503972 -0.302455 1.592506
-0.355826 -0.448681 1.406497
-0.517448 -0.297927 1.243141
-0.556253 -0.283565 1.447267
-0.591430 -0.348010 1.441534
-0.367432 -0.450910 1.432714
-0.313943 -0.160989 1.144690
-0.344309 -0.211467 1.300235
-0.355236 -0.251124 1.454130
-0.328328 -0.425980 1.413570
-0.303761 -0.084497 0.637814
-0.402242 -0.253582 0.885265
-0.129504 -0.289617 0.968755
-0.395124 -0.252227 0.866796
-0.439094 -0.504312 1.695134
-0.313046 -0.303942 1.632529
-0.436255 -0.499605 1.680171
-0.273299 -0.519876 2.354324
-0.153179 -0.579281 2.424247
-0.298597 -0.510527 1.524990
-0.493670 -0.196744 1.250138
-0.248805 -0.516991 2.382010
-0.374919 -0.148620 1.116925
-0.378237 -0.179222 1.254181
-0.227963 -0.421765 2.277029
-0.319198 -0.484763 2.032499
-0.573506 -0.302928 1.460482
-0.209025 -0.097263 0.903338
-0.293248 -0.135759 1.054779
-0.357638 -0.121029 1.015343
-0.317515 -0.099376 0.626261
-0.142382 -0.168939 1.185370
-0.361632 -0.480202 1.409887
-0.402838 -0.114543 0.988721
-0.312773 -0.152664 0.686728
-0.347034 -0.146726 1.100814
-0.363653 -0.176646 1.199727
-0.357739 -0.260202 1.491759
-0.355052 -0.469113 1.378877
-0.529569 -0.219109 1.320436
-0.539341 -0.312515 1.704344
-0.315139 -0.137005 1.062935
-0.487149 -0.158112 1.118898
-0.622138 -0.293944 1.415648
-0.566425 -0.328572 1.430518
-0.585998 -0.297263 1.429513
-0.446781 -0.552053 1.619989
-0.604904 -0.308359 1.433442
-0.613315 -0.291503 1.463623
-0.514202 -0.330358 1.464536
-0.320545 -0.153360 0.700391
-0.386201 -0.397655 1.497396
-0.536194 -0.256091 1.448229
-0.427188 -0.273469 1.575697
-0.363256 -0.465039 1.419922
-0.580192 -0.335019 1.419995
-0.210507 -0.656265 2.272929
-0.571636 -0.314218 1.458438
-0.599296 -0.296957 1.507073
-0.848819 -0.483120 1.570835
-0.562466 -0.388381 1.415814
-0.449266 -0.238493 0.943629
-0.565233 -0.250023 1.419578
-0.297000 -0.246906 1.458164
-0.347939 -0.460902 1.436527
-0.415478 -0.462031 1.547782
-0.436214 -0.421921 1.612518
-0.533378 -0.276985 1.437133
-0.856879 -0.506183 1.576962
-0.837829 -0.496158 1.574602
-0.495313 -0.246919 1.235872
-0.192661 -0.159065 1.616122
-0.342335 -0.267087 1.502825
-0.619025 -0.295247 1.356866
-0.292133 -0.167527 1.143291
-0.529833 -0.320155 1.202062
-0.428570 -0.186681 1.229310
-0.382485 -0.165022 1.148953
-0.508470 -0.319075 1.608847
-0.256845 -0.164833 1.161637
-0.536297 -0.181114 1.148994
-0.490977 -0.315560 1.450490
-0.466561 -0.192101 1.186238
-0.277021 -0.613639 2.312082
-0.544559 -0.187543 1.186148
-0.296760 -0.330543 1.731834
-0.160646 -0.517617 2.319288
-0.295897 -0.389066 1.886564
-0.897605 -0.462681 1.487320
-0.343178 -0.287848 1.596502
-0.266291 -0.717342 2.266807
-0.306289 -0.560336 2.245260
-0.174449 -0.565200 2.539716
-0.283186 -0.510701 1.507722
-0.282589 -0.438781 1.788107
-0.300426 -0.498376 1.640214
-0.265301 -0.729216 2.448702
-0.259145 -0.167742 1.167354
-0.419285 -0.086417 0.877411
-0.168313 -0.618613 2.554364
-0.279097 -0.454683 1.765707
-0.239104 -0.119452 1.003851
-0.479211 -0.138785 1.017976
-0.417625 -0.117732 0.986544
-0.372489 -0.468942 1.449430
-0.367847 -0.453230 1.437364
-0.606704 -0.298031 1.435955
-0.422788 -0.266237 0.913539
-0.407929 -0.106755 0.955249
-0.369152 -0.464559 1.436445
-0.451412 -0.114031 0.950891
-0.167122 -0.138217 1.090781
-0.219357 -0.117914 1.005259
-0.462996 -0.307553 1.661391
-0.235966 -0.117312 0.992461
-0.313367 -0.119659 1.008668
-0.372466 -0.149205 1.115079
-0.234879 -0.165714 1.162690
-0.262798 -0.182997 1.215696
-0.102293 -0.246344 1.348704
-0.206382 -0.100629 0.873635
-0.423934 -0.166035 1.167553
-0.369721 -0.086219 0.855501
-0.347296 -0.146783 1.102486
-0.291279 -0.151464 1.203469
-0.196499 -0.086624 0.866666
-0.450792 -0.272974 0.948697
-0.264231 -0.171692 1.175630
-0.470467 -0.157881 1.136808
-0.204239 -0.169600 1.216529
-0.452735 -0.486850 1.671572
-0.508559 -0.364773 1.601025
-0.485253 -0.176761 1.272283
-0.324160 -0.069277 0.611435
-0.101747 -0.362321 1.013437
-0.111662 -0.342874 1.039338
-0.200682 -0.143751 0.815619
-0.333997 -0.157050 0.877266
-0.207870 -0.146150 0.816728
-0.263936 -0.381771 1.263600
-0.358543 -0.210758 0.897398
-0.314957 -0.363423 1.136214
-0.075284 -0.092364 0.499257
-0.137626 -0.173618 0.762943
-0.145133 -0.168187 0.760443
0.083266 -0.184750 2.093040
0.108429 -0.183852 2.142044
0.092000 -0.266288 2.190308
-0.477073 -0.276414 1.465691
-0.367880 -0.417569 1.431256
-0.324697 -0.445965 1.386835
-0.371200 -0.461611 1.448372
-0.615665 -0.198488 1.322350
-0.526514 -0.183593 1.121431
-0.325803 -0.150973 1.111222
-0.480146 -0.278539 1.477564
-0.599299 -0.300451 1.443477
-0.355160 -0.431113 1.434460
-0.489869 -0.193845 1.226221
-0.237043 -0.543123 2.354992
-0.493664 -0.194424 1.244004
-0.263809 -0.185512 0.581317
-0.399785 -0.184653 1.208902
-0.216484 -0.566521 2.286669
-0.350578 -0.119610 0.996169
-0.521233 -0.293194 1.455183
-0.512241 -0.288728 1.463724
-0.251216 -0.150537 1.107426
-0.544546 -0.198418 1.186825
0.074768 -0.210442 2.048721
0.084461 -0.185453 2.106919
0.255174 -0.306746 2.392013
0.278225 -0.337068 2.514853
-0.173328 -0.213388 0.819087
-0.166158 -0.332719 1.019485
-0.404014 -0.241277 0.874489
-0.097056 -0.102833 0.526190
-0.174298 -0.136981 0.786216
-0.093046 -0.097820 0.496388
-0.340911 -0.267604 0.928403
-0.523831 -0.310230 1.607276
-0.526747 -0.311891 1.149452
-0.358323 -0.460848 1.410955
-0.472273 -0.345094 1.672850
-0.411785 -0.416146 1.630533
-0.320095 -0.447280 1.524958
-0.205814 -0.097963 0.881453
-0.406612 -0.098657 0.840209
-0.554082 -0.186651 1.189713
-0.286736 -0.559914 2.421366
-0.357274 -0.280632 1.464161
-0.522384 -0.193770 1.228123
-0.283338 -0.552132 2.382202
-0.561483 -0.329578 1.391516
-0.457314 -0.501439 1.691809
-0.338641 -0.490340 1.653712
-0.431978 -0.145279 1.080173
-0.469790 -0.135875 0.997241
-0.342793 -0.146781 1.091399
-0.459100 -0.159543 0.978516
-0.465063 -0.158558 0.989329
-0.298476 -0.191179 0.663010
-0.490785 -0.360453 1.534318
-0.511771 -0.359486 1.521217
-0.564509 -0.382594 1.420715
-0.341369 -0.502093 1.689990
-0.725076 -0.522901 1.536343
-0.224179 -0.667629 2.431303
-0.347517 -0.458349 1.411187
-0.556234 -0.396028 1.470757
-0.310296 -0.494182 1.646744
-0.655177 -0.257310 1.447322
-0.491087 -0.192154 1.242306
-0.162803 -0.549338 2.415053
-0.837973 -0.496587 1.574284
-0.485166 -0.510914 1.633230
-0.280255 -0.428153 1.748564
-0.441141 -0.165941 1.082810
-0.314575 -0.180227 1.233003
-0.498018 -0.495437 1.668424
-0.500950 -0.368080 1.505929
-0.754622 -0.542908 1.575922
-0.256634 -0.153220 0.862107
-0.198783 -0.199607 0.805434
-0.390809 -0.269902 0.887957
-0.103118 -0.334779 1.014008
-0.125381 -0.373415 1.125378
-0.106123 -0.367664 1.189021
-0.444134 -0.165368 0.842546
-0.094948 -0.099553 0.507520
-0.088908 -0.098001 0.505220
-0.258092 -0.046818 0.518267
-0.087307 -0.313797 1.032922
-0.097173 -0.057777 0.527085
-0.062229 -0.349327 1.096301
-0.327804 -0.450479 1.503899
-0.263135 -0.183167 1.217625
-0.348016 -0.213109 1.317969
-0.335420 -0.577765 2.248547
-0.217131 -0.117579 0.991617
-0.320799 -0.502258 1.480597
-0.651630 -0.282067 1.445813
-0.415678 -0.263249 1.547098
-0.287957 -0.438024 2.287709
-0.318456 -0.175860 1.281450
-0.577204 -0.311543 1.640681
-0.581686 -0.309064 1.672283
-0.111096 -0.095286 1.037610
-0.109722 -0.035561 0.777793
-0.103541 -0.039952 0.758474
-0.485116 -0.483555 1.634424
-0.364149 -0.527898 1.760769
-0.533619 -0.323936 1.446909
-0.258859 -0.730411 3.259466
-0.439802 -0.395762 1.677825
-0.571065 -0.309027 1.427831
-0.564069 -0.327421 1.425612
-0.446659 -0.551635 1.619667
-0.398692 -0.324222 1.550749
-0.518984 -0.190231 1.206827
-0.449587 -0.272095 0.945175
-0.562524 -0.194079 1.195768
-0.422599 -0.183838 1.209507
-0.455608 -0.518176 1.684692
-0.492570 -0.520050 1.653034
-0.844135 -0.507262 1.514198
-0.527075 -0.547382 1.599815
-0.483196 -0.498783 1.625805
-0.730510 -0.465103 1.510911
-0.616473 -0.319115 1.427709
-0.311643 -0.179550 1.217934
-0.595806 -0.332191 1.452510
-0.434330 -0.579508 1.650260
-0.327293 -0.450880 1.506310
-0.290375 -0.065186 0.551901
-0.138416 -0.386399 1.233174
-0.445283 -0.234020 0.805438
-0.188093 -0.176545 0.775084
-0.170842 -0.213925 0.826138
-0.189958 -0.165529 0.788207
-0.334217 -0.356578 1.120894
-0.278776 -0.109702 0.722731
-0.385018 -0.155813 0.852028
-0.144908 -0.178702 0.755753
-0.202575 -0.166751 0.795738
-0.288363 -0.113638 0.735904
-0.423767 -0.212215 1.330265
-0.215469 -0.383569 2.034811
-0.288884 -0.364660 1.829583
-0.573662 -0.203867 1.223187
-0.556227 -0.187163 1.194255
-0.206353 -0.124063 1.027971
-0.352510 -0.178061 1.192118
-0.571503 -0.404422 1.501132
-0.551834 -0.379058 1.399602
-0.595090 -0.391815 1.453183
-0.316224 -0.455434 1.556398
-0.242345 -0.199984 1.555411
-0.487590 -0.403410 1.565502
-0.486231 -0.484934 1.636177
-0.607198 -0.211080 1.243294
-0.508853 -0.188434 1.168935
-0.687488 -0.239898 1.367793
-0.425293 -0.209169 1.274754
-0.545252 -0.401990 1.490292
0.005986 -0.464145 1.479709
-0.192645 -0.225025 0.847394
-0.177285 -0.215201 0.828355
-0.324710 -0.069395 0.615025
-0.356610 -0.068436 0.622780
-0.016232 -0.175001 1.525889
-0.096280 -0.080437 0.518689
-0.167273 -0.136453 0.779938
-0.235953 -0.069415 0.565705
-0.452723 -0.318712 0.929739
-0.134289 -0.053811 0.521711
-0.297833 -0.092173 0.654479
-0.253244 -0.075289 0.601349
-0.185546 -0.220302 0.834998
-0.415779 -0.190432 0.867736
-0.247843 -0.134447 1.081058
-0.473130 -0.216026 1.140946
-0.296306 -0.502844 1.504998
-0.554609 -0.284132 1.426687
-0.571040 -0.301675 1.454614
-0.350972 -0.455001 1.394861
-0.520235 -0.281500 1.453726
-0.536506 -0.255362 1.450369
-0.345856 -0.456808 1.425081
-0.572403 -0.253284 1.444633
-0.489745 -0.414644 1.645706
-0.514959 -0.344466 1.464201
-0.723588 -0.491780 1.526357
-0.715912 -0.454259 1.528638
-0.727867 -0.453220 1.526391
0.212558 -0.185117 2.330761
-0.421919 -0.310825 0.898517
-0.169097 -0.359992 1.091542
-0.105479 -0.313590 1.020616
-0.167632 -0.217082 0.826528
-0.341146 -0.172099 1.292923
0.093685 -0.198825 2.263581
0.256889 -0.308917 2.407088
0.275701 -0.355259 2.414317
0.278146 -0.331150 2.466364
0.254466 -0.313546 2.469841
0.228480 -0.321869 2.300799
-0.441242 -0.128298 0.795809
-0.454013 -0.162028 0.833622
-0.364771 -0.114006 0.758402
-0.273293 -0.107919 0.713451
-0.422139 -0.240751 0.892591
-0.257654 -0.362529 1.197793
-0.420684 -0.410152 1.577382
-0.368257 -0.415292 1.425525
-0.549100 -0.326711 1.292304
-0.424861 -0.118331 1.001764
-0.346541 -0.445731 1.369433
-0.552196 -0.281461 1.438380
-0.453070 -0.513039 1.673138
-0.456073 -0.516189 1.681753
-0.424177 -0.246451 1.606139
-0.435289 -0.128511 1.009326
-0.041055 -0.090132 1.140572
-0.358460 -0.315690 1.537263
-0.309336 -0.405287 2.085560
-0.423421 -0.414849 1.612328
-0.122458 -0.272790 0.917066
-0.267442 -0.124421 1.037283
-0.081398 -0.146248 0.610326
-0.140096 -0.286330 0.968686
-0.101557 -0.291547 1.016167
-0.411236 -0.236116 0.858142
0.018685 -0.185266 1.786012
-0.348139 -0.114032 0.848415
-0.038411 -0.136190 1.391942
-0.582858 -0.307901 1.675190
-0.342377 -0.145909 1.050098
-0.433496 -0.200395 1.259854
-0.399477 -0.183395 1.201677
-0.581140 -0.284100 1.407348
-0.257248 -0.214774 1.344743
-0.617907 -0.295952 1.355433
-0.459603 -0.507927 1.711943
-0.699740 -0.440277 1.477038
-0.420153 -0.381444 1.680771
-0.339377 -0.120480 1.025754
-0.332949 -0.112677 0.671086
-0.317915 -0.126418 1.009505
-0.151427 -0.135489 1.181619
-0.355538 -0.317743 1.523605
-0.333128 -0.462194 1.416541
-0.622209 -0.334385 1.453357
-0.316750 -0.486162 1.629187
-0.521386 -0.325924 1.455386
-0.513477 -0.337764 1.618440
-0.569275 -0.330283 1.408288
-0.354039 -0.168536 1.176479
-0.362188 -0.251322 1.464485
-0.492673 -0.258061 1.472326
-0.558896 -0.282310 1.454944
-0.257176 -0.215340 1.294648
-0.307671 -0.483250 1.427731
-0.504280 -0.198946 1.255286
-0.360272 -0.455670 1.432405
-0.318918 -0.502853 1.493515
-0.268846 -0.225454 1.372377
-0.517416 -0.191473 1.212573
-0.342971 -0.444386 1.478167
-0.607795 -0.296660 1.432174
-0.474647 -0.261840 1.470923
-0.386713 -0.360683 1.503849
-0.055857 -0.077915 0.421023
-0.202441 -0.215387 0.837653
-0.405714 -0.265543 0.906635
-0.334704 -0.103550 0.713834
-0.137723 -0.081157 0.633759
-0.300585 -0.090529 0.668241
-0.157435 -0.088414 0.634124
-0.244331 -0.210322 0.861908
-0.423266 -0.245011 0.786822
-0.057051 -0.099424 0.547360
-0.334215 -0.060025 0.588516
-0.419626 -0.265342 0.857824
-0.171988 -0.212406 0.816458
-0.419297 -0.296207 0.869115
-0.096181 -0.080523 0.518677
-0.051251 -0.229278 0.937883
-0.460530 -0.144911 0.846156
-0.329273 -0.278155 1.531286
-0.455917 -0.588678 1.693161
-0.481801 -0.170300 1.172580
-0.592534 -0.328017 1.430662
-0.522046 -0.293371 1.457314
-0.514881 -0.320574 1.623147
-0.544883 -0.306491 1.431404
-0.536295 -0.128340 1.104445
-0.559485 -0.182195 1.197905
-0.238425 -0.165666 1.158329
-0.390587 -0.457424 1.519747
0.228242 -0.298595 2.300679
0.232817 -0.301318 2.335252
0.251168 -0.205270 2.423846
-0.456464 -0.162531 0.837478
-0.202777 -0.158854 0.853301
-0.386166 -0.295298 0.911625
-0.228533 -0.231827 0.902997
-0.340123 -0.106415 0.718470
-0.180995 -0.141589 0.800629
-0.257075 -0.146867 1.090986
-0.527219 -0.312435 1.151242
-0.356265 -0.070270 0.765365
-0.117997 -0.278439 0.936581
-0.415929 -0.187119 0.864755
-0.451550 -0.232343 0.750575
-0.303288 -0.183308 1.248011
-0.308907 -0.173736 1.248239
-0.346311 -0.081882 0.640093
-0.192105 -0.222670 0.841468
-0.194174 -0.077255 0.603100
-0.443437 -0.215773 0.833505
-0.102923 -0.270291 0.948391
-0.119965 -0.240912 0.943273
-0.317967 -0.097417 0.814891
-0.352730 -0.148264 1.122472
-0.304249 -0.125676 0.671452
-0.304862 -0.128245 0.672962
-0.287637 -0.163462 0.631615
-0.317245 -0.155123 0.692987
-0.630267 -0.297033 1.434364
-0.473701 -0.262509 1.483879
-0.643594 -0.291005 1.463169
-0.334887 -0.438588 1.377066
-0.283380 -0.161586 0.623936
-0.276453 -0.154496 0.601467
-0.461052 -0.522290 1.702732
-0.594042 -0.342206 1.457418
-0.439793 -0.394453 1.668172
-0.662027 -0.332879 1.499233
-0.405320 -0.177586 1.217221
-0.374314 -0.119204 0.765506
-0.381763 -0.236279 0.870114
-0.194839 -0.103143 0.689417
-0.150216 -0.140712 0.779232
-0.094581 -0.303536 0.939570
-0.324224 -0.069586 0.611282
-0.168753 -0.143678 0.772280
-0.105905 -0.300923 0.980609
-0.082320 -0.263818 1.091295
-0.281460 -0.121252 1.027620
-0.513896 -0.232102 1.218131
-0.017875 -0.173500 1.490220
-0.415882 -0.159309 0.876228
-0.083344 -0.095748 0.494375
-0.168709 -0.044152 0.469535
-0.224481 -0.068646 0.997726
-0.120033 -0.176686 1.102167
-0.262024 -0.140925 1.093158
-0.419416 -0.494962 1.657442
-0.380545 -0.165024 1.142487
-0.561787 -0.200198 1.200459
-0.563675 -0.199447 1.205231
-0.290383 -0.183504 1.075702
-0.202939 -0.179233 0.788731
-0.220858 -0.172697 0.822085
-0.186344 -0.223961 0.849317
-0.373534 -0.219659 0.845608
-0.046378 -0.320317 1.010139
-0.333056 -0.174317 1.241580
-0.329943 -0.167026 1.228531
-0.649547 -0.208672 2.052086
-0.090907 -0.110149 1.144509
-0.394920 -0.146638 0.973851
-0.267947 -0.097130 0.879245
-0.486815 -0.208650 1.205002
-0.505808 -0.230800 1.218029
-0.230289 -0.101401 0.966683
-0.341974 -0.146045 1.088509
-0.475083 -0.205651 1.175952
-0.018313 -0.146132 1.449728
-0.281527 -0.079883 0.972899
-0.211967 -0.080868 0.915449
-0.536405 -0.469050 1.713482
-0.561566 -0.449989 1.793150
-0.546456 -0.465319 1.709920
-0.504627 -0.367351 1.514796
-0.536098 -0.471324 1.682821
-0.299005 -0.179540 1.229473
0.236792 -0.203995 2.340435
-0.251883 -0.099945 0.681536
-0.364403 -0.199961 0.685685
-0.274495 -0.108763 0.713312
-0.204253 -0.167129 0.796699
-0.246403 -0.097308 0.678751
-0.171483 -0.179182 0.760725
-0.385195 -0.092033 0.694975
-0.156566 -0.177342 0.754654
0.052225 -0.184671 1.861631
-0.319095 -0.225414 1.304391
-0.831868 -0.524292 1.528427
-0.639855 -0.276925 1.424281
-0.488550 -0.457060 1.643123
-0.487822 -0.477000 1.639726
-0.259861 -0.120762 1.011418
-0.526148 -0.190244 1.200956
-0.619397 -0.282341 1.411499
-0.278903 -0.233901 1.389492
-0.637611 -0.254883 1.411650
-0.555474 -0.241360 1.396760
-0.562728 -0.244007 1.414569
-0.551532 -0.199113 1.199080
-0.321098 -0.291568 1.585083
-0.353637 -0.169370 1.176628
-0.389602 -0.167300 1.171135
-0.323666 -0.160322 1.143817
-0.498949 -0.197086 1.253759
-0.288191 -0.411090 2.244907
-0.490338 -0.261197 1.081149
-0.284710 -0.271975 1.551762
-0.720932 -0.493516 1.523330
-0.561551 -0.198572 1.201445
-0.356943 -0.451314 1.420750
-0.314243 -0.046804 0.589326
-0.306489 -0.099871 0.840111
-0.110272 -0.072831 1.017382
-0.440230 -0.198253 1.220530
-0.513101 -0.234008 1.234334
-0.016761 -0.161802 1.480434
-0.395002 -0.140498 0.935688
-0.049285 -0.083002 1.210625
-0.208977 -0.043371 0.690799
-0.186165 -0.047902 0.755132
-0.131270 -0.049594 0.809342
-0.134545 -0.042178 0.825196
-0.276606 -0.040205 0.575248
-0.315818 -0.074928 0.654590
-0.324902 -0.074078 0.616802
-0.298810 -0.542477 1.605021
-0.299247 -0.182211 1.230508
-0.660352 -0.210992 2.084826
-0.649696 -0.209262 2.055972
-0.106084 -0.324661 1.139159
0.022598 -0.491110 1.572171
-0.323207 -0.167309 1.222270
-0.377965 -0.275316 0.785755
-0.146356 -0.209953 0.825188
-0.219816 -0.160819 1.008406
-0.527133 -0.354561 1.515833
-0.611593 -0.239278 1.350444
-0.428071 -0.312978 1.706437
-0.478408 -0.341952 1.655351
-0.378301 -0.243861 1.557593
-0.017414 -0.150002 1.458252
-0.198709 -0.145762 1.191276
-0.447825 -0.200884 1.241616
-0.396209 -0.173550 1.119053
-0.238978 -0.058999 0.715411
-0.136941 -0.058837 0.925063
-0.301452 -0.580200 2.403417
-0.476345 -0.392857 1.490029
-0.285520 -0.735552 2.420847
-0.452486 -0.516598 1.697169
-0.318765 -0.468669 1.588740
-0.182433 -0.151463 1.095362
-0.515474 -0.296654 1.468506
-0.361621 -0.419829 1.409217
-0.364216 -0.227613 0.794254
-0.261684 -0.137458 1.074539
-0.443522 -0.119561 1.004603
-0.433199 -0.498379 1.453626
-0.571935 -0.364933 1.383204
-0.549060 -0.309980 1.443266
-0.522996 -0.291498 1.462889
-0.603512 -0.293727 1.472683
-0.638619 -0.281659 1.436434
-0.418753 -0.161588 1.152461
-0.566028 -0.328186 1.428369
-0.222861 -0.053231 0.725438
-0.168802 -0.042014 0.738679
-0.238561 -0.056332 0.660426
-0.189925 -0.051007 0.792341
-0.317395 -0.056475 0.573035
-0.048102 -0.080470 0.448763
-0.293003 -0.099281 0.848129
-0.284787 -0.094836 0.845268
-0.234587 -0.105974 1.029113
-0.205566 -0.068626 0.847208
-0.246112 -0.099388 0.949461
-0.251075 -0.276879 1.024732
-0.570460 -0.439987 1.419322
-0.120370 -0.099447 1.053206
-0.290026 -0.157088 1.092229
0.084944 -0.274966 2.147329
0.008697 -0.467548 1.517576
-0.501404 -0.341198 1.447027
-0.721514 -0.490375 1.506818
-0.305522 -0.128172 0.674418
-0.183677 -0.176820 0.768356
-0.382882 -0.186767 0.887084
-0.243478 -0.209869 0.859294
-0.305170 -0.366606 1.213777
-0.297164 -0.344831 1.144835
-0.201056 -0.184678 0.785285
-0.324262 -0.210239 1.051929
-0.220818 -0.201849 0.823613
-0.233317 -0.187374 0.839943
-0.254508 -0.073498 0.603710
-0.329493 -0.078513 0.608464
-0.363676 -0.142920 0.833304
-0.147842 -0.180777 0.743583
-0.154218 -0.167874 0.761383
-0.443971 -0.201241 0.940212
-0.564283 -0.221189 1.199051
-0.116683 -0.075811 1.032613
-0.168433 -0.050871 0.822686
-0.206267 -0.052135 0.759351
-0.150692 -0.073727 1.120238
-0.227812 -0.123471 1.006921
-0.377636 -0.099459 0.669702
-0.397529 -0.159136 0.889034
-0.153054 -0.129040 0.757957
0.264888 -0.315655 2.379444
-0.276739 -0.110226 0.583008
-0.278996 -0.149121 0.586357
-0.511785 -0.303352 1.614282
-0.331230 -0.288639 1.585727
-0.110120 -0.373266 1.144892
-0.068867 -0.045286 0.479964
-0.198392 -0.051957 0.527090
-0.267024 -0.045691 0.537855
-0.140691 -0.293691 0.990989
-0.063591 -0.264414 0.860728
-0.129879 -0.188369 0.785869
-0.282749 -0.398381 1.260057
-0.219171 -0.200877 0.838328
-0.282073 -0.083301 0.643800
-0.509524 -0.300908 1.605651
-0.508639 -0.359748 1.523020
-0.590225 -0.304703 1.404592
-0.551420 -0.248075 1.392482
-0.586839 -0.279046 1.402344
-0.033946 -0.297764 1.038219
-0.469629 -0.447931 1.741388
-0.491027 -0.355047 1.767711
-0.494096 -0.135234 0.841685
-0.276179 -0.198273 0.965103
-0.140940 -0.181268 0.757865
-0.153299 -0.130423 1.168387
-0.307717 -0.090484 0.624608
-0.181965 -0.153532 1.293286
-0.371215 -0.104296 0.862824
-0.329769 -0.139448 1.431871
-0.285729 -0.072599 0.721632
-0.529491 -0.406672 1.614602
-0.541543 -0.422935 1.681080
-0.372553 -0.285931 1.550785
-0.393377 -0.264957 1.527297
-0.546053 -0.424671 1.437272
-0.528878 -0.503098 1.629822
-0.460548 -0.387589 1.639073
-0.235185 -0.092917 0.662445
-0.149846 -0.139767 0.774357
-0.382409 -0.224364 0.864235
-0.442152 -0.165313 0.839774
-0.375868 -0.201220 0.864097
-0.392938 -0.500369 1.573281
-0.545844 -0.423439 1.676105
-0.237454 -0.132295 1.029255
-0.215674 -0.145704 1.153763
-0.312244 -0.111936 0.731076
-0.317103 -0.327408 1.039010
-0.347371 -0.206359 0.997639
-0.204053 -0.179760 0.792478
-0.311360 -0.320264 1.087869
-0.313214 -0.318122 1.105641
-0.164478 -0.065762 0.565121
-0.065040 -0.084168 0.450645
-0.623322 -0.296344 1.364337
-0.460735 -0.378578 1.475725
-0.497787 -0.510854 1.662188
-0.495444 -0.405512 1.591547
-0.460092 -0.441627 1.701334
-0.153736 -0.200418 0.790066
-0.110212 -0.268088 0.944305
-0.387243 -0.369989 1.516064
-0.499868 -0.324572 1.459422
-0.367185 -0.247552 1.444337
-0.355048 -0.317575 1.522290
-0.496570 -0.318413 1.465459
-0.658600 -0.360812 1.557778
-0.879371 -0.500491 1.567291
-0.224608 -0.173044 0.825731
-0.153080 -0.322643 0.987034
-0.214696 -0.383604 1.128934
-0.226768 -0.212998 0.844459
-0.181501 -0.155847 0.786080
-0.323195 -0.285462 1.058035
-0.325071 -0.269683 1.053959
-0.397876 -0.198758 0.888235
-0.243064 -0.410826 1.171970
-0.369728 -0.198852 0.906561
-0.454547 -0.517270 1.691698
-0.378262 -0.314648 2.825463
-0.584747 -0.327580 1.428554
-0.505263 -0.406718 1.593832
-0.534507 -0.444852 1.724926
-0.338568 -0.289317 1.620052
-0.514667 -0.321654 1.452251
-0.350177 -0.265680 1.504668
-0.603937 -0.303804 1.457313
-0.757378 -0.303062 3.490372
-1.027109 -0.539643 4.919237
-0.564786 -0.420549 1.416864
-0.877994 -0.498784 1.565230
-0.442401 -0.188155 0.833919
-0.331564 -0.070879 0.622739
-0.211487 -0.070671 0.585894
-0.278066 -0.109607 0.721566
-0.249475 -0.070818 0.599937
-0.173569 -0.223844 0.835610
-0.164322 -0.177590 0.752825
-0.169617 -0.211642 0.816868
-0.274786 -0.109845 0.940714
-0.207546 -0.117068 1.133388
-0.838494 -0.272437 2.638415
-0.109248 -0.126095 0.437869
-0.432660 -0.497652 1.670530
-0.214168 -0.631458 2.283398
-0.402755 -0.549316 1.581149
-0.612484 -0.306665 1.421600
-0.462802 -0.392816 1.621471
-0.378439 -0.166002 1.688253
-0.547517 -0.308897 1.439028
-0.316684 -0.129557 0.694513
-0.308411 -0.128194 0.679274
-0.558022 -0.401317 1.464935
-0.547076 -0.412682 1.439351
-0.345007 -0.190045 0.981663
-0.627814 -0.241358 1.377521
-0.605093 -0.293700 1.332994
-0.739504 -0.472186 1.526976
-0.207705 -0.066101 0.839473
-0.187893 -0.080016 0.939993
-0.333837 -0.083984 0.726656
-0.332980 -0.101324 0.717274
-0.454007 -0.207244 1.231814
-0.316223 -0.103721 0.869313
-0.293660 -0.103722 0.870872
-0.185438 -0.185413 0.774152
-0.323600 -0.359708 1.115186
-0.186011 -0.306145 1.021822
-0.395116 -0.315215 0.974346
-0.193146 -0.184571 0.778696
-0.153836 -0.218684 0.849512
-0.158414 -0.168407 0.769790
-0.328585 -0.154747 0.873718
-0.256529 -0.170471 0.907412
-0.272625 -0.663819 2.294471
-0.354334 -0.451801 1.384927
-0.472944 -0.261624 1.484928
-0.544982 -0.395280 1.428011
-0.564280 -0.396458 1.441926
-0.517008 -0.419448 1.534803
-0.520700 -0.422951 1.547069
-0.535013 -0.495721 1.643872
-0.562122 -0.456926 1.752490
-0.454063 -0.505893 1.705613
-0.456149 -0.350077 1.704248
-0.393555 -0.375464 1.553063
-0.299749 -0.674494 2.969307
-0.455333 -0.306250 1.656525
-0.331384 -0.513196 1.681796
-0.906149 -0.365787 4.164688
-0.262849 -0.183362 1.218730
-0.595594 -0.283009 1.200074
-0.205845 -0.141916 0.811847
-0.141856 -0.181412 0.762856
-0.264353 -0.090483 0.643665
-0.111395 -0.255081 0.922189
-0.415726 -0.303091 0.897550
0.109999 -0.183070 2.135854
-0.531623 -0.293627 1.663161
-0.549050 -0.325591 1.779977
-0.314193 -0.173656 1.259982
-0.136848 -0.095931 1.099036
-0.522313 -0.303743 1.445011
-0.427307 -0.334263 1.698712
-0.307661 -0.844049 2.840904
-0.532990 -0.451228 1.801014
-0.469871 -0.392702 1.666080
-0.331265 -0.557069 1.860658
-0.502317 -0.324018 1.451195
-0.527341 -0.273868 1.431603
-0.322242 -0.156988 0.702072
-0.082101 -0.276753 0.989231
-0.106212 -0.270113 0.966228
-0.365143 -0.191873 0.842450
-0.136206 -0.169610 0.755240
-0.325184 -0.128589 0.777069
-0.420447 -0.296106 0.865200
-0.477951 -0.227868 1.198851
-0.388186 -0.283176 0.832570
-0.066742 -0.086704 0.468893
0.077767 -0.566374 1.815743
0.318213 -0.547983 2.501548
0.242720 -0.298444 2.371704
0.052387 -0.185303 1.863792
-0.001420 -0.443575 1.452439
-0.454697 -0.213119 0.824491
-0.325661 -0.070170 0.613301
-0.088269 -0.099341 0.510653
-0.076452 -0.359266 1.023921
-0.101759 -0.386038 1.079286
-0.054050 -0.296238 0.937377
-0.454875 -0.162371 0.834928
-0.443559 -0.165485 0.841593
-0.050692 -0.217695 0.898585
-0.059533 -0.334750 1.055317
-0.295719 -0.096779 0.838575
-0.292997 -0.121088 1.288415
-0.147587 -0.131437 1.151395
-0.380400 -0.257669 1.493966
-0.619964 -0.297255 1.360660
-0.521311 -0.476503 1.730298
-0.454394 -0.522158 1.681630
-0.290486 -0.368894 1.858451
-0.161966 -0.183863 0.759932
-0.113555 -0.330862 1.007903
-0.264209 -0.077542 0.615198
-0.257704 -0.399596 1.242096
-0.101968 -0.095547 0.541817
-0.152796 -0.086760 0.612564
-0.258805 -0.398174 1.303876
-0.207346 -0.159263 0.820799
-0.264654 -0.437912 1.289352
-0.101526 -0.313968 1.026014
-0.228079 -0.091027 0.646897
-0.147188 -0.145900 0.763649
-0.088535 -0.138494 1.198089
-0.414339 -0.278766 0.924773
-0.140406 -0.180783 0.754510
-0.248399 -0.108244 1.045991
-0.292192 -0.096274 0.831094
-0.399609 -0.148587 0.985762
-0.289534 -0.110941 0.901236
-0.216265 -0.037150 0.614399
-0.340197 -0.076374 0.647111
-0.426048 -0.171530 1.091089
-0.234738 -0.124512 1.054622
-0.108389 -0.342998 1.176375
-0.312969 -0.170608 1.282477
-0.548957 -0.303301 1.714363
-0.585903 -0.317929 1.668299
-0.542074 -0.297751 1.697088
-0.017952 -0.142274 1.451699
0.252581 -0.208597 2.434546
-0.194183 -0.194999 0.790658
-0.299337 -0.191719 0.664505
-0.322753 -0.154391 0.703706
-0.299870 -0.191980 0.665460
-0.321147 -0.153759 0.701000
-0.296765 -0.190363 0.659994
-0.309782 -0.171658 0.674205
-0.480342 -0.189084 1.217011
-0.874431 -0.525071 1.559609
-0.528399 -0.326534 1.473799
-0.584579 -0.192632 1.261392
-0.305601 -0.505316 1.654888
-0.856608 -0.505973 1.576230
-0.247748 -0.381013 1.168115
-0.375721 -0.288460 0.888667
-0.366272 -0.204773 1.046376
-0.185104 -0.082741 0.613476
-0.341341 -0.057415 0.600427
-0.324356 -0.441929 1.358779
-0.440302 -0.266368 0.924288
-0.438307 -0.238596 0.820197
-0.432355 -0.223138 0.720014
-0.419898 -0.159608 0.884142
-0.112981 -0.263441 0.948585
-0.055307 -0.377639 1.068637
-0.081983 -0.309742 0.991255
-0.103348 -0.296281 1.033573
-0.097445 -0.057331 0.526507
-0.487099 -0.248880 0.803344
-0.310446 -0.046575 0.582544
-0.297258 -0.190704 0.661668
-0.542081 -0.328786 1.444197
-0.456734 -0.519019 1.688066
-0.553290 -0.333534 1.435670
-0.426726 -0.261666 0.811082
-0.845433 -0.511550 1.583166
-0.246768 -0.340592 1.128885
-0.492641 -0.528651 1.659784
-0.644627 -0.306683 1.406151
-0.559721 -0.181533 1.196356
-0.331719 -0.489685 1.435268
-0.503178 -0.193054 1.059924
-0.433287 -0.225847 1.364139
-0.862509 -0.543678 1.575472
-0.110542 -0.106044 1.072266
-0.327192 -0.180629 1.311968
-0.552868 -0.398639 1.469613
-0.841092 -0.497647 1.578906
-0.337299 -0.361011 1.136984
-0.205188 -0.107169 0.696381
-0.315320 -0.094981 0.687880
-0.129455 -0.113524 0.710948
-0.148532 -0.140856 0.776857
-0.134282 -0.311168 0.992475
-0.488609 -0.318337 1.472596
-0.547052 -0.445084 1.706224
-0.517132 -0.290663 1.445776
-0.114875 -0.101001 1.040730
-0.290026 -0.105096 0.851650
-0.223201 -0.106856 0.975038
-0.090768 -0.392764 1.091445
-0.041070 -0.280294 1.012580
-0.049581 -0.079665 0.442286
-0.106441 -0.272932 0.975610
-0.111307 -0.339428 1.024063
-0.927307 -0.297212 2.923978
-0.081579 -0.109149 1.183568
-0.232589 -0.105950 1.002334
-0.250206 -0.089020 0.840253
-0.543585 -0.458917 1.659222
-0.518592 -0.320135 1.633819
-0.443343 -0.407930 1.693021
-0.459839 -0.427246 1.696760
-0.435113 -0.316891 1.721352
-0.389602 -0.438765 1.467228
-0.303276 -0.060630 0.586673
-0.082880 -0.309046 0.995410
-0.404715 -0.221881 0.851373
-0.126311 -0.051690 0.493471
-0.154158 -0.043967 0.472674
-0.047739 -0.079476 0.443358
-0.106569 -0.291451 1.017334
-0.138634 -0.351891 1.085647
-0.305247 -0.139646 0.574714
-0.311563 -0.118606 0.667550
-0.043372 -0.233672 0.933495
-0.049599 -0.293800 1.049078
-0.441952 -0.188835 0.833245
-0.046499 -0.075650 0.417878
-0.195462 -0.077673 0.600636
-0.266308 -0.057174 0.518149
-0.154444 -0.216398 0.838927
-0.451617 -0.123218 0.753956
-0.223781 -0.152051 0.835814
-0.442371 -0.142441 0.819037
-0.306190 -0.147942 0.828705
-0.395866 -0.153229 0.842699
-0.182617 -0.364462 1.118496
-0.122393 -0.235121 0.948660
-0.267370 -0.329592 1.118344
-0.233024 -0.153136 0.844872
-0.303630 -0.412951 1.292651
-0.190732 -0.169827 0.783139
-0.278991 -0.346230 1.176437
-0.563671 -0.182110 1.212817
-0.621001 -0.298148 1.361296
-0.558678 -0.234911 1.396238
-0.766482 -0.538193 1.563624
-0.563563 -0.327482 1.425594
-0.209209 -0.083551 0.620723
-0.149477 -0.140913 0.777895
-0.102570 -0.094754 0.543006
-0.301741 -0.215501 1.058826
-0.173397 -0.171417 0.752819
-0.145753 -0.158278 0.763828
-0.174980 -0.090147 0.643039
-0.332731 -0.130768 0.793413
-0.148265 -0.159450 0.768997
-0.142722 -0.163920 0.751314
-0.249004 -0.388431 1.204105
-0.208650 -0.192549 0.802476
-0.240205 -0.190788 0.876704
-0.233151 -0.323724 1.096668
-0.358299 -0.277543 1.600963
-0.722418 -0.472257 1.511142
-0.325096 -0.509845 1.699992
-0.502942 -0.375127 1.564954
-0.746537 -0.272851 3.497686
-0.618408 -0.303357 1.394834
-0.211325 -0.143030 1.128909
-0.112948 -0.124779 1.103854
-0.338376 -0.069728 0.725662
-0.304037 -0.038539 0.560734
-0.318957 -0.068329 0.604460
-0.232392 -0.027647 0.558066
-0.314925 -0.064977 0.658184
-0.396455 -0.336001 1.559462
-0.582273 -0.294837 1.408015
-0.524065 -0.502815 1.594807
-0.552402 -0.399883 1.451177
-0.522390 -0.500944 1.588753
-0.519537 -0.416624 1.562906
0.092209 -0.266268 2.189448
-0.113316 -0.121652 1.115476
-0.247311 -0.143724 1.049893
-0.018645 -0.142594 1.444060
0.075861 -0.278290 2.178567
-0.611775 -0.209950 1.248386
-0.702330 -0.266437 1.385786
-0.498996 -0.293544 1.198508
-0.018974 -0.147111 1.454236
-0.247753 -0.056896 0.681406
-0.222686 -0.055568 0.720015
-0.307610 -0.084078 0.751745
-0.241648 -0.209428 0.857234
-0.290274 -0.274744 1.063026
-0.113817 -0.077342 1.029442
-0.206869 -0.132205 1.116774
-0.804376 -0.476790 1.521152
-0.364974 -0.226308 1.368572
-0.453712 -0.238527 0.948526
-0.839376 -0.495805 1.546650
-0.531091 -0.276808 1.434543
-0.499795 -0.190126 1.225484
-0.207710 -0.141491 1.162679
0.025090 -0.511308 1.633036
0.081999 -0.573857 1.838863
-0.393744 -0.234791 0.853458
-0.171452 -0.213401 0.821887
-0.156259 -0.186870 0.764720
-0.281844 -0.063714 0.588299
-0.472461 -0.346494 1.471363
-0.865500 -0.479956 1.568161
-0.600829 -0.519159 1.527578
-0.629452 -0.325756 1.460199
-0.412365 -0.187722 0.929088
-0.810458 -0.524972 1.530102
-0.128890 -0.327744 1.009200
-0.275749 -0.063230 0.577474
-0.144876 -0.057735 0.547325
-0.286781 -0.056077 0.560124
-0.405864 -0.287307 0.880984
-0.229647 -0.162690 0.839552
-0.114137 -0.071806 0.577918
-0.072876 -0.214123 0.764293
-0.359375 -0.084165 0.657707
-0.566432 -0.435748 1.411523
-0.565497 -0.420538 1.419741
-0.460393 -0.391555 1.616254
-0.867869 -0.519602 1.547417
-0.349704 -0.237261 0.862080
-0.305602 -0.351000 1.118759
-0.337993 -0.240854 0.893472
-0.322870 -0.262668 1.055491
-0.368516 -0.290242 1.003376
-0.368691 -0.297389 0.984414
-0.375037 -0.301987 0.999431
-0.361267 -0.246174 0.889515
-0.236744 -0.206776 0.846115
-0.212086 -0.210037 0.843421
-0.104689 -0.279860 0.977625
-0.296455 -0.104532 0.879903
-0.187177 -0.133696 1.300420
-0.153661 -0.084954 1.131868
-0.268980 -0.078513 0.625389
-0.165848 -0.065928 0.570892
-0.168868 -0.092963 0.647341
-0.517891 -0.232237 1.343275
-0.439460 -0.251949 0.806308
-0.198292 -0.118922 0.737353
-0.204429 -0.178799 0.792082
-0.188421 -0.177213 0.779606
-0.339077 -0.324534 1.101435
-0.203911 -0.166908 0.794501
-0.379469 -0.221079 0.860559
-0.362583 -0.203165 1.034609
-0.389492 -0.223067 0.827450
-0.333487 -0.355638 1.119427
-0.305298 -0.053321 0.567099
-0.113667 -0.269416 0.966740
-0.247379 -0.138188 1.069920
-0.331390 -0.470723 1.607606
-0.078475 -0.084235 1.111151
-0.211782 -0.068780 0.853130
-0.254205 -0.113098 1.092165
-0.402463 -0.147781 0.973861
-0.126788 -0.106511 0.350101
-0.522227 -0.499302 1.585603
-0.538959 -0.472223 1.720782
-0.483096 -0.508482 1.628705
-0.484909 -0.454087 1.635360
-0.495991 -0.382244 1.617853
-0.171718 -0.179647 0.761125
-0.381629 -0.238338 0.861123
-0.363807 -0.148590 1.036523
-0.225656 -0.073961 0.910593
-0.117418 -0.099231 1.041349
-0.204041 -0.068716 0.840763
-0.312211 -0.097964 0.807067
-0.282361 -0.086223 0.789413
-0.316902 -0.077922 0.652088
-0.172916 -0.158995 0.761685
-0.218082 -0.061649 0.545526
-0.063348 -0.084049 0.454611
-0.076950 -0.325164 1.049391
-0.062627 -0.083569 0.451325
-0.553795 -0.307766 1.608964
-0.242155 -0.110838 1.040636
-0.376760 -0.141790 0.982795
-0.267423 -0.097069 0.879038
-0.252163 -0.072349 0.601607
-0.417066 -0.280682 0.915704
-0.508087 -0.135206 0.840859
-0.412105 -0.152327 1.104605
-0.533597 -0.194245 1.180329
-0.513142 -0.283613 1.062207
-0.452374 -0.256171 0.952857
-0.536405 -0.196952 1.169111
-0.462561 -0.159264 0.984524
-0.452241 -0.166431 0.960019
-0.449338 -0.166216 0.955111
-0.428085 -0.267900 1.588038
-0.585656 -0.285933 1.432950
-0.541724 -0.483234 1.565980
-0.604178 -0.283748 1.436427
-0.536088 -0.434709 1.592268
-0.394557 -0.108180 0.735154
-0.131437 -0.151404 0.817743
-0.140923 -0.180460 0.755870
-0.157075 -0.178197 0.760371
-0.317917 -0.293790 1.072661
-0.312997 -0.302075 1.119171
-0.294820 -0.089321 0.656293
-0.534829 -0.505213 1.663477
-0.525290 -0.404577 1.603411
-0.500202 -0.404315 1.512116
-0.527879 -0.486685 1.603631
-0.525471 -0.466215 1.599318
-0.550125 -0.493476 1.589027
-0.553432 -0.454734 1.469577
-0.122743 -0.318691 1.147738
-0.357291 -0.206045 0.876704
-0.407115 -0.238105 0.864677
-0.194673 -0.162761 0.799850
-0.188298 -0.308352 1.030736
-0.290348 -0.098933 0.839956
-0.194710 -0.053542 0.786401
-0.232126 -0.125944 1.024795
-0.426746 -0.223360 1.341794
-0.272772 -0.227831 1.412740
-0.430875 -0.225252 1.345347
-0.590040 -0.284585 1.414373
-0.618711 -0.292590 1.396658
-0.306074 -0.605082 2.514114
-0.575058 -0.285028 1.434494
-0.099433 -0.067121 0.533034
-0.263921 -0.079079 0.606434
-0.193276 -0.051483 0.514152
-0.057794 -0.081585 0.441967
-0.340078 -0.549947 1.840168
-0.510758 -0.396755 1.563583
-0.307199 -0.420879 2.372502
-0.782575 -0.479499 1.572768
-0.495082 -0.354402 1.471138
-0.248357 -0.162445 0.884054
-0.137060 -0.080598 0.603074
-0.211054 -0.209746 0.833869
-0.369116 -0.190299 0.853222
-0.343018 -0.107167 0.722187
-0.374113 -0.120173 0.769830
-0.083537 -0.148746 0.621780
-0.406262 -0.182378 0.850385
-0.451548 -0.161139 0.964134
-0.281064 -0.225978 3.246708
-0.534004 -0.276826 1.445926
-0.573049 -0.368195 1.385335
-0.541304 -0.192257 1.219489
-0.842363 -0.502725 1.580898
-0.335056 -0.452208 1.414708
-0.359109 -0.280521 1.465502
-0.157149 -0.075729 0.984916
-0.237685 -0.058915 0.710955
-0.021248 -0.061419 1.189005
-0.339325 -0.104520 0.727120
-0.111899 -0.120461 1.092395
-0.104201 -0.098772 1.079229
-0.169715 -0.055271 0.829476
-0.451375 -0.211907 0.819346
-0.097958 -0.058099 0.534288
-0.042294 -0.217861 0.869421
-0.134746 -0.201411 0.865986
-0.390927 -0.299998 0.924160
-0.391128 -0.096927 0.699431
-0.554749 -0.335026 1.366402
-0.574378 -0.299269 1.391835
-0.774439 -0.463323 1.558515
-0.580601 -0.322302 1.407966
-0.777186 -0.464279 1.562790
-0.507297 -0.293649 1.447070
-0.508972 -0.303613 1.177691
-0.286418 -0.143197 1.170253
-0.200516 -0.148154 0.806798
-0.173034 -0.386179 1.103295
-0.166032 -0.219150 0.832456
-0.110714 -0.334245 1.016131
-0.183790 -0.183561 0.766473
-0.297994 -0.540583 1.614480
-0.642101 -0.300122 1.442717
-0.604136 -0.521884 1.535376
-0.575381 -0.299333 1.437630
-0.339881 -0.061616 0.582887
-0.306069 -0.052130 0.617042
-0.244971 -0.040751 0.603874
-0.332318 -0.060200 0.570375
-0.326517 -0.074430 0.626509
-0.083065 -0.035342 0.205097
-0.342413 -0.068372 0.603819
-0.460535 -0.528453 1.696268
-0.359501 -0.524200 1.773063
-0.369607 -0.545337 1.839981
-0.535257 -0.351962 1.363843
-0.617767 -0.327724 1.775306
-0.534091 -0.311760 1.616311
-0.538075 -0.300737 1.698966
-0.283596 -0.073392 0.722916
-0.208022 -0.119990 1.135299
-0.342671 -0.136538 0.985427
-0.346670 -0.141622 1.019536
-0.345151 -0.087529 0.748274
-0.349071 -0.106375 0.749847
-0.081570 -0.107644 1.162361
0.007313 -0.126098 1.577562
-0.044360 -0.091312 1.241276
-0.215863 -0.185609 0.833642
-0.253739 -0.152581 0.857300
-0.144797 -0.058625 0.528362
-0.329353 -0.102788 0.702662
-0.267308 -0.454032 1.322951
-0.170894 -0.153021 0.765883
-0.415573 -0.301508 0.855407
-0.430788 -0.270917 0.883150
-0.391381 -0.107904 0.731591
-0.167721 -0.217091 0.829343
-0.102076 -0.326367 0.991314
-0.272629 -0.091246 0.662320
-0.205222 -0.179426 0.796767
-0.386176 -0.239347 0.879045
-0.425714 -0.255731 1.470304
-0.725756 -0.496609 1.533547
-0.581335 -0.361614 1.417391
-0.583974 -0.362809 1.422878
-0.523112 -0.215647 1.302907
-0.263791 -0.179492 1.213428
-0.588371 -0.345665 1.443063
-0.733821 -0.479014 1.531625
-0.131385 -0.357724 1.173784
-0.413023 -0.185027 1.167636
-0.282559 -0.141167 1.153932
-0.387108 -0.152018 1.046027
-0.438957 -0.176729 1.181244
-0.363125 -0.169996 1.164546
-0.560332 -0.394169 1.437134
-0.306238 -0.489460 1.632937
-0.860585 -0.492946 1.590036
-0.289234 -0.277252 1.081856
-0.304692 -0.412753 1.336226
-0.430427 -0.109989 0.754630
-0.184306 -0.085206 0.628605
-0.169391 -0.067205 0.574791
-0.525817 -0.193205 1.166369
-0.523301 -0.245119 1.306804
-0.344987 -0.126000 0.928139
-0.473294 -0.225698 1.187965
-0.509168 -0.271440 1.616277
-0.291469 -0.213956 1.193578
-0.601886 -0.308103 1.739630
-0.073217 -0.095144 1.161386
-0.362543 -0.147764 1.031338
-0.038938 -0.134624 1.286321
-0.351407 -0.114127 0.856631
-0.265858 -0.053024 0.610546
-0.303790 -0.072578 0.630516
-0.174398 -0.080137 0.748063
-0.146256 -0.131385 1.132673
-0.179844 -0.093582 1.060856
-0.309994 -0.348531 1.861499
-0.371245 -0.321125 1.466019
-0.074969 -0.082221 1.124109
-0.255387 -0.098975 0.909771
-0.255371 -0.101609 0.943887
-0.301109 -0.176283 1.223149
-0.327189 -0.193116 1.335080
-0.271873 -0.324235 1.243690
-0.258674 -0.302105 1.137075
-0.409992 -0.343458 1.629054
-0.251250 -0.274637 1.013002
-0.453079 -0.517538 1.701287
-0.475829 -0.386446 1.739658
-0.442941 -0.533442 1.707483
-0.458109 -0.439659 1.689294
-0.537623 -0.430951 1.580489
-0.534517 -0.463477 1.671460
-0.525942 -0.440453 1.701552
-0.346452 -0.291111 1.608085
-0.385557 -0.496674 1.552206
-0.544916 -0.422042 1.674823
-0.442519 -0.505972 1.712093
-0.251117 -0.273818 1.008357
-0.551663 -0.428038 1.450596
-0.312894 -0.512133 1.682265
-0.475605 -0.323375 1.656329
-0.548095 -0.403604 1.443899
-0.760169 -0.464445 1.559141
-0.628006 -0.241890 1.376240
-0.753374 -0.452905 1.522311
-0.260787 -0.217485 1.379151
-0.554227 -0.198644 1.186999
-0.695222 -0.265573 1.373800
-0.650226 -0.222195 1.303388
-0.495951 -0.317455 1.464841
-0.607417 -0.298466 1.437719
-0.517114 -0.386109 1.617210
-0.446572 -0.200690 0.943374
-0.162514 -0.137416 0.783758
-0.246977 -0.408792 1.172633
-0.354412 -0.187619 0.825546
-0.191249 -0.219432 0.834660
-0.441562 -0.239849 0.826130
-0.336324 -0.131841 0.801452
-0.548224 -0.229475 1.368835
-0.603408 -0.380620 1.326160
-0.719846 -0.447783 1.511518
-0.576797 -0.388469 1.439979
-0.513543 -0.372377 1.543015
-0.554522 -0.185294 1.189798
-0.615530 -0.282707 1.427368
-0.552483 -0.397671 1.452973
-0.472974 -0.332847 1.487577
-0.551842 -0.323921 1.387453
-0.601602 -0.289981 1.399354
-0.596648 -0.277845 1.390493
-0.189408 -0.206407 0.829965
-0.248821 -0.074986 0.584062
-0.413992 -0.118390 0.720443
-0.526995 -0.185596 1.154130
-0.567814 -0.341776 1.386723
-0.515167 -0.555241 1.730197
-0.457969 -0.439147 1.690397
-0.579063 -0.389916 1.441067
-0.452339 -0.211934 0.820874
-0.109879 -0.262840 0.931432
-0.408005 -0.247152 0.911127
-0.197116 -0.078561 0.607341
-0.306507 -0.093845 0.671761
-0.168050 -0.092483 0.645273
-0.133960 -0.054805 0.503850
-0.337908 -0.172159 1.288612
0.004931 -0.453782 1.471034
-0.315251 -0.521524 1.739799
-0.495375 -0.340520 1.648933
-0.281541 -0.268434 1.529236
-0.590952 -0.354082 1.445182
-0.523530 -0.436479 1.718999
-0.633118 -0.242490 1.387089
-0.109679 -0.040542 0.852632
-0.278411 -0.036262 0.554700
-0.097354 -0.037463 0.762977
-0.199882 -0.040016 0.674441
-0.355338 -0.070191 0.758846
-0.096323 -0.065887 0.847498
-0.323695 -0.074371 0.615691
-0.013968 -0.167663 1.508911
-0.106714 -0.095648 0.562867
-0.175408 -0.137503 0.794553
-0.068758 -0.279021 1.025003
-0.413464 -0.238312 0.863101
-0.242091 -0.051668 0.487418
-0.372451 -0.207541 1.291801
-0.739753 -0.450988 1.518614
-0.389282 -0.243046 1.451736
-0.526074 -0.252569 1.425420
-0.731582 -0.467870 1.513000
-0.564793 -0.407235 1.418792
-0.257700 -0.215731 1.342417
-0.508964 -0.406254 1.593283
-0.569090 -0.312511 1.449357
-0.549178 -0.403851 1.445026
-0.321634 -0.695769 3.118510
-0.630579 -0.272242 1.401573
-0.311073 -0.490231 1.632287
-0.215230 -0.045892 0.703689
-0.319303 -0.069966 0.620039
-0.139759 -0.062354 1.076593
-0.140199 -0.178946 0.750088
-0.248579 -0.334542 1.124519
-0.370742 -0.203075 0.927934
-0.312450 -0.402707 1.258478
-0.095729 -0.102251 0.522414
-0.413655 -0.302178 0.892605
-0.326979 -0.154251 0.870538
-0.156634 -0.166788 0.760620
-0.279070 -0.135823 0.799252
-0.193198 -0.226192 0.851842
-0.205250 -0.177553 0.791084
-0.209466 -0.155792 0.809761
-0.158162 -0.132034 0.770974
-0.366974 -0.491881 1.659572
-0.545534 -0.448252 1.664732
-0.258573 -0.301725 1.136071
-0.533782 -0.505051 1.615802
-0.527477 -0.505751 1.638322
-0.538587 -0.493605 1.660975
-0.519745 -0.319320 1.635884
-0.365051 -0.141110 0.773480
-0.176241 -0.091759 1.038592
-0.299527 -0.152030 0.643542
-0.193959 -0.074296 0.896645
-0.230126 -0.060806 0.720266
-0.149433 -0.094357 1.135983
-0.171405 -0.185802 0.765194
-0.139598 -0.193786 0.784492
-0.305639 -0.339009 1.130280
-0.307997 -0.351033 1.098286
-0.190889 -0.170713 0.786099
-0.231815 -0.390037 1.141201
-0.137138 -0.343158 1.131364
-0.149843 -0.203681 0.810463
-0.339645 -0.124729 0.916061
-0.155326 -0.122514 1.155555
-0.238564 -0.056167 0.714815
-0.308570 -0.084350 0.753048
-0.508225 -0.369995 1.525854
-0.551359 -0.390070 1.418432
-0.181002 -0.222488 0.829492
-0.415644 -0.305108 0.874127
-0.231176 -0.388687 1.136731
-0.088743 -0.097530 0.502094
-0.134664 -0.079628 0.590514
0.007649 -0.469798 1.494173
0.006349 -0.466612 1.484526
0.265755 -0.326173 2.418483
-0.442973 -0.215444 0.831882
-0.111160 -0.293290 1.047779
-0.132265 -0.078573 0.588356
-0.154332 -0.168233 0.763610
-0.155258 -0.087409 0.625581
-0.439427 -0.239054 0.822909
-0.422599 -0.159545 0.888273
-0.557333 -0.297918 1.423957
-0.512853 -0.252056 1.119946
-0.146808 -0.124775 0.715250
-0.156844 -0.214816 0.862052
-0.217786 -0.195556 0.817448
-0.308477 -0.094122 0.675870
-0.189983 -0.301589 1.016492
-0.168754 -0.216083 0.806241
-0.464389 -0.124238 0.808884
-0.117408 -0.250464 0.947989
-0.120771 -0.237921 0.943368
-0.440244 -0.188168 0.830609
-0.051922 -0.082731 0.437555
-0.096181 -0.080324 0.517763
-0.461807 -0.453665 1.747473
-0.441131 -0.535444 1.707194
-0.499892 -0.349873 1.473426
-0.500989 -0.512028 1.666837
-0.524183 -0.404168 1.597122
-0.509873 -0.466551 1.687498
-0.221243 -0.574846 2.321660
-0.543545 -0.411123 1.431466
-0.359877 -0.398914 1.430221
-0.488836 -0.278057 1.086846
-0.549823 -0.413931 1.445998
-0.330303 -0.103724 0.707593
-0.315646 -0.066006 0.661007
-0.226296 -0.049861 0.648109
-0.080646 -0.078011 1.095899
-0.133628 -0.059137 0.904944
-0.072584 -0.085017 1.160210
-0.336425 -0.132460 0.979385
-0.111835 -0.121778 1.093188
-0.311532 -0.301331 1.117050
-0.126088 -0.166776 0.834242
-0.135400 -0.179135 0.754834
-0.254758 -0.100738 0.688847
-0.310322 -0.351371 1.146418
-0.391745 -0.314511 0.967245
-0.308499 -0.298839 1.117843
-0.466112 -0.390489 1.654313
-0.561506 -0.284767 1.411851
-0.581930 -0.285175 1.421242
-0.427799 -0.353725 1.711887
-0.399180 -0.388671 1.583833
-0.250967 -0.276782 1.023574
-0.575509 -0.441019 1.432810
-0.313270 -0.479720 1.585972
-0.538497 -0.324477 1.448760
-0.443341 -0.544528 1.603281
-0.509138 -0.362581 1.606368
-0.455477 -0.449693 1.731504
-0.348279 -0.461383 1.417623
-0.550096 -0.404520 1.446118
-0.431861 -0.335409 1.713389
-0.590889 -0.293855 1.404361
-0.441730 -0.347733 1.682111
-0.343251 -0.134728 0.809150
-0.409358 -0.133592 0.810505
-0.426677 -0.305358 0.889451
-0.337032 -0.105555 0.713102
-0.141433 -0.175761 0.750849
-0.420186 -0.236759 0.881403
-0.207949 -0.162171 0.806865
-0.190123 -0.223390 0.848074
-0.403061 -0.290010 0.874245
-0.380376 -0.148960 0.859728
-0.122217 -0.224419 0.917031
-0.421124 -0.137200 0.826968
-0.548574 -0.478357 1.717018
-0.323878 -0.068279 0.677931
-0.277259 -0.059664 0.691328
-0.227236 -0.052770 0.751223
-0.044723 -0.087097 1.201837
-0.338300 -0.085912 0.735123
-0.236763 -0.052734 0.704147
-0.348031 -0.180758 1.317887
-0.124376 -0.406929 1.140105
-0.095917 -0.080522 0.516284
-0.121109 -0.241708 0.958716
-0.139506 -0.288208 0.973318
-0.457678 -0.144521 0.842174
-0.209475 -0.139342 1.145475
-0.406837 -0.140327 0.929495
-0.162268 -0.079989 1.000915
-0.115001 -0.098683 1.041631
-0.440173 -0.508401 1.706550
-0.403041 -0.393018 1.604997
-0.453550 -0.494954 1.674205
-0.542801 -0.468851 1.679672
-0.414828 -0.419434 1.648800
-0.368954 -0.504917 1.565716
-0.504028 -0.213287 1.205111
-0.486044 -0.219649 1.149889
-0.242529 -0.072507 0.848835
-0.351775 -0.108436 0.820532
-0.398666 -0.363993 1.576107
-0.466788 -0.439005 1.732694
-0.556493 -0.325432 1.410076
-0.546371 -0.425784 1.438529
-0.556905 -0.305334 1.400337
-0.568929 -0.384568 1.421991
-0.477468 -0.324065 1.662315
-0.550775 -0.302945 1.406556
-0.557239 -0.273247 1.399181
-0.517467 -0.386703 1.618970
-0.522376 -0.390184 1.634797
-0.610255 -0.365453 1.518437
-0.559703 -0.329789 1.378503
-0.572481 -0.288994 1.394314
-0.375525 -0.256154 1.562892
-0.557607 -0.352574 1.364215
-0.508109 -0.405357 1.524979
-0.426011 -0.334990 1.707717
-0.507595 -0.304090 1.445898
-0.521292 -0.430110 1.599107
-0.521122 -0.494270 1.586520
-0.349630 -0.574308 1.917017
-0.378651 -0.092702 0.681659
-0.348998 -0.075090 0.634571
-0.103408 -0.099258 0.536992
-0.064126 -0.083634 0.448225
-0.085054 -0.338399 1.082654
-0.574995 -0.388297 1.437675
-0.520715 -0.375878 1.636917
-0.353023 -0.457786 1.443740
-0.371312 -0.241079 1.356675
-0.718409 -0.491165 1.517904
-0.365468 -0.459879 1.446658
-0.535414 -0.318966 1.437055
-0.565943 -0.311399 1.445395
-0.066732 -0.278177 1.021329
-0.231777 -0.044829 0.469456
-0.055398 -0.302365 0.953765
-0.207241 -0.058617 0.524634
-0.131046 -0.339622 1.053330
-0.187956 -0.133808 1.311383
-0.088143 -0.164554 1.210345
-0.297253 -0.090181 0.783698
-0.239372 -0.064071 0.749657
-0.259485 -0.216352 1.368416
-0.736306 -0.450967 1.514166
-0.440163 -0.289710 1.594449
-0.534019 -0.315622 1.449536
-0.370116 -0.248077 1.464207
-0.553670 -0.279709 1.443553
-0.508078 -0.256330 1.442481
-0.320598 -0.385668 1.169512
-0.337152 -0.248097 1.040975
-0.254337 -0.152370 0.846089
-0.248611 -0.172742 0.873061
-0.182005 -0.156537 0.792529
-0.192793 -0.197607 0.807069
-0.398099 -0.141503 0.788665
-0.202310 -0.192914 0.803759
-0.207616 -0.199191 0.815159
-0.190405 -0.145434 0.816268
-0.456192 -0.325194 0.957273
-0.300868 -0.342916 1.097154
-0.363041 -0.231092 1.340441
-0.485160 -0.283309 1.459440
-0.479540 -0.374779 1.667343
-0.594737 -0.287541 1.435539
-0.297853 -1.024580 2.964469
-0.573440 -0.321691 1.433470
-0.341568 -0.139887 1.001488
-0.343627 -0.137459 0.989709
-0.313393 -0.098277 0.810516
-0.374741 -0.232029 0.855806
-0.406377 -0.274205 0.907802
-0.217968 -0.387103 1.108235
-0.196541 -0.223446 0.846718
-0.115491 -0.324529 1.055061
-0.593714 -0.312066 1.446725
-0.604416 -0.307590 1.430485
-0.177555 -0.090860 1.041548
-0.196894 -0.165691 1.392091
-0.335764 -0.084132 0.719230
-0.250590 -0.059449 0.706648
-0.335857 -0.320302 1.775859
-0.553327 -0.287618 1.428074
-0.363937 -0.323812 1.570144
-0.301107 -0.249419 1.503018
-0.370215 -0.159380 1.105109
-0.589776 -0.294480 1.679331
-0.050766 -0.083581 1.224717
-0.083432 -0.079891 1.145906
-0.279303 -0.143763 1.141379
-0.224637 -0.127101 1.022179
-0.061831 -0.377661 1.054714
-0.444922 -0.216264 0.835484
-0.536937 -0.443294 1.435700
-0.508097 -0.360992 1.523822
-0.516435 -0.385096 1.626043
-0.441459 -0.259903 1.487667
-0.517109 -0.337227 1.629517
-0.469658 -0.349821 1.707994
-0.532349 -0.425033 1.692941
-0.258731 -0.302240 1.138430
-0.465108 -0.309545 1.679990
-0.525162 -0.403545 1.603229
-0.457593 -0.439220 1.738910
-0.482872 -0.494859 1.630514
-0.511147 -0.335972 1.614055
-0.250995 -0.058691 0.703217
-0.015417 -0.121086 1.482178
-0.201754 -0.137182 1.092788
-0.295526 -0.092440 0.770017
-0.457784 -0.372018 1.648529
-0.460656 -0.465475 1.615393
-0.471586 -0.511896 1.667243
-0.471356 -0.511975 1.667379
-0.452854 -0.360485 1.579598
-0.174173 -0.066342 0.893601
-0.113707 -0.072930 1.008420
-0.363464 -0.063645 0.626672
-0.343486 -0.068584 0.605987
-0.340967 -0.057763 0.600063
-0.321823 -0.058389 0.556432
-0.308138 -0.056995 0.535945
-0.302637 -0.068180 0.653603
-0.326812 -0.058799 0.564619
-0.344413 -0.069204 0.606462
-0.300603 -0.281383 1.112462
-0.192013 -0.182369 0.776008
-0.180119 -0.227721 0.846371
-0.515030 -0.232778 1.219033
-0.241953 -0.109793 1.062335
-0.476469 -0.227032 1.195408
-0.193175 -0.085316 1.000509
-0.464980 -0.186168 1.120940
-0.225549 -0.223223 0.874757
-0.344209 -0.224732 0.811014
-0.235499 -0.468561 1.486515
-0.226963 -0.212246 0.849092
-0.337223 -0.249547 0.894920
-0.338134 -0.216748 0.813670
-0.230386 -0.184132 0.834498
-0.229993 -0.200009 0.831070
-0.268122 -0.194586 1.000952
-0.274524 -0.133876 0.803967
-0.182873 -0.198428 0.795370
-0.402048 -0.245580 0.861623
-0.350481 -0.192779 0.994788
-0.191068 -0.186760 0.779438
-0.230795 -0.598358 1.931783
-0.456026 -0.519351 1.693792
-0.282841 -0.361715 1.383511
-0.555774 -0.391786 1.428428
-0.545373 -0.413123 1.437039
-0.527344 -0.485270 1.639432
-0.473861 -0.345614 1.680818
-0.508416 -0.404152 1.524957
-0.519388 -0.494277 1.584299
-0.544077 -0.316259 1.641773
-0.537987 -0.314127 1.628858
-0.489878 -0.262343 1.555420
-0.188286 -0.298624 1.009740
-0.437340 -0.145152 0.849160
-0.360488 -0.084365 0.659552
-0.375174 -0.102717 0.714235
-0.253223 -0.099989 0.685413
-0.156786 -0.177532 0.756290
-0.358132 -0.154462 1.121542
-0.447314 -0.436742 1.704346
-0.484350 -0.475901 1.633202
-0.475906 -0.324749 1.665841
-0.435353 -0.421413 1.658213
-0.447513 -0.234925 0.809098
-0.220621 -0.087727 0.640647
-0.225577 -0.114710 0.728314
-0.168933 -0.225003 0.843740
-0.102980 -0.345462 1.064693
-0.543922 -0.249743 1.332723
-0.084722 -0.115086 1.150158
-0.080579 -0.101265 1.127046
0.036344 -0.129376 1.727401
-0.145855 -0.176617 0.754856
-0.397532 -0.266760 0.871180
-0.401119 -0.292138 0.858847
-0.171569 -0.148722 0.776298
-0.299986 -0.429065 1.349621
-0.221517 -0.351507 1.189457
-0.416717 -0.162314 0.909298
-0.286942 -0.270399 1.046208
-0.317400 -0.341621 1.147989
-0.310732 -0.356251 1.115008
-0.163999 -0.326481 1.000130
-0.310419 -0.342297 1.142719
-0.113382 -0.331986 1.008126
-0.184744 -0.219766 0.836780
-0.190677 -0.170580 0.787559
-0.233539 -0.198083 0.832686
-0.262072 -0.313358 1.121904
-0.229115 -0.172588 0.836305
-0.199664 -0.143111 0.813628
-0.564644 -0.397723 1.419470
-0.588016 -0.292904 1.399277
-0.563420 -0.381984 1.416845
-0.531585 -0.275521 1.442247
-0.429568 -0.316090 1.727727
-0.496935 -0.327610 1.467461
-0.596196 -0.302899 1.394127
-0.590066 -0.290572 1.383556
-0.371379 -0.254248 1.514779
-0.617250 -0.289210 1.356669
-0.275026 -0.404665 2.170108
-0.510373 -0.361724 1.530053
-0.347276 -0.104879 0.747884
-0.281771 -0.085644 0.788078
-0.331917 -0.072534 0.627442
-0.231036 -0.125690 1.019609
-0.647627 -0.375910 1.482339
-0.502726 -0.328199 1.468909
-0.249084 -0.300660 1.053631
-0.523736 -0.403275 1.595132
-0.496331 -0.365079 1.552997
-0.502246 -0.407911 1.511532
-0.567500 -0.331706 1.404383
-0.517712 -0.304924 1.632947
-0.626954 -0.251748 1.394653
-0.486766 -0.455964 1.639919
-0.476824 -1.150544 5.056110
-0.124044 -0.215785 0.965492
-0.125695 -0.116302 0.722053
-0.157742 -0.168944 0.771778
-0.161101 -0.189666 0.768677
-0.131709 -0.150716 0.817494
-0.181599 -0.142206 0.810434
-0.196376 -0.197386 0.801569
-0.180889 -0.306392 1.008973
-0.557072 -0.304490 1.418423
-0.540007 -0.472446 1.691519
-0.544756 -0.429959 1.702289
-0.585456 -0.511338 1.833618
-0.542602 -0.474654 1.698687
-0.535636 -0.433913 1.723637
-0.482592 -0.515708 1.626383
-0.545034 -0.452713 1.714197
-0.457350 -0.519451 1.691800
-0.431683 -0.316798 1.734977
-0.591311 -0.304399 1.428568
-0.311861 -0.342601 1.822510
-0.440691 -0.258907 1.480511
-0.444141 -0.378137 1.676618
-0.504581 -0.379343 1.589489
-0.513403 -0.352639 1.497806
-0.203324 -0.159621 0.803528
-0.176566 -0.220762 0.820313
-0.399853 -0.277369 0.905915
-0.257327 -0.170777 0.901465
-0.373971 -0.227118 0.860732
-0.166675 -0.144064 0.763764
-0.502356 -0.292126 1.435287
-0.509056 -0.281901 1.433181
-0.595951 -0.332620 1.418654
-0.379240 -0.255978 1.556824
-0.594028 -0.391178 1.449300
-0.537347 -0.328322 1.402982
-0.562056 -0.432413 1.400507
-0.372574 -0.287462 1.543137
-0.279616 -0.636809 2.802684
-0.529537 -0.388032 1.590265
-0.536654 -0.391565 1.609439
-0.415387 -0.264920 1.530106
-0.510170 -0.374184 1.529235
-0.515329 -0.291220 1.441700
-0.482736 -0.307034 1.483210
-0.562424 -0.323818 1.401948
-0.534223 -0.324901 1.426993
-0.589101 -0.330381 1.405185
-0.223423 -0.116241 0.988410
-0.191901 -0.166008 1.344677
-0.220424 -0.069033 0.812904
-0.113551 -0.097693 1.035771
-0.538456 -0.299902 1.574856
-0.570243 -0.304684 1.611231
-0.537504 -0.276284 1.538313
-0.237205 -0.041640 0.519003
-0.167224 -0.136347 0.780055
-0.036195 -0.257567 0.957396
-0.108464 -0.297602 0.977008
-0.543157 -0.464756 1.660106
-0.272681 -0.330025 1.265369
-0.259407 -0.304709 1.149060
-0.615690 -0.302407 1.389769
-0.476339 -0.277139 1.466151
-0.095471 -0.075178 1.078556
-0.080860 -0.113464 1.158890
-0.444328 -0.233792 0.803232
-0.202478 -0.145090 0.810270
-0.202805 -0.072225 0.581257
-0.070785 -0.045774 0.484823
-0.096100 -0.057050 0.517910
-0.053729 -0.370430 1.045558
-0.211899 -0.141597 1.160327
-0.283553 -0.142091 1.162624
-0.385886 -0.240230 0.869892
-0.414736 -0.271942 0.926674
-0.266607 -0.378743 1.271476
-0.210880 -0.186260 0.797228
-0.252801 -0.150259 0.851681
-0.261224 -0.333361 1.106168
-0.137182 -0.176973 0.765298
-0.141688 -0.143645 0.784132
-0.378106 -0.121179 0.769245
-0.196506 -0.196946 0.797752
-0.252939 -0.345530 1.161843
-0.246653 -0.190641 0.865115
-0.390538 -0.229446 0.862181
-0.184118 -0.195780 0.789766
-0.137467 -0.164096 0.791268
-0.206886 -0.083025 0.614833
-0.252346 -0.412059 1.202652
-0.195342 -0.179499 0.779058
-0.160771 -0.184568 0.750479
-0.331872 -0.217412 1.079195
-0.307529 -0.298383 1.116608
-0.204157 -0.153580 0.814179
-0.176253 -0.203129 0.800886
-0.326890 -0.129914 0.780451
-0.234490 -0.165502 0.864657
-0.199234 -0.198698 0.808637
-0.191328 -0.167085 0.802463
-0.317227 -0.348882 1.149483
-0.332786 -0.344319 1.090833
-0.168125 -0.136656 0.782556
-0.321457 -0.283501 1.050896
-0.322931 -0.303901 1.058374
-0.285574 -0.308950 1.114068
-0.280365 -0.303204 1.093919
-0.273902 -0.158034 0.872394
-0.220397 -0.213750 0.843027
-0.435047 -0.201750 0.827424
-0.414428 -0.189276 0.866844
-0.350596 -0.194508 0.880181
-0.198089 -0.165630 0.794036
-0.348503 -0.313966 1.026037
-0.320392 -0.281842 1.044561
-0.338089 -0.134486 0.795419
-0.263573 -0.198288 0.932752
-0.262996 -0.197311 0.929417
-0.216169 -0.207233 0.836265
-0.314610 -0.255605 1.009231
-0.329308 -0.211682 1.015143
-0.372994 -0.342122 1.085793
-0.376139 -0.233003 0.816790
-0.421912 -0.143608 0.826200
-0.440420 -0.163433 0.832061
-0.204640 -0.167484 0.800330
-0.317559 -0.296166 1.091190
-0.353105 -0.305696 0.994173
-0.394483 -0.180744 0.831419
-0.370876 -0.254745 0.846964
-0.366536 -0.290933 1.015845
-0.357940 -0.293163 0.992781
-0.338730 -0.225345 0.856647
-0.448111 -0.129747 0.807295
-0.205666 -0.157266 0.807134
-0.218939 -0.213013 0.838870
-0.156681 -0.133017 0.773803
-0.274789 -0.336219 1.181146
-0.443009 -0.236845 0.812353
-0.364709 -0.133080 0.798928
-0.146107 -0.200403 0.809003
-0.150206 -0.149491 0.771256
-0.212978 -0.192204 0.793507
-0.145497 -0.157857 0.761683
-0.351227 -0.138079 0.817907
-0.266545 -0.327093 1.109353
-0.228555 -0.155691 0.851808
-0.437143 -0.115459 0.759082
-0.391821 -0.153201 0.874232
-0.193810 -0.283448 1.032319
-0.296454 -0.341881 1.135265
-0.267038 -0.336683 1.116887
-0.323034 -0.268418 1.048566
-0.315560 -0.360880 1.141407
-0.188891 -0.101379 0.665320
-0.369291 -0.119801 0.754381
-0.165457 -0.194302 0.776556
-0.413963 -0.317886 0.998979
-0.453177 -0.320692 0.932884
-0.244149 -0.412745 1.179094
-0.413765 -0.167208 0.881738
-0.397255 -0.197941 0.887516
-0.331965 -0.267421 1.059637
-0.321139 -0.282129 1.074651
-0.176349 -0.202641 0.800243
-0.372478 -0.301704 0.897348
-0.224341 -0.179135 0.819541
-0.165393 -0.115917 0.726318
-0.197890 -0.176522 0.786211
-0.223110 -0.364389 1.199235
-0.301080 -0.289250 1.121916
-0.341708 -0.321930 1.047262
-0.344515 -0.326450 1.061270
-0.223120 -0.151943 0.831389
-0.307748 -0.274756 1.075720
-0.194619 -0.232191 0.876272
-0.365736 -0.187059 0.826630
-0.326587 -0.212708 1.042934
-0.305191 -0.343373 1.160581
-0.342952 -0.192440 0.862377
-0.302757 -0.398671 1.272107
-0.379954 -0.262352 0.865735
-0.412805 -0.280778 0.909574
-0.181072 -0.191523 0.784466
-0.173403 -0.168138 0.762867
-0.144874 -0.106364 0.697282
-0.322959 -0.303634 1.057431
-0.401109 -0.415179 1.276547
-0.257486 -0.127424 0.773285
-0.165552 -0.179902 0.762702
-0.324950 -0.115901 0.748462
-0.231346 -0.201160 0.833378
-0.237162 -0.212754 0.863977
-0.296365 -0.245134 1.191442
-0.207742 -0.187407 0.796843
-0.234801 -0.166782 0.848913
-0.333674 -0.174027 1.245435
-0.135274 -0.321855 0.997501
-0.173252 -0.158595 0.782007
-0.154777 -0.136549 0.762611
-0.055474 -0.082649 0.454315
-0.593060 -0.358402 1.504000
-0.535465 -0.468613 1.709260
-0.490013 -0.373074 1.661486
-0.529063 -0.492497 1.632345
-0.519729 -0.429309 1.713118
-0.452227 -0.350230 1.521470
-0.509574 -0.318330 1.607796
-0.525562 -0.450675 1.611072
-0.360653 -0.318254 1.547346
-0.542608 -0.462095 1.697003
-0.524833 -0.503801 1.637425
-0.526483 -0.486279 1.639581
-0.523482 -0.484022 1.594761
-0.515732 -0.503539 1.609687
-0.522915 -0.501356 1.630168
-0.527900 -0.485516 1.641060
-0.561087 -0.395418 1.410538
-0.527819 -0.276007 1.429399
-0.409394 -0.291743 0.845421
-0.326894 -0.101016 0.701567
-0.407500 -0.278272 0.921019
-0.451049 -0.236245 0.814401
-0.232688 -0.359459 1.161581
-0.340687 -0.106425 0.719290
-0.193753 -0.311365 1.057882
-0.166574 -0.223005 0.851110
-0.181072 -0.097794 0.665417
-0.069950 -0.305549 0.986342
-0.374600 -0.190227 0.873972
-0.156256 -0.218605 0.842450
-0.311680 -0.046712 0.584849
-0.362028 -0.315314 1.552705
-0.534870 -0.472180 1.682476
-0.441159 -0.504146 1.707397
-0.215208 -0.206331 0.831096
-0.140510 -0.325932 1.089838
-0.310528 -0.122069 0.764386
-0.401828 -0.207635 0.838484
-0.207596 -0.186715 0.792604
-0.303879 -0.169743 0.910784
-0.337730 -0.213768 1.054670
-0.144774 -0.168437 0.759938
-0.368693 -0.447536 1.516475
-0.454023 -0.392857 1.624164
-0.451697 -0.506987 1.686010
-0.266211 -0.404132 2.093357
-0.271001 -0.090236 0.832899
-0.242803 -0.055640 0.694607
-0.231618 -0.055844 0.728520
-0.511496 -0.298877 1.613681
-0.507102 -0.367974 1.521051
-0.316440 -0.092624 0.787350
-0.426930 -0.430126 1.700120
-0.356993 -0.496298 1.667305
-0.351581 -0.294684 1.654534
-0.531118 -0.429811 1.714316
-0.475079 -0.328062 1.695018
-0.464238 -0.347935 1.693708
-0.388272 -0.500912 1.564477
-0.473243 -0.394171 1.677624
-0.456127 -0.522230 1.713247
-0.486230 -0.377057 1.689110
-0.263259 -0.510458 3.088618
-0.405151 -0.291272 0.877886
-0.380067 -0.195043 0.876972
-0.333501 -0.355658 1.119244
-0.361559 -0.198719 0.905772
-0.344619 -0.189958 0.979429
-0.237477 -0.365860 1.147124
-0.940730 -0.249196 1.997269
-0.255693 -0.075194 0.609654
-0.318368 -0.068399 0.602468
-0.313217 -0.122949 0.771114
-0.342524 -0.134943 0.806255
-0.417794 -0.212061 0.864611
-0.433418 -0.144449 0.845089
-0.203855 -0.107354 0.703457
0.072851 -0.264592 2.096211
-0.292328 -0.171686 1.187425
-0.152490 -0.215853 0.838288
-0.054935 -0.082553 0.455037
-0.420880 -0.233885 0.883377
-0.208495 -0.142583 0.813583
-0.431415 -0.312701 0.885749
-0.516625 -0.356857 1.540671
-0.498274 -0.351280 1.499879
-0.462792 -0.439092 1.713415
-0.529739 -0.503057 1.648690
-0.350451 -0.556170 1.837317
-0.372151 -0.502357 1.659024
-0.554701 -0.446396 1.778500
-0.509803 -0.407788 1.530921
-0.522824 -0.495739 1.589719
-0.558247 -0.402037 1.481205
-0.473389 -0.477887 1.651717
-0.541135 -0.417400 1.538880
-0.471628 -0.471020 1.638667
-0.482605 -0.481684 1.629422
-0.472693 -0.564770 1.758163
-0.542216 -0.502359 1.668670
-0.193024 -0.363252 1.911382
-0.379875 -0.561099 1.868224
-0.474059 -0.566454 1.764853
-0.092393 -0.097663 0.494853
-0.198111 -0.078923 0.611328
-0.063848 -0.266660 0.980487
-0.082978 -0.320867 1.042419
-0.101502 -0.322973 1.053795
-0.096902 -0.057034 0.522540
-0.524126 -0.231935 1.249543
-0.399878 -0.128583 0.800433
-0.125510 -0.237040 0.967333
-0.213338 -0.219271 0.859274
-0.234928 -0.367959 1.198875
-0.384931 -0.255320 0.892318
-0.199998 -0.105691 0.687659
-0.486199 -0.497447 1.637295
-0.524563 -0.465798 1.597178
-0.523678 -0.502038 1.629857
-0.552608 -0.494922 1.594601
-0.555713 -0.458017 1.475575
-0.508751 -0.362354 1.604595
-0.512281 -0.373879 1.517184
-0.509897 -0.367670 1.610547
-0.204755 -0.179121 0.793069
-0.333904 -0.347612 1.101804
-0.392383 -0.327291 1.031182
-0.280317 -0.359794 1.220870
-0.279314 -0.184867 0.961743
-0.213016 -0.198790 0.817928
-0.236820 -0.206940 0.848307
-0.197384 -0.384074 1.290486
-0.224667 -0.173244 0.827977
-0.478583 -0.407212 1.621233
-0.278427 -0.350331 1.338131
-0.278807 -0.351572 1.343104
-0.447761 -0.378906 1.685386
-0.501155 -0.369062 1.645118
-0.407293 -0.102036 0.722342
-0.081905 -0.094271 0.486357
-0.256420 -0.170799 0.904797
-0.278514 -0.345527 1.174557
-0.190414 -0.172808 0.781521
-0.291441 -0.395077 1.236571
-0.402642 -0.294583 0.869039
-0.260765 -0.298969 1.145635
-0.372772 -0.502043 1.660786
-0.485846 -0.503013 1.638102
-0.530789 -0.490728 1.610422
-0.532486 -0.434283 1.588822
-0.482271 -0.377326 1.685230
-0.439325 -0.507328 1.703571
-0.537014 -0.470274 1.680416
-0.512381 -0.381921 1.614091
-0.511382 -0.484585 1.644628
-0.310940 -0.340184 1.138732
-0.187732 -0.387393 1.388036
-0.378296 -0.243249 0.880098
-0.232840 -0.373558 1.139555
-0.197212 -0.164961 0.809675
-0.202490 -0.165728 0.789073
-0.129167 -0.186762 0.775692
-0.140939 -0.143500 0.780970
-0.129312 -0.174702 0.875180
-0.128261 -0.171037 0.853086
-0.124849 -0.115949 0.717221
-0.120696 -0.321001 1.027900
-0.067740 -0.306123 0.994235
-0.450585 -0.236382 0.813794
-0.439986 -0.395764 1.678367
-0.397981 -0.363954 1.573960
-0.469719 -0.447213 1.745757
-0.502237 -0.405812 1.517778
-0.525038 -0.439912 1.699611
-0.542944 -0.427923 1.699914
-0.486028 -0.476705 1.637174
-0.017374 -0.154182 1.472031
-0.438957 -0.491861 1.660658
-0.529555 -0.489591 1.607466
-0.498834 -0.421214 1.683156
-0.270738 -0.324482 1.238139
-0.261008 -0.300298 1.152992
-0.332456 -0.178821 1.225148
-0.441403 -0.214748 0.828646
-0.089264 -0.294656 0.955901
-0.121053 -0.164518 1.106999
0.012574 -0.120400 1.488104
-0.356440 -0.154736 1.064472
-0.525452 -0.291576 1.642980
-0.452036 -0.486059 1.669643
-0.448414 -0.417430 1.657637
-0.458687 -0.440477 1.690909
-0.268704 -0.315584 1.222195
-0.455486 -0.511200 1.721147
-0.511212 -0.500118 1.597202
-0.515202 -0.393021 1.679869
-0.273340 -0.332658 1.258072
-0.274964 -0.339461 1.289606
-0.534689 -0.426530 1.698740
-0.455349 -0.517319 1.684570
-0.484749 -0.518601 1.632379
-0.486349 -0.503223 1.638203
-0.530215 -0.486985 1.640483
-0.538245 -0.416199 1.534394
-0.290529 -0.346317 1.143570
-0.342294 -0.215637 1.069558
-0.301961 -0.075542 0.615057
-0.273759 -0.081171 0.628056
-0.119286 -0.244091 0.943053
-0.407106 -0.102631 0.719044
-0.179521 -0.157069 0.780465
-0.199253 -0.168462 0.804573
-0.097781 -0.104732 0.542202
-0.291542 -0.088475 0.660381
-0.132246 -0.078759 0.598651
-0.192297 -0.150293 1.226030
0.005968 -0.458627 1.457330
-0.299594 -0.175484 1.215842
-0.403786 -0.175516 1.140082
0.084154 -0.184265 2.091484
-0.240327 -0.120137 0.755698
-0.190246 -0.153439 0.809118
-0.225235 -0.204762 0.831743
-0.191040 -0.171055 0.787454
-0.245917 -0.123282 0.751327
-0.289486 -0.333219 1.133982
-0.187474 -0.185575 0.774734
-0.359596 -0.206477 1.042502
-0.333913 -0.318409 1.083364
-0.351358 -0.252517 0.898035
-0.349099 -0.267065 0.864693
-0.333141 -0.317508 1.081202
-0.385267 -0.321479 1.013122
-0.375413 -0.315619 1.037068
-0.343585 -0.244253 0.908098
-0.337328 -0.309888 1.056556
-0.274006 -0.327686 1.151307
-0.366994 -0.280459 0.987659
-0.363817 -0.275904 0.984382
-0.353341 -0.241220 0.871127
-0.352238 -0.141575 0.809519
-0.154449 -0.167771 0.770015
-0.161010 -0.189500 0.768131
-0.247717 -0.162195 0.883775
-0.318598 -0.256274 1.034907
-0.207851 -0.148365 0.805632
-0.339149 -0.274449 1.071922
-0.192853 -0.181926 0.778355
-0.344690 -0.289656 1.080914
-0.223318 -0.152051 0.829605
-0.280189 -0.319185 1.084973
-0.137089 -0.200008 0.812129
-0.144046 -0.106272 0.690944
-0.303743 -0.398102 1.297758
-0.353843 -0.083771 0.648523
-0.220657 -0.172215 0.819562
-0.313011 -0.270758 1.058031
-0.234828 -0.218498 0.863427
-0.354263 -0.199231 1.013545
-0.185810 -0.313334 1.034179
-0.438117 -0.213301 0.822211
-0.296940 -0.330875 1.116155
-0.196884 -0.167635 0.789932
-0.206327 -0.160089 0.813049
-0.456288 -0.143765 0.839052
-0.177433 -0.188084 0.772943
-0.420156 -0.285482 0.924538
-0.336670 -0.271784 1.061920
-0.341992 -0.324086 1.055507
-0.204515 -0.167365 0.797953
-0.120948 -0.279630 0.942742
-0.302355 -0.414623 1.331443
-0.183201 -0.196998 0.790935
-0.316335 -0.292516 1.066029
-0.409960 -0.247926 0.914644
-0.365616 -0.300257 0.923819
-0.304253 -0.352849 1.171532
-0.267696 -0.306676 1.041367
-0.436757 -0.237807 0.817945
-0.380554 -0.178375 0.809310
-0.174299 -0.171732 0.746014
-0.415102 -0.235505 0.854530
-0.359948 -0.188790 0.957515
-0.335807 -0.342220 1.082991
-0.398753 -0.163958 0.853615
-0.172095 -0.215788 0.823548
-0.173868 -0.218189 0.834137
-0.098933 -0.083979 0.525629
-0.131615 -0.191307 0.798260
-0.308646 -0.094565 0.668214
-0.190095 -0.075594 0.598682
-0.142380 -0.181752 0.756574
-0.166854 -0.136283 0.782362
-0.146236 -0.158244 0.766495
-0.161233 -0.185757 0.755605
-0.376289 -0.165892 0.878608
-0.363326 -0.234326 1.036119
-0.281274 -0.211845 1.078745
-0.296028 -0.241786 1.172211
-0.234005 -0.212217 0.856925
-0.339245 -0.214223 1.062498
-0.459982 -0.162710 0.842526
-0.457520 -0.162587 0.838703
-0.157679 -0.166970 0.766280
-0.146390 -0.159481 0.769058
-0.401015 -0.307443 0.971833
-0.391761 -0.232165 0.854923
-0.417273 -0.282685 0.917904
-0.223024 -0.348849 1.085481
-0.194234 -0.077417 0.599221
-0.403228 -0.236110 0.881843
-0.244875 -0.211360 0.866452
-0.173357 -0.220340 0.841132
-0.446305 -0.216851 0.837129
-0.311223 -0.440625 1.371426
-0.313135 -0.111976 0.732445
-0.160914 -0.144304 0.789453
-0.409189 -0.233583 0.863467
-0.446945 -0.255723 0.816648
-0.410656 -0.299810 0.875744
-0.288437 -0.061170 0.717836
-0.350855 -0.090201 0.754890
-0.185992 -0.048056 0.755923
-0.082158 -0.114748 1.166155
-0.480525 -0.407900 1.626599
-0.503074 -0.386299 1.647447
-0.480014 -0.407636 1.625217
-0.234540 -0.213895 0.854810
-0.226831 -0.350990 1.083790
-0.178049 -0.173899 0.767669
-0.183343 -0.308380 1.014996
-0.334820 -0.132439 0.787259
-0.179829 -0.221140 0.823600
-0.156930 -0.219578 0.846969
-0.194421 -0.214878 0.830771
-0.189564 -0.188129 0.779076
0.234727 -0.329211 2.347080
-0.455174 -0.392752 1.625016
-0.283030 -0.112756 0.722506
-0.096543 -0.057416 0.522476
-0.051049 -0.364869 1.016822
-0.172197 -0.162524 0.763170
-0.064997 -0.320301 1.034668
-0.062409 -0.289032 0.955022
-0.153447 -0.128796 0.761200
-0.096943 -0.081589 0.512645
-0.401869 -0.101317 0.713833
-0.208201 -0.205753 0.816058
-0.396617 -0.241481 0.871191
-0.263703 -0.079792 0.608024
-0.461777 -0.455317 1.749997
-0.439733 -0.507418 1.702353
-0.548107 -1.343690 5.879661
-0.456729 -0.511937 1.715928
-0.385112 -0.437792 1.525881
-0.483846 -0.341272 1.657709
-0.529117 -0.456742 1.710131
-0.513798 -0.336506 1.641805
-0.108759 -0.085553 0.441726
-0.508684 -0.333772 1.298406
-0.334933 -0.163509 1.200291
-0.387794 -0.378848 1.533859
-0.287708 -0.413046 1.460348
-0.469510 -0.385823 1.732237
-0.469779 -0.385874 1.732487
-0.496021 -0.337717 1.640517
-0.474973 -0.378557 1.694296
-0.480366 -0.381148 1.711094
-0.522663 -0.256601 1.456431
-0.869755 -0.283383 2.736402
-0.851871 -0.276451 2.687519
0.010668 -0.467152 1.489751
-0.220449 -0.063119 0.545875
-0.037063 -0.265942 0.977689
-0.033012 -0.323680 1.037319
-0.119398 -0.277331 0.933792
-0.469279 -0.411904 1.769273
-0.384284 -0.355657 1.518980
-0.512575 -0.381909 1.605326
-0.151746 -0.182588 0.760438
-0.534064 -0.431993 1.717891
-0.530578 -0.466802 1.697230
-0.361317 -0.502548 1.691983
-0.486591 -0.357771 1.532969
-0.497807 -0.377414 1.582103
-0.534010 -0.445210 1.737422
-0.392835 -0.490350 1.628370
-0.463795 -0.446120 1.708120
-0.442669 -0.510984 1.714407
-0.223091 -0.387623 2.066993
-0.487354 -0.497340 1.636070
-0.538464 -0.430354 1.706962
-0.454211 -0.501991 1.695427
-0.445435 -0.344999 1.659814
-0.540742 -0.445428 1.654222
-0.515897 -0.485092 1.643588
-0.600418 -0.492797 2.218662
-0.549973 -0.462296 1.671772
-0.535769 -0.498864 1.648088
-0.171542 -0.218143 0.832664
-0.346724 -0.190731 0.854904
-0.329565 -0.238583 1.009718
-0.337002 -0.312863 1.051276
-0.362336 -0.305706 0.943162
-0.343018 -0.204581 0.982552
-0.285693 -0.326439 1.110913
-0.408225 -0.282122 0.868003
-0.442182 -0.188484 0.833743
-0.222058 -0.087580 0.644577
-0.144687 -0.207401 0.817131
-0.106578 -0.352592 0.988751
-0.329336 -0.471114 1.513047
-0.391275 -0.299875 0.923951
-0.264048 -0.314940 1.104618
-0.260895 -0.425415 1.232550
-0.367542 -0.244347 0.857130
-0.354895 -0.203949 1.026935
-0.399775 -0.243487 0.881912
-0.119341 -0.336198 1.035517
-0.154135 -0.173533 0.756920
-0.184926 -0.312323 1.028937
-0.286814 -0.402047 1.317104
-0.222875 -0.336307 1.135575
-0.247471 -0.415246 1.204400
-0.200390 -0.175276 0.780081
-0.498845 -0.337379 1.634730
-0.294805 -0.142458 0.590824
-0.091882 -0.071763 1.031693
-0.138927 -0.047135 0.777606
-0.185152 -0.047303 0.750342
-0.188694 -0.040231 0.709473
-0.247041 -0.106613 1.033764
-0.429702 -0.174977 1.083563
-0.407659 -0.164912 1.072292
-0.400530 -0.150833 0.998941
-0.388350 -0.407983 1.229845
-0.182874 -0.199049 0.797372
-0.153974 -0.202672 0.801536
-0.318678 -0.385438 1.165499
-0.372185 -0.225660 0.857348
-0.315826 -0.305411 1.119021
-0.169391 -0.161918 0.787807
-0.222071 -0.341950 1.157794
-0.203365 -0.220358 0.848063
-0.278541 -0.381103 1.198780
-0.353188 -0.206120 1.031411
-0.341514 -0.229354 0.866144
-0.363953 -0.240425 1.037403
-0.313237 -0.270868 1.059583
-0.167495 -0.141864 0.772326
-0.173781 -0.186293 0.766327
-0.321371 -0.359197 1.104842
-0.374572 -0.190806 0.874620
-0.353024 -0.292977 0.996942
-0.347311 -0.288116 0.979234
-0.335012 -0.234930 0.886471
-0.350804 -0.279775 0.995609
-0.223486 -0.161187 0.829719
-0.338218 -0.200544 0.965988
-0.321804 -0.302565 1.053624
-0.339142 -0.315593 1.047778
-0.354353 -0.306711 1.042079
-0.277830 -0.135411 0.797698
-0.310346 -0.131761 0.785274
-0.405220 -0.290947 0.877997
-0.349553 -0.191031 0.861134
-0.322177 -0.303064 1.055483
-0.353274 -0.141268 0.811690
-0.354259 -0.330432 1.111168
-0.206167 -0.147861 0.807734
-0.197586 -0.198498 0.805309
-0.367818 -0.299866 0.995163
-0.311541 -0.357300 1.156330
-0.369376 -0.316102 1.021399
-0.374518 -0.289725 1.000115
-0.386622 -0.297703 1.035028
-0.385888 -0.295185 0.938437
-0.365890 -0.279972 0.985411
-0.353077 -0.258272 0.881836
-0.225498 -0.179834 0.823412
-0.208135 -0.177929 0.797557
-0.313144 -0.317814 1.104499
-0.268309 -0.200920 0.950465
-0.227057 -0.214018 0.849295
-0.175532 -0.137970 0.802744
-0.306320 -0.381904 1.238873
-0.377330 -0.154812 0.838495
-0.311639 -0.357954 1.129508
-0.223804 -0.215141 0.845272
-0.427215 -0.141470 0.832936
-0.438080 -0.186667 0.827088
-0.312429 -0.269636 1.054993
-0.424484 -0.161571 0.868157
-0.209384 -0.219586 0.848662
-0.225979 -0.205231 0.833807
-0.244279 -0.209459 0.859802
-0.317390 -0.339800 1.148650
-0.386181 -0.264591 0.860573
-0.218979 -0.146103 0.791911
-0.236926 -0.143901 0.805982
-0.181551 -0.156187 0.788223
-0.228510 -0.116099 0.732108
-0.177421 -0.175879 0.765793
-0.281703 -0.111088 0.724895
-0.186622 -0.224303 0.838680
-0.200207 -0.186750 0.786407
-0.258228 -0.154078 0.863784
-0.348346 -0.162623 0.900653
-0.411870 -0.296592 0.874257
-0.331085 -0.288328 1.004463
-0.359032 -0.292406 1.018842
-0.348937 -0.277578 0.972963
-0.350850 -0.283253 1.007618
-0.349632 -0.288140 0.970695
-0.320270 -0.341837 1.128537
-0.206568 -0.190600 0.794803
-0.132793 -0.274659 0.990726
-0.303535 -0.268916 1.045362
-0.158171 -0.168767 0.769716
-0.286321 -0.345632 1.174712
-0.397829 -0.265146 0.868571
-0.308213 -0.172236 0.905691
-0.315553 -0.290654 1.077660
-0.333869 -0.345721 1.095073
-0.307499 -0.426536 1.367039
-0.320718 -0.266445 1.039642
-0.315082 -0.282959 1.105118
-0.207673 -0.199974 0.818956
-0.339034 -0.307692 1.031345
-0.205547 -0.159516 0.810959
-0.342187 -0.286533 1.068369
-0.357153 -0.220462 0.836484
-0.219680 -0.136953 0.797155
-0.218545 -0.191411 0.805907
-0.209586 -0.220135 0.852625
-0.220658 -0.183756 0.814968
-0.413729 -0.160588 0.799089
-0.203782 -0.189400 0.796200
-0.166892 -0.190862 0.776496
-0.185065 -0.177958 0.776234
-0.444672 -0.241374 0.830908
-0.208215 -0.218152 0.841678
-0.178347 -0.220160 0.832378
-0.330943 -0.243653 1.017087
-0.324747 -0.202357 1.002701
-0.227736 -0.214107 0.848792
-0.340710 -0.196856 0.974821
-0.333875 -0.207361 1.021867
-0.347502 -0.218244 0.820662
-0.319418 -0.347846 1.107090
-0.363961 -0.299334 0.921280
-0.404196 -0.264525 0.901187
-0.402800 -0.245978 0.863302
-0.188704 -0.218592 0.832809
-0.249191 -0.386031 1.261381
-0.147173 -0.159308 0.775376
-0.200885 -0.148430 0.810034
-0.245973 -0.123143 0.751909
-0.244888 -0.210192 0.862549
-0.189818 -0.309222 1.048988
-0.213763 -0.234540 0.913372
-0.165323 -0.115927 0.726182
-0.245478 -0.122468 0.760783
-0.398267 -0.251166 0.884487
-0.327157 -0.287112 1.096035
-0.346649 -0.318423 1.079810
-0.427122 -0.142770 0.828447
-0.313517 -0.151041 0.833700
-0.212730 -0.403212 1.200536
-0.268732 -0.386241 1.265323
-0.273438 -0.157915 0.869693
-0.409178 -0.258853 0.846623
-0.413088 -0.157847 0.880497
-0.317480 -0.286453 1.061754
-0.199257 -0.401528 1.375369
-0.287639 -0.395845 1.264259
-0.316776 -0.255366 1.030682
-0.364707 -0.309178 1.026959
-0.350066 -0.291994 1.006648
-0.283879 -0.390770 1.248377
-0.400971 -0.254623 0.830821
-0.261780 -0.463925 1.419206
-0.194261 -0.231132 0.871539
-0.229175 -0.191148 0.826733
-0.207741 -0.232266 0.885144
-0.356521 -0.231842 1.016632
-0.174374 -0.172108 0.749594
-0.248857 -0.432011 1.316832
-0.340580 -0.298789 1.040255
-0.365397 -0.227170 0.839221
-0.310501 -0.277244 1.076862
-0.189544 -0.198313 0.797130
-0.301266 -0.287481 1.116798
-0.187342 -0.219468 0.833252
-0.436984 -0.237464 0.819463
-0.181438 -0.122308 0.752172
-0.189639 -0.291100 1.041805
-0.153926 -0.128741 0.757238
-0.166931 -0.136203 0.784764
-0.165663 -0.180726 0.765289
-0.187040 -0.124426 0.755996
-0.387876 -0.127107 0.779584
-0.243645 -0.214242 0.869357
-0.197109 -0.128122 0.770153
-0.311246 -0.122205 0.765612
-0.179891 -0.190546 0.779644
-0.207192 -0.148392 0.814600
-0.381408 -0.160894 0.823911
-0.185730 -0.167236 0.787008
-0.376240 -0.154689 0.835175
-0.228375 -0.392758 1.322276
-0.200286 -0.187326 0.789460
-0.207384 -0.152673 0.806035
-0.230278 -0.141379 0.806052
-0.319484 -0.277529 1.040928
-0.335884 -0.310016 1.049191
-0.261091 -0.473488 1.514082
-0.325797 -0.342559 1.104157
-0.338914 -0.307097 1.044275
-0.302992 -0.318198 1.131214
-0.223568 -0.474087 1.466635
-0.377654 -0.316454 1.071187
-0.373901 -0.297357 1.048404
-0.331209 -0.329228 1.085029
-0.305888 -0.131655 0.788252
-0.184065 -0.198764 0.799833
-0.177147 -0.205433 0.809612
-0.401354 -0.252054 0.883923
-0.322216 -0.346149 1.140170
-0.340563 -0.214873 1.061244
-0.320980 -0.282120 1.045144
-0.390829 -0.264624 0.877552
-0.214076 -0.148321 0.817016
-0.301481 -0.286838 1.124390
-0.356306 -0.197303 0.892012
-0.201651 -0.162066 0.802589
-0.352034 -0.317768 1.036795
-0.229428 -0.156634 0.861913
-0.332634 -0.216314 1.063940
-0.188719 -0.177484 0.779024
-0.227768 -0.171581 0.831394
-0.424925 -0.162590 0.815582
-0.271304 -0.157204 0.863499
-0.255665 -0.170512 0.906878
-0.332567 -0.133183 0.788311
-0.290365 -0.349875 1.184809
-0.181969 -0.176871 0.806155
-0.355078 -0.165041 0.907360
-0.352941 -0.174856 0.878852
-0.199082 -0.166514 0.801272
-0.188767 -0.224799 0.858108
-0.225182 -0.179931 0.824164
-0.289457 -0.188764 0.970180
-0.218780 -0.218499 0.856286
-0.227677 -0.213802 0.847302
-0.348787 -0.166978 0.874821
-0.235064 -0.159940 0.845291
-0.206980 -0.148098 0.813643
-0.191392 -0.166911 0.804356
-0.195290 -0.163184 0.818090
-0.380802 -0.212685 0.812457
-0.218589 -0.183326 0.812570
-0.342944 -0.189780 0.846764
-0.382529 -0.201174 0.808886
-0.206988 -0.177236 0.795640
-0.341226 -0.231510 0.876547
-0.314239 -0.289139 1.052640
-0.288273 -0.380204 1.258946
-0.289651 -0.352727 1.199090
-0.227667 -0.187966 0.826500
-0.196986 -0.424358 1.352661
-0.255296 -0.401090 1.354074
-0.223320 -0.341907 1.366489
-0.333313 -0.189790 0.840713
-0.323819 -0.343056 1.119693
-0.206902 -0.199046 0.812113
-0.196695 -0.151597 0.833936
-0.343069 -0.340886 1.076692
-0.298275 -0.343537 1.145392
-0.191423 -0.186981 0.781362
-0.213473 -0.186366 0.801422
-0.285806 -0.363364 1.224027
-0.311452 -0.211619 1.055863
-0.194102 -0.161406 0.814489
-0.179470 -0.207031 0.822355
-0.204739 -0.167523 0.802659
-0.316476 -0.252525 1.018669
-0.239663 -0.229691 0.920765
-0.235113 -0.166494 0.847089
-0.222310 -0.173865 0.823732
-0.206954 -0.191123 0.798509
-0.212439 -0.213431 0.852844
-0.412011 -0.141903 0.806317
-0.200866 -0.190452 0.793675
-0.318359 -0.254981 1.032262
-0.456342 -0.212594 0.826296
-0.171527 -0.214495 0.827676
-0.284187 -0.137141 0.815965
-0.327580 -0.308594 1.074363
-0.364904 -0.309321 1.164855
-0.251400 -0.148963 0.858850
-0.335437 -0.235215 0.885575
-0.348148 -0.293227 1.005640
-0.346893 -0.292261 1.090983
-0.213275 -0.186292 0.802317
-0.223995 -0.163458 0.829315
-0.255462 -0.316909 1.111719
-0.352709 -0.208640 0.883820
-0.330420 -0.247887 0.935861
-0.351899 -0.297087 1.018813
-0.216569 -0.196001 0.812293
-0.205209 -0.436262 1.325829
-0.215960 -0.151902 0.823579
-0.225582 -0.179836 0.822769
-0.413888 -0.284611 0.877950
-0.248883 -0.148532 0.832122
-0.229864 -0.191966 0.830638
-0.314481 -0.303643 1.121258
-0.190737 -0.186231 0.778062
-0.173937 -0.173913 0.768697
-0.223337 -0.184901 0.819715
-0.216818 -0.148583 0.821647
-0.214264 -0.209745 0.844496
-0.227302 -0.155783 0.838011
-0.361506 -0.314629 1.019777
-0.363085 -0.328920 1.051836
-0.219364 -0.197832 0.824434
-0.315166 -0.401665 1.299483
-0.247370 -0.436548 1.469139
-0.325161 -0.259993 0.942986
-0.305724 -0.277982 1.080679
-0.225585 -0.154955 0.832042
-0.198625 -0.178917 0.788740
-0.358482 -0.286170 0.911177
-0.406297 -0.254976 0.894621
-0.199440 -0.199532 0.814335
-0.204745 -0.179296 0.797976
-0.348068 -0.290781 0.972920
-0.348431 -0.277933 0.989241
-0.256467 -0.320230 1.123005
-0.369095 -0.293618 0.914579
-0.369132 -0.302515 1.025441
-0.198478 -0.179339 0.792885
-0.206439 -0.162718 0.805447
-0.196297 -0.179022 0.794302
-0.199355 -0.172737 0.796806
-0.258683 -0.405161 1.357713
-0.321289 -0.209075 1.040959
-0.321738 -0.207031 1.026067
-0.301050 -0.229602 1.117924
-0.280453 -0.365387 1.239767
-0.386998 -0.179784 0.815676
-0.362175 -0.163355 0.828427
-0.350787 -0.167029 0.890579
-0.211821 -0.160813 0.807886
-0.225297 -0.154672 0.831322
-0.211784 -0.160770 0.807216
-0.313163 -0.151432 0.831912
-0.194372 -0.208548 0.827433
-0.350478 -0.166549 0.876882
-0.248337 -0.372883 1.259117
-0.252293 -0.412091 1.387266
-0.325716 -0.130088 0.774161
-0.412101 -0.233623 0.862662
-0.225150 -0.205033 0.834486
-0.241960 -0.182973 0.858469
-0.234212 -0.177577 0.845992
-0.245126 -0.185231 0.866925
-0.248481 -0.217233 0.899048
-0.348052 -0.293955 1.096723
-0.364267 -0.306904 0.947091
-0.325070 -0.242072 0.912346
-0.266138 -0.234782 0.994094
-0.377585 -0.320998 1.076189
-0.326582 -0.286922 1.077164
-0.247917 -0.224299 0.917979
-0.335595 -0.294539 1.026185
-0.180548 -0.177329 0.767427
-0.295857 -0.233565 1.150222
-0.171596 -0.179520 0.760413
-0.324138 -0.147621 0.806515
-0.247177 -0.162379 0.878550
-0.229897 -0.191965 0.830148
-0.348682 -0.178293 0.936934
-0.191627 -0.167211 0.797824
-0.210190 -0.169657 0.805992
-0.372950 -0.186784 0.958206
-0.335379 -0.294371 1.025863
-0.229129 -0.156242 0.851993
-0.215398 -0.192592 0.811366
-0.359630 -0.315768 1.014080
-0.386944 -0.215165 0.822517
-0.319397 -0.346429 1.098976
-0.275611 -0.368593 1.202045
-0.343042 -0.208865 1.042094
-0.240006 -0.174474 0.851609
-0.209796 -0.144459 0.812714
-0.207167 -0.331491 1.212832
-0.384783 -0.200515 0.809928
-0.207041 -0.490199 1.476932
-0.195289 -0.147407 0.822073
-0.209536 -0.199003 0.811241
-0.171042 -0.139763 0.798725
-0.175369 -0.175286 0.767793
-0.166980 -0.170067 0.770738
-0.171214 -0.186566 0.769015
-0.166866 -0.170029 0.771911
-0.172291 -0.155151 0.780419
-0.199180 -0.126623 0.759569
-0.344968 -0.295671 1.009260
-0.288601 -0.505909 1.498475
-0.333813 -0.346108 1.094597
-0.375248 -0.241204 0.872833
-0.362441 -0.289674 1.008756
-0.292470 -0.259602 1.154826
-0.238566 -0.206513 0.857922
-0.312620 -0.426981 1.390331
-0.284718 -0.360661 1.223688
-0.353786 -0.214962 0.819949
-0.228150 -0.214707 0.852218
-0.220143 -0.336412 1.330961
-0.308307 -0.210396 1.048656
-0.318661 -0.423605 1.314788
-0.350077 -0.210700 0.802888
-0.334992 -0.202468 0.843594
-0.226462 -0.211657 0.844870
-0.345179 -0.181028 0.814559
-0.244612 -0.209027 0.862385
-0.230216 -0.211846 0.845733
-0.234777 -0.207962 0.849844
-0.223455 -0.184773 0.825316
-0.239738 -0.188422 0.859515
-0.235042 -0.201155 0.836074
-0.344760 -0.181067 0.813622
-0.179794 -0.494928 1.536281
-0.279534 -0.361617 1.227387
-0.311461 -0.456813 1.478101
-0.300697 -0.285506 1.116576
-0.244777 -0.466293 1.509829
-0.210878 -0.499282 1.516211
-0.302029 -0.277475 1.112823
-0.319548 -0.337128 1.133620
-0.302096 -0.277377 1.113295
-0.399501 -0.333632 1.130002
-0.238624 -0.173102 0.848633
-0.331394 -0.290209 1.011527
-0.237836 -0.203192 0.852562
-0.189693 -0.195513 0.796312
-0.410853 -0.239678 0.886483
-0.338966 -0.253111 0.957749
-0.333454 -0.249605 0.943640
-0.325131 -0.341205 1.100439
-0.299874 -0.280125 1.131816
-0.288604 -0.316934 1.143708
-0.343084 -0.293448 1.002790
-0.307105 -0.465925 1.454354
-0.212369 -0.133245 0.818366
-0.335263 -0.331200 1.047544
-0.312189 -0.415905 1.322796
-0.341901 -0.201328 0.843363
-0.337523 -0.282613 1.052518
-0.340759 -0.314928 1.027405
-0.343129 -0.297439 1.001725
-0.198870 -0.468947 1.459189
-0.216989 -0.176366 0.805456
-0.203643 -0.219367 0.857035
-0.226791 -0.167867 0.834267
-0.203898 -0.189434 0.796971
-0.206649 -0.332630 1.213998
-0.232262 -0.180834 0.838799
-0.226818 -0.173507 0.829356
-0.215053 -0.177360 0.806994
-0.202329 -0.218229 0.856816
-0.204527 -0.181126 0.798167
-0.331513 -0.313624 1.070257
-0.352805 -0.179525 0.815836
-0.311505 -0.345983 1.153175
-0.354401 -0.229674 0.830446
-0.362184 -0.229559 0.823836
-0.332886 -0.314866 1.075623
-0.206243 -0.207037 0.831554
-0.203805 -0.189479 0.797503
-0.219787 -0.211655 0.845636
-0.356965 -0.162979 0.818880
-0.355497 -0.178001 0.829744
-0.229915 -0.302692 1.182515
-0.227716 -0.161982 0.836978
-0.221495 -0.204929 0.835137
-0.189963 -0.185752 0.769267
-0.198677 -0.168276 0.802086
-0.200014 -0.339831 1.164233
-0.393138 -0.154680 0.835394
-0.248592 -0.172377 0.871702
-0.405271 -0.239952 0.883705
-0.358934 -0.312873 1.010188
-0.186722 -0.215063 0.832681
-0.282810 -0.220733 1.114542
-0.302603 -0.316977 1.127025
-0.240279 -0.212760 0.866056
-0.242192 -0.207563 0.863681
-0.233436 -0.219397 0.878228
-0.302436 -0.219853 1.076487
-0.238179 -0.207786 0.866999
-0.241407 -0.228428 0.902699
-0.177474 -0.319684 1.366601
-0.319958 -0.264944 1.040815
-0.223180 -0.151739 0.829191
-0.236933 -0.155250 0.857943
-0.237091 -0.175114 0.838287
-0.188425 -0.162517 0.793258
-0.359342 -0.293635 0.998038
-0.344807 -0.312285 1.013002
-0.355288 -0.296815 0.961666
-0.352974 -0.295670 0.952285
-0.303105 -0.282621 1.118980
-0.338422 -0.200613 0.836109
-0.259683 -0.469244 1.486019
-0.261826 -0.455655 1.461161
-0.210215 -0.400175 1.355336
-0.349844 -0.232323 0.821210
-0.325162 -0.325529 1.109612
-0.230319 -0.212546 0.849505
-0.240979 -0.207181 0.858704
-0.233139 -0.198070 0.831861
-0.204969 -0.341702 1.244229
-0.228939 -0.205921 0.836862
-0.231432 -0.337786 1.335094
-0.241678 -0.191620 0.856019
-0.234680 -0.190432 0.841887
-0.335930 -0.309682 1.048802
-0.340298 -0.219337 0.831219
-0.307354 -0.273902 1.072748
-0.335453 -0.311469 1.044917
-0.289891 -0.188792 0.972866
-0.216738 -0.406489 1.382954
-0.333886 -0.200015 0.952846
-0.319599 -0.205086 1.005983
-0.242327 -0.229853 0.914738
-0.239924 -0.208027 0.856704
-0.234759 -0.201463 0.839878
-0.337247 -0.313840 1.055261
-0.365694 -0.313622 1.043370
-0.359855 -0.304421 1.038134
-0.368603 -0.289579 1.002594
-0.330807 -0.322294 1.082257
-0.334256 -0.187143 0.948811
-0.227983 -0.214349 0.850417
-0.224377 -0.216210 0.850827
-0.362778 -0.228109 0.820054
-0.256129 -0.341951 1.359219
-0.232765 -0.198814 0.837193
-0.256476 -0.397851 1.336566
-0.334518 -0.181505 0.891140
-0.221769 -0.204862 0.834805
-0.230398 -0.184128 0.834624
-0.323980 -0.213224 1.031194
-0.306112 -0.278247 1.104981
-0.328829 -0.257339 1.019298
-0.304040 -0.448304 1.404547
-0.324651 -0.250789 0.875642
-0.321674 -0.255815 1.011553
-0.343294 -0.313788 1.048377
-0.225680 -0.198017 0.824546
-0.210442 -0.190402 0.801238
-0.254117 -0.152674 0.811569
-0.240216 -0.227338 0.898361
-0.217422 -0.192071 0.807724
-0.212762 -0.177835 0.802774
-0.201696 -0.175289 0.801116
-0.184668 -0.170164 0.782524
-0.348661 -0.236085 0.895052
-0.316175 -0.345721 1.141545
-0.366236 -0.312004 1.022769
-0.303309 -0.394751 1.253669
-0.340550 -0.271999 0.865497
-0.226226 -0.187491 0.823599
-0.279272 -0.184587 0.962235
-0.289762 -0.174650 0.915668
-0.297115 -0.423045 1.389307
-0.359680 -0.304037 1.044148
-0.350247 -0.301921 1.027622
-0.317013 -0.334424 1.057822
-0.374609 -0.220050 0.832184
-0.346327 -0.306677 1.040991
-0.217055 -0.346858 1.378861
-0.308565 -0.294091 1.114131
-0.312818 -0.264655 1.043412
-0.328534 -0.337597 1.069679
-0.324335 -0.339764 1.096144
-0.200658 -0.479861 1.548664
-0.228086 -0.439791 1.487222
-0.302148 -0.311249 1.123815
-0.316302 -0.276510 1.045907
-0.303483 -0.347842 1.159871
-0.317333 -0.277689 1.051121
-0.309251 -0.211464 1.044549
-0.346498 -0.304776 1.034466
-0.370515 -0.297378 1.033781
-0.319286 -0.199963 1.009279
-0.337093 -0.187655 0.958159
-0.332566 -0.370523 1.152734
-0.308221 -0.293313 1.129717
-0.338758 -0.203189 0.967585
-0.332857 -0.338941 1.072458
-0.206016 -0.172118 0.799148
-0.366482 -0.310777 1.031009
-0.325894 -0.266042 1.044887
-0.365761 -0.302268 0.999434
-0.317817 -0.256339 1.024916
-0.380029 -0.319289 1.028056
-0.344748 -0.274330 0.975993
-0.364492 -0.312586 1.008655
-0.368243 -0.308847 0.997044
-0.396975 -0.230023 0.873302
-0.285443 -0.383334 1.236389
-0.402176 -0.267750 0.838657
-0.247557 -0.190344 0.866657
-0.204410 -0.348765 1.273132
-0.289661 -0.356500 1.209995
-0.236654 -0.212579 0.860662
-0.239995 -0.187376 0.851590
-0.238764 -0.343590 1.355341
-0.227736 -0.195020 0.821115
-0.374624 -0.305948 1.013583
-0.334546 -0.243216 0.881065
-0.370102 -0.296194 0.979108
-0.353990 -0.301517 1.009727
-0.319556 -0.280874 1.066647
-0.372647 -0.303074 1.026242
-0.345357 -0.275879 0.981696
-0.321999 -0.332257 1.121397
-0.333883 -0.223470 0.845494
-0.316633 -0.363995 1.151083
-0.339789 -0.226325 0.859217
-0.366782 -0.293940 1.022489
-0.339219 -0.230452 0.871626
-0.353248 -0.280412 0.931170
-0.374199 -0.292916 1.021223
-0.317400 -0.350623 1.153725
-0.355369 -0.297702 1.026138
-0.310708 -0.357189 1.131545
-0.339256 -0.283801 1.057531
-0.331972 -0.329754 1.081310
-0.332047 -0.337731 1.068755
-0.338419 -0.314430 1.044752
-0.293267 -0.339023 1.149134
-0.303686 -0.439311 1.418638
-0.326944 -0.364931 1.132279
-0.276390 -0.430871 1.423939
-0.349476 -0.227568 0.821524
-0.331946 -0.198668 0.821636
-0.232216 -0.200631 0.832185
-0.331967 -0.329651 1.080643
-0.210729 -0.161673 0.809087
-0.356031 -0.212752 0.813552
-0.378041 -0.179259 0.804889
-0.378951 -0.161197 0.819474
-0.319714 -0.416876 1.247281
-0.376759 -0.232438 0.841578
-0.297086 -0.233442 1.148913
-0.235357 -0.170402 0.845654
-0.377864 -0.243465 0.793030
-0.314418 -0.152960 0.827572
-0.203479 -0.220036 0.860520
-0.235204 -0.170117 0.846392
-0.229088 -0.156773 0.839719
-0.282356 -0.211885 1.073536
-0.301986 -0.280735 1.124211
-0.275612 -0.337749 1.187250
-0.335193 -0.347841 1.100402
-0.361474 -0.183075 0.843265
-0.316824 -0.153914 0.832433
-0.316018 -0.153702 0.830710
-0.196748 -0.198819 0.809320
-0.351841 -0.336302 1.065535
-0.322357 -0.266552 1.038347
-0.348523 -0.331912 1.052913
-0.347776 -0.266324 0.861625
-0.325065 -0.233328 0.879032
-0.246642 -0.436594 1.476707
-0.337324 -0.195828 0.851770
-0.221536 -0.205660 0.839003
-0.340163 -0.165681 0.853274
-0.220944 -0.214260 0.845718
-0.300776 -0.349715 1.159657
-0.310858 -0.301485 1.118891
-0.243993 -0.216668 0.878186
-0.195357 -0.201554 0.814740
-0.338708 -0.364032 1.143855
-0.216966 -0.148730 0.822841
-0.205966 -0.174582 0.800028
-0.193127 -0.217143 0.849797
-0.199084 -0.169483 0.800426
-0.212976 -0.418059 1.323994
-0.227439 -0.155872 0.837712
-0.244578 -0.348166 1.384457
-0.300383 -0.306043 1.086857
-0.313556 -0.302553 1.102680
-0.296490 -0.460574 1.490993
-0.388157 -0.248174 0.809414
-0.350174 -0.200842 0.807968
-0.214705 -0.401077 1.327937
-0.338246 -0.190880 0.851801
-0.323448 -0.263631 1.032943
-0.332263 -0.326424 1.091176
-0.365813 -0.282669 1.007616
-0.367950 -0.313041 1.018422
-0.359134 -0.280023 0.980895
-0.375345 -0.292551 0.996441
-0.206313 -0.188159 0.794556
-0.221454 -0.169675 0.824475
-0.219253 -0.172658 0.818250
-0.203705 -0.174259 0.796262
-0.189709 -0.381480 1.366429
-0.291400 -0.257156 1.271407
-0.300734 -0.342309 1.156047
-0.337519 -0.281879 1.050569
-0.208184 -0.343030 1.373965
-0.287979 -0.289756 1.394086
-0.347302 -0.215347 0.814553
-0.229027 -0.421190 1.419906
-0.331098 -0.323228 1.083681
-0.338229 -0.203406 0.850940
-0.209538 -0.179685 0.800188
-0.238766 -0.187427 0.849205
-0.344397 -0.200949 0.996076
-0.211146 -0.197053 0.817255
-0.209597 -0.403883 1.366405
-0.241747 -0.206074 0.855390
-0.236635 -0.212239 0.861981
-0.240999 -0.213141 0.862644
-0.234687 -0.190106 0.839995
-0.241712 -0.228627 0.905522
-0.320091 -0.344189 1.130088
-0.273187 -0.480314 1.479800
-0.333390 -0.216620 0.817335
-0.238465 -0.340891 1.343645
-0.351894 -0.214269 0.816494
-0.307676 -0.277328 1.075175
-0.230709 -0.219007 0.869499
-0.344228 -0.314457 1.050898
-0.331655 -0.330302 1.087363
-0.333051 -0.260195 0.890132
-0.290044 -0.302589 1.131937
-0.282989 -0.245894 1.239667
-0.243980 -0.212463 0.878487
-0.247061 -0.218777 0.903579
-0.268922 -0.358534 1.258805
-0.275043 -0.279334 1.370577
-0.284551 -0.391102 1.293478
-0.176310 -0.442247 1.437187
-0.312129 -0.315128 1.095388
-0.259509 -0.482913 1.460038
-0.227201 -0.205426 0.835223
-0.243570 -0.179608 0.861274
-0.233524 -0.198022 0.832289
-0.239039 -0.397403 1.344233
-0.362940 -0.163461 0.829637
-0.242638 -0.448291 1.375198
-0.204407 -0.180637 0.794168
-0.290451 -0.333863 1.136621
-0.243912 -0.343635 1.362070
-0.233724 -0.341702 1.362961
-0.330282 -0.237551 1.009619
-0.216787 -0.192440 0.807375
-0.209669 -0.194184 0.807237
-0.381062 -0.256181 0.841953
-0.375618 -0.210448 0.801659
-0.210719 -0.222241 0.863017
-0.207824 -0.179491 0.797546
-0.236295 -0.195223 0.843481
-0.213469 -0.173240 0.810233
-0.213050 -0.188659 0.799528
-0.236534 -0.210916 0.851761
-0.206063 -0.172021 0.798412
-0.210899 -0.201686 0.831161
-0.296015 -0.233565 1.150068
-0.333466 -0.254123 0.890014
-0.352053 -0.320133 1.039295
-0.350786 -0.177157 0.821382
-0.348858 -0.204022 0.999240
-0.343734 -0.202014 0.981934
-0.367384 -0.315065 0.994386
-0.207953 -0.187054 0.794001
-0.228378 -0.172234 0.835294
-0.235420 -0.201882 0.838817
-0.364392 -0.184774 0.851010
-0.255453 -0.340309 1.349126
-0.349202 -0.200579 0.806221
-0.321419 -0.346465 1.138037
-0.206339 -0.205902 0.826881
-0.222064 -0.215920 0.854141
-0.218481 -0.221820 0.872552
-0.224415 -0.172939 0.827028
-0.212862 -0.199268 0.821454
-0.234987 -0.174025 0.844622
-0.212142 -0.210777 0.847713
-0.302108 -0.231176 1.137022
-0.234431 -0.171609 0.842034
-0.308515 -0.195974 0.992502
-0.225445 -0.179658 0.821627
-0.299220 -0.168585 0.895206
-0.221093 -0.217972 0.854951
-0.212745 -0.188837 0.802525
-0.212961 -0.171889 0.802450
-0.217602 -0.177595 0.816441
-0.204051 -0.225666 0.871932
-0.232319 -0.180832 0.839872
-0.213055 -0.186077 0.800798
-0.354304 -0.179849 0.818396
-0.246052 -0.488360 1.542605
-0.246862 -0.351770 1.387654
-0.314200 -0.294130 1.101478
-0.337082 -0.238102 0.896030
-0.334967 -0.225940 0.854874
-0.288282 -0.391295 1.242454
-0.395023 -0.227029 0.838469
-0.344945 -0.226111 0.844657
-0.314704 -0.253689 1.020473
-0.361964 -0.306579 1.158452
-0.229591 -0.422890 1.427951
-0.238225 -0.203353 0.846515
-0.329167 -0.329451 1.093758
-0.333059 -0.265106 1.025264
-0.347999 -0.240835 0.831469
-0.352322 -0.321100 1.023226
-0.291453 -0.189155 0.985466
-0.255741 -0.342834 1.362438
-0.224880 -0.199860 0.816339
-0.346709 -0.239799 0.828532
-0.335285 -0.360035 1.131254
-0.296000 -0.459449 1.490118
-0.336450 -0.280862 1.044592
-0.348816 -0.313441 1.006319
-0.202832 -0.333652 1.177933
-0.372140 -0.320996 1.016744
-0.383663 -0.226205 0.824936
-0.350196 -0.279061 0.993795
-0.375749 -0.296904 1.023009
-0.279982 -0.184885 0.964670
-0.235224 -0.166415 0.845734
-0.218290 -0.191762 0.807150
-0.259467 -0.165677 0.889425
-0.351313 -0.163113 0.828731
-0.259882 -0.165810 0.891401
-0.305049 -0.174286 0.893530
-0.378659 -0.220520 0.811808
-0.224415 -0.172938 0.825974
-0.237166 -0.210112 0.851080
-0.217856 -0.201120 0.826330
-0.329995 -0.200817 0.831921
-0.345621 -0.205067 1.005160
-0.319493 -0.200140 1.013626
-0.344384 -0.230664 0.812953
-0.330129 -0.215059 0.810198
-0.306951 -0.288279 1.111706
-0.245434 -0.222339 0.899723
-0.306002 -0.274704 1.067636
-0.232357 -0.340246 1.348017
-0.322358 -0.256224 1.014165
-0.236682 -0.213300 0.864633
-0.268809 -0.242343 1.243333
-0.247704 -0.224637 0.917068
-0.194124 -0.376393 1.300492
-0.251187 -0.205267 0.918027
-0.240649 -0.216630 0.876130
-0.236586 -0.211753 0.856817
-0.241667 -0.191266 0.854597
-0.231315 -0.192801 0.832658
-0.235103 -0.201321 0.837628
-0.245001 -0.219678 0.884974
-0.306700 -0.289591 1.117576
-0.311880 -0.265179 1.060672
-0.338701 -0.279353 0.994562
-0.342171 -0.218564 0.824517
-0.328024 -0.352410 1.116440
-0.302679 -0.359446 1.188224
-0.316117 -0.257255 1.018115
-0.333104 -0.257306 1.028924
-0.291617 -0.278264 1.145130
-0.349721 -0.279612 0.995932
-0.195854 -0.344306 1.374493
-0.239260 -0.389777 1.402623
-0.284744 -0.367551 1.242802
-0.274213 -0.282345 1.393660
-0.314963 -0.282954 1.047336
-0.143267 -0.555473 1.650170
-0.310696 -0.342197 1.147126
-0.322408 -0.356008 1.126619
-0.308559 -0.353426 1.150800
-0.321967 -0.255761 1.012208
-0.198630 -0.403367 1.382481
-0.244734 -0.399402 1.400065
-0.249800 -0.212139 0.908651
-0.243305 -0.218310 0.888291
-0.303663 -0.229906 1.137933
-0.212640 -0.172179 0.798518
-0.207920 -0.202298 0.832649
-0.206312 -0.207065 0.832990
-0.229218 -0.181656 0.830900
-0.296838 -0.168027 0.887030
-0.204456 -0.173588 0.797014
-0.282076 -0.484475 1.465168
-0.314500 -0.304807 1.111358
-0.350007 -0.220394 0.811512
-0.343897 -0.172931 0.858682
-0.316569 -0.199046 1.002532
-0.210829 -0.221907 0.862350
-0.334345 -0.183465 0.936555
-0.337580 -0.187986 0.835292
-0.284815 -0.187195 0.946207
-0.350668 -0.177350 0.820997
-0.344337 -0.186053 0.805030
-0.246203 -0.226481 0.908030
-0.223895 -0.197609 0.824181
-0.207603 -0.187100 0.792875
-0.230027 -0.180357 0.833859
-0.227097 -0.171131 0.829533
-0.204360 -0.192752 0.799238
-0.364301 -0.216062 0.814540
-0.342162 -0.188552 0.803541
-0.209089 -0.190400 0.801486
-0.230283 -0.418987 1.416266
-0.295872 -0.233755 1.158338
-0.321107 -0.266829 1.050803
-0.202502 -0.466819 1.505139
-0.361453 -0.289601 1.007321
-0.363314 -0.228222 0.820949
-0.303138 -0.280435 1.114778
-0.229592 -0.429713 1.436484
-0.279342 -0.362892 1.231697
-0.212911 -0.198921 0.818811
-0.229710 -0.191948 0.830693
-0.327961 -0.362045 1.126856
-0.302649 -0.193669 0.987860
-0.313440 -0.318692 1.107655
-0.275477 -0.432791 1.428922
-0.344212 -0.185853 0.804917
-0.369194 -0.233621 0.822948
-0.295600 -0.233825 1.154638
-0.193120 -0.379645 1.310283
-0.340093 -0.321054 1.047123
-0.289927 -0.349054 1.184475
-0.316053 -0.257203 1.018394
-0.345769 -0.286976 0.974451
-0.320185 -0.249495 0.819377
-0.299881 -0.287929 1.115920
-0.318109 -0.283517 1.058139
-0.314348 -0.288145 1.066868
-0.225702 -0.198194 0.825573
-0.235393 -0.174480 0.849205
-0.236445 -0.166736 0.853754
-0.218940 -0.201766 0.829581
-0.221787 -0.215540 0.851713
-0.365936 -0.218846 0.818106
-0.344763 -0.201465 0.799605
-0.332486 -0.186603 0.945115
-0.371122 -0.236711 0.834863
-0.247211 -0.310854 1.222906
-0.366272 -0.232291 0.817781
-0.366988 -0.238300 0.818132
-0.328260 -0.308486 1.073959
-0.317929 -0.340813 1.154432
-0.221117 -0.214401 0.845950
-0.211223 -0.225774 0.877012
-0.230096 -0.212319 0.847533
-0.219083 -0.201722 0.829173
-0.238946 -0.211100 0.857896
-0.340938 -0.211496 1.051525
-0.355753 -0.293945 0.988959
-0.356266 -0.293408 0.972590
-0.367900 -0.253854 0.842447
-0.212786 -0.214187 0.859245
-0.341705 -0.201535 0.843097
-0.339889 -0.174903 0.866509
-0.212997 -0.185673 0.798547
-0.245262 -0.225336 0.901357
-0.301159 -0.230422 1.133092
-0.242049 -0.230044 0.913159
-0.238337 -0.203259 0.846032
-0.328647 -0.263399 1.039909
-0.326652 -0.261389 1.029290
-0.329936 -0.239758 1.012913
-0.231693 -0.202008 0.836653
-0.245043 -0.193152 0.862126
-0.343959 -0.180697 0.812237
-0.251272 -0.205610 0.916352
-0.245684 -0.210125 0.883710
-0.250762 -0.216402 0.916452
-0.250701 -0.216509 0.917763
-0.215811 -0.349857 1.394338
-0.345704 -0.286790 0.974248
-0.242242 -0.371621 1.336495
-0.245657 -0.182581 0.866064
-0.231349 -0.192945 0.833481
-0.237647 -0.180103 0.848646
-0.181126 -0.360515 1.325410
-0.301560 -0.229526 1.125412
-0.312579 -0.241162 0.855690
-0.256892 -0.274933 1.374220
-0.175834 -0.322437 1.381485
-0.294687 -0.233491 1.150100
-0.279876 -0.295945 1.413471
-0.312333 -0.342085 1.141320
-0.302111 -0.310718 1.122250
-0.304267 -0.428084 1.384627
-0.257120 -0.274772 1.385314
-0.274175 -0.280762 1.378930
-0.302708 -0.431868 1.396734
-0.320989 -0.326602 1.112974
-0.321983 -0.302801 1.054622
-0.199319 -0.321348 1.364040
-0.321377 -0.265329 1.031905
-0.314543 -0.289470 1.054156
-0.238966 -0.502074 1.539505
-0.332620 -0.314296 1.073757
-0.324718 -0.324531 1.106872
-0.315569 -0.280242 1.043611
-0.317322 -0.280206 1.044420
-0.346220 -0.306692 1.040896
-0.238492 -0.221305 0.888030
-0.305297 -0.209495 1.029418
-0.292517 -0.335326 1.136547
-0.318111 -0.262701 1.028676
-0.237630 -0.464438 1.495581
-0.337609 -0.320068 1.039496
-0.316573 -0.274047 1.056659
-0.230950 -0.453662 1.440366
-0.351312 -0.307285 0.988168
-0.364277 -0.284432 0.996856
-0.332770 -0.235867 0.852123
-0.333958 -0.325306 1.061756
-0.326906 -0.325162 1.080640
-0.321441 -0.328113 1.116104
-0.299247 -0.283492 1.109703
-0.325919 -0.217050 0.816136
-0.234358 -0.208004 0.851838
-0.317973 -0.204443 0.996661
-0.233953 -0.499024 1.530208
-0.356159 -0.309454 1.000339
-0.247604 -0.407755 1.377802
-0.313453 -0.261506 1.030168
-0.351676 -0.281548 0.987321
-0.315684 -0.263510 1.031343
-0.310709 -0.269313 1.042523
-0.302195 -0.230783 1.132809
-0.232097 -0.200524 0.833135
-0.315291 -0.255382 1.021071
-0.337294 -0.305638 1.025151
-0.241897 -0.191832 0.854031
-0.366062 -0.304789 0.967952
-0.336271 -0.240984 0.866145
-0.381204 -0.302919 1.031300
-0.366203 -0.310747 1.029925
-0.376694 -0.297778 1.044225
-0.234076 -0.212124 0.856034
-0.223309 -0.224190 0.880435
-0.227607 -0.187941 0.827724
-0.231418 -0.202493 0.839948
-0.230546 -0.212570 0.851196
-0.307350 -0.367053 1.219227
-0.324734 -0.244231 0.918702
-0.331968 -0.230455 0.871479
-0.241082 -0.207024 0.856820
-0.209954 -0.395342 1.339634
-0.324459 -0.195934 0.960891
-0.301805 -0.428264 1.387400
-0.323720 -0.259800 1.070434
-0.315040 -0.251600 1.022613
-0.335948 -0.296593 1.033520
-0.338330 -0.306297 1.043246
-0.333658 -0.264517 1.029808
-0.251424 -0.218659 0.913391
-0.250640 -0.210713 0.910918
-0.241932 -0.212534 0.869201
-0.234616 -0.224907 0.894602
-0.241915 -0.212586 0.869101
-0.239828 -0.196881 0.856387
-0.235869 -0.221756 0.886787
-0.198376 -0.405323 1.386033
-0.334505 -0.200013 0.961044
-0.283179 -0.213334 1.101667
-0.265492 -0.198260 1.023573
-0.242218 -0.229621 0.912779
-0.236956 -0.212757 0.860763
-0.262056 -0.426816 1.318449
-0.310392 -0.432461 1.399293
-0.339428 -0.320401 1.045105
-0.197502 -0.340107 1.351488
-0.314332 -0.303639 1.112606
-0.331813 -0.256126 1.025386
-0.336150 -0.269118 1.054355
-0.239937 -0.196821 0.854030
-0.315519 -0.359343 1.139506
-0.234275 -0.218278 0.870406
-0.242459 -0.207683 0.860473
-0.233876 -0.218897 0.874951
-0.231862 -0.209339 0.853488
-0.233774 -0.219134 0.876223
-0.231937 -0.209180 0.852257
-0.245159 -0.193591 0.866503
-0.274557 -0.209484 1.076293
-0.306536 -0.289805 1.117703
-0.233910 -0.212054 0.854688
-0.328266 -0.218142 0.808080
-0.332706 -0.212471 1.030883
-0.218497 -0.434118 1.430181
-0.238643 -0.211720 0.863736
-0.338062 -0.314908 1.057631
-0.248418 -0.226798 0.945145
-0.276504 -0.466354 1.436312
-0.322452 -0.292507 1.088021
-0.188379 -0.492683 1.556994
-0.314958 -0.283225 1.048882
-0.304400 -0.256368 1.068915
-0.243464 -0.403623 1.421348
-0.313870 -0.253691 1.011112
-0.311721 -0.263164 1.035748
-0.160511 -0.523788 1.605837
-0.341185 -0.303898 1.032905
-0.289704 -0.346532 1.175536
-0.247629 -0.221011 0.908862
-0.244454 -0.221795 0.898757
-0.236418 -0.207939 0.854950
-0.250945 -0.208113 0.912002
-0.251096 -0.208237 0.914846
-0.287277 -0.288777 1.389525
-0.319763 -0.265596 1.035101
-0.197876 -0.522287 1.576320
-0.310634 -0.352219 1.150336
-0.310154 -0.342684 1.142790
-0.339382 -0.320062 1.045095
-0.314612 -0.367758 1.193653
-0.240457 -0.212952 0.865101
-0.215013 -0.419400 1.424370
-0.197688 -0.406925 1.390524
-0.316215 -0.272308 1.048995
-0.205677 -0.500005 1.538487
-0.248875 -0.496141 1.552002
-0.324796 -0.343767 1.100078
-0.335231 -0.309103 1.046390
-0.240804 -0.225829 0.904470
-0.306038 -0.272836 1.078050
-0.310392 -0.267672 1.055286
-0.308488 -0.269522 1.063599
-0.210736 -0.490128 1.537481
-0.448059 -0.499922 4.382407
-0.243310 -0.222309 0.905300
-0.240930 -0.228049 1.200158
-0.320506 -0.264740 1.028826
-0.318218 -0.339442 1.116010
-0.318591 -0.300928 1.068434
-0.329993 -0.313138 1.068600
-0.329686 -0.316395 1.075333
-0.323793 -0.276934 0.989212
-0.229439 -0.471644 1.515000
-0.250674 -0.216214 0.917357
-0.334614 -0.306013 1.044050
-0.332808 -0.263850 1.025431
-0.168034 -0.516298 1.631567
-0.251182 -0.209943 0.917521
-0.320371 -0.328782 1.109692
-0.272459 -0.288666 1.426967
-0.300260 -0.347570 1.152012
-0.240508 -0.224535 0.900792
-0.235058 -0.222907 0.893192
-0.193882 -0.383347 1.317802
-0.190032 -0.381715 1.366067
-0.321270 -0.254587 1.017870
-0.335865 -0.259757 1.042319
-0.243768 -0.318644 1.552266
-0.284816 -0.360410 1.222782
-0.256425 -0.348477 1.389927
-0.265806 -0.481278 1.565237
-0.272474 -0.406894 1.364483
-0.306177 -0.266195 1.044858
-0.210770 -0.408536 1.383343
-0.311532 -0.267877 1.048275
-0.189719 -0.331457 1.323950
-0.200914 -0.356413 1.341383
-0.243203 -0.224364 0.904452
-0.315527 -0.263381 1.031443
-0.283407 -0.486197 1.471323
-0.178302 -0.530291 1.583332
-0.319624 -0.280250 1.039331
-0.312606 -0.316613 1.100541
-0.195513 -0.344598 1.372378
-0.317785 -0.350384 1.153914
-0.241947 -0.212464 0.870165
-0.246035 -0.218269 0.897765
-0.317452 -0.277828 1.054604
-0.320836 -0.284663 1.063466
-0.247082 -0.218787 0.903339
-0.243281 -0.218177 0.888367
-0.243080 -0.224421 0.904975
-0.200038 -0.320112 1.356148
-0.272171 -0.279463 1.380705
-0.245291 -0.218054 0.892974
-0.247123 -0.218722 0.904243
-0.247067 -0.218843 0.903432
-0.185801 -0.407291 1.365356
-0.176417 -0.442850 1.437777
-0.244898 -0.462437 1.563699
-0.322815 -0.304380 1.059912
-0.188244 -0.323455 1.301897
-0.316569 -0.274784 0.937947
-0.301100 -0.218808 1.046694
-0.199641 -0.321554 1.364412
-0.193739 -0.319763 1.358542
-0.197019 -0.341469 1.363249
-0.257210 -0.275982 1.396254
-0.246486 -0.211539 0.885250
-0.242498 -0.224758 0.908782
-0.240855 -0.221378 0.893638
-0.243111 -0.224335 0.904421
-0.329579 -0.326526 1.076193
-0.307224 -0.269131 1.060006
