ply
format ascii 1.0
element vertex 4022
property float x
property float y
property float z
end_header
-0.209831 0.095667 0.866680
-0.412171 0.108298 1.089060
-0.190178 0.127053 0.816590
-0.219817 0.124414 0.824074
-0.185857 0.136479 0.715125
-0.284435 0.102768 0.827275
-0.266100 0.128405 0.773246
-0.096054 0.137900 0.778124
-0.093108 0.138895 0.727441
-0.083013 0.059282 1.106142
-0.063248 0.084193 1.135426
-0.374379 0.113400 0.921636
-0.081988 0.143050 0.728229
-0.153292 0.085027 1.225155
-0.114708 0.129413 0.848657
-0.216512 0.108824 0.921108
-0.075442 0.110113 1.093648
-0.131882 0.106403 1.121424
-0.558822 0.081873 1.353595
-0.548620 0.083000 1.346325
-0.212091 0.116608 0.893827
-0.310727 0.096211 0.852573
-0.381298 0.113850 1.006054
-0.322842 0.126707 0.806953
-0.347506 0.125612 0.820685
-0.483569 0.111868 1.032634
-0.098038 0.111779 1.126153
-0.150588 0.127890 0.849205
-0.176449 0.129755 0.807949
-0.178277 0.130650 0.746924
-0.212110 0.122662 0.874287
-0.222207 0.099683 0.767342
-0.219539 0.102947 0.761962
-0.276430 0.129500 0.790861
-0.361806 0.116119 0.961276
-0.338272 0.113560 0.915160
-0.299893 0.131782 0.769836
-0.638593 0.096062 1.271016
-0.544152 0.112786 1.041195
-0.634273 0.095582 1.240376
-0.087212 0.084687 1.205570
-0.109177 0.102228 1.114562
-0.134946 0.105447 1.160660
-0.116935 0.140455 0.740800
-0.209273 0.103231 1.164640
-0.160285 0.134412 0.760981
-0.218907 0.096598 1.125712
-0.209363 0.116365 0.922406
-0.209158 0.116513 0.936775
-0.269739 0.099480 1.218004
-0.247215 0.091707 1.141192
-0.197348 0.131652 0.753691
-0.259405 0.099505 0.800658
-0.253064 0.103134 0.796020
-0.417875 0.106880 1.049202
-0.394551 0.127897 0.867863
-0.611931 0.090909 1.307702
-0.122030 0.109112 1.099588
-0.205013 0.096161 0.867609
-0.474318 0.126803 0.874165
-0.102207 0.133540 0.769086
-0.183640 0.134419 0.763240
-0.331117 0.130877 0.788509
-0.132224 0.125223 0.920894
-0.081778 0.144301 0.734927
-0.108054 0.136653 0.816957
-0.119700 0.143392 0.757172
-0.491867 0.100151 0.905582
-0.094560 0.130699 0.809103
-0.144771 0.139388 0.747365
-0.519510 0.130656 0.953927
-0.081998 0.140896 0.762471
-0.153900 0.140866 0.716689
-0.211979 0.135818 0.729915
-0.130140 0.123680 0.910647
-0.092847 0.079071 1.144476
-0.084142 0.067528 0.988315
-0.523523 0.109118 0.963775
-0.080704 0.072212 1.030960
-0.543705 0.112887 0.995632
-0.147174 0.147683 1.457832
-0.289000 0.114709 0.777242
-0.295127 0.127719 0.802124
-0.334545 0.127106 0.842988
-0.122461 0.117625 1.183398
-0.563918 0.109498 1.054314
-0.218378 0.069107 0.958195
-0.798096 0.046852 1.371621
-0.317907 0.118680 0.781998
-0.198138 0.132101 0.761458
-0.166582 0.133723 0.812182
-0.281456 0.121050 0.762577
-0.177133 0.120604 0.912995
-0.089808 0.069242 1.259641
-0.158417 0.121689 0.885998
-0.146045 0.121959 0.919608
-0.265641 0.127672 0.796089
-0.238559 0.133242 0.752645
-0.311974 0.130444 0.835359
-0.500601 0.103417 0.928182
-0.141135 0.133959 0.783232
-0.093996 0.088908 1.247104
-0.080815 0.108080 1.139313
-0.533327 0.078232 1.324945
-0.765844 0.062639 1.581620
-0.632440 -0.063084 1.923341
-0.642612 -0.057454 1.849494
-0.848008 0.065504 2.006771
-0.619298 0.155301 3.079821
-0.375542 0.125190 0.893990
-0.318299 0.121413 0.859775
-0.210786 0.100860 0.895473
-0.130656 0.082426 1.171432
-0.107841 0.127680 0.902252
-0.132721 0.133752 0.840046
-0.250786 0.112406 0.775020
-0.490754 0.115524 0.889146
-0.235816 0.103368 0.777044
-0.099643 -0.006108 0.254723
-0.112163 0.124977 0.826445
-0.143999 0.112919 0.986092
-0.151148 0.129048 0.854763
-0.124097 0.110629 1.117618
-0.149756 0.083653 1.209674
-0.225350 0.129913 0.767067
-0.145009 0.076979 1.132364
-0.146823 0.132351 0.761240
-0.094268 0.140229 0.734859
-0.142646 0.114988 1.007734
-0.238689 0.064884 0.793140
-0.173293 0.117648 0.935592
-0.391690 0.116381 0.970262
-0.195850 0.037832 0.868720
-0.163262 0.122957 0.876180
-0.180507 0.121716 0.888149
-0.236144 0.098116 0.781479
-0.200734 0.054855 0.879939
-0.215217 0.066736 1.206266
-0.218649 0.089136 1.320125
-1.660533 -0.095509 3.235048
-0.738128 -0.048689 1.453300
-0.457946 -0.028744 0.923837
-0.361692 0.116926 0.926255
-0.122643 0.111959 1.167308
-0.170125 0.101453 1.096451
-0.204210 0.064984 0.884181
-0.121326 0.136015 0.777402
-0.170374 0.100889 1.089359
-0.168513 0.085033 1.191937
-0.184420 0.076950 1.205902
-0.217090 0.081500 0.775780
-0.171850 0.116724 0.926484
-0.193522 0.086576 0.797029
-0.209469 0.116760 0.901764
-0.458710 0.060768 0.864525
-0.158130 0.089216 1.277012
-0.264588 0.126724 0.793102
-0.154517 0.117994 1.191286
-0.143555 0.136786 0.798264
-0.158508 0.131640 0.818331
-0.161271 0.123499 0.894947
-0.187574 0.125377 0.819082
-0.206831 0.062763 0.897957
-0.201437 0.025724 0.584328
-0.112962 0.132883 0.804019
-0.167274 0.121515 0.847556
-0.184482 0.124703 0.872570
-0.578440 0.109981 1.095223
-0.100828 0.130792 0.863058
-0.132740 0.083898 1.193194
-0.316090 0.120503 0.853008
-0.301402 0.089074 0.833117
-0.215813 0.108153 0.805602
-0.135759 0.126900 0.861874
-0.205184 0.107599 1.030490
-0.207855 0.088416 1.209702
-1.066492 0.043833 4.306053
-0.666027 0.157306 3.636437
-1.115967 -0.375720 4.726312
-0.691696 0.139568 3.341476
-0.480486 0.207249 3.637991
-0.631161 0.097831 1.194519
-0.122217 0.106384 1.078696
-0.208196 0.099596 0.875145
-0.130128 0.110313 1.144061
-0.218957 0.079649 0.767966
-0.205950 0.127815 0.800750
-0.169461 0.105120 1.127737
-0.343059 0.121252 0.889303
-0.365329 0.121738 0.872533
-0.298992 0.097160 0.840810
-0.278146 0.089077 1.295183
-0.152236 0.106944 1.096399
-0.112381 0.128853 0.862241
-0.231026 0.063594 1.208082
-0.522793 0.077978 1.470031
-0.510374 0.083879 1.364754
-0.994039 0.060067 1.696198
-0.291423 0.067504 0.818095
-0.498634 0.082258 1.311816
-0.209369 -0.016401 0.789640
-0.596875 0.080452 1.320090
-0.313713 0.097344 0.860764
-0.152614 0.121165 0.932800
-0.208539 0.097863 1.146397
-0.562873 0.108960 1.114251
-0.694586 0.160295 3.557407
-0.508415 0.197082 3.690510
-0.336095 0.236782 3.813508
-0.573380 -0.059202 1.152297
-0.247597 0.092312 1.214456
-0.204882 0.042241 0.913052
-0.204161 0.072869 1.209089
-0.185548 0.099829 1.126982
-0.221268 0.094201 1.165280
-1.946480 -0.151365 3.805688
-0.169977 0.122517 0.885784
-0.191921 0.130000 0.845777
-0.175182 0.129195 0.783612
-1.096333 0.105444 4.234838
-1.070649 -0.000498 3.974381
-0.197930 0.097404 1.116417
-0.240093 0.001181 0.815663
-0.533580 0.092978 1.262575
-0.277317 0.023983 0.847033
-0.447947 0.094794 1.158370
-0.555811 0.078605 1.420742
-0.639268 0.075708 1.765535
-0.601530 0.094668 1.161600
-0.633275 0.062657 1.743071
-0.215568 -0.023905 0.801936
-0.244206 -0.051828 0.839749
-0.223919 0.018518 0.802790
-0.226946 0.029138 0.800449
-0.501816 0.096325 1.190278
-0.516119 0.230145 3.467761
-0.643828 0.018295 1.780367
-0.880245 -0.340922 5.994404
-0.273924 0.238373 4.476237
-0.964036 -0.172881 5.002207
-1.804446 -0.127777 2.996949
-0.455700 0.106307 1.113463
-0.616619 0.094972 1.238161
-0.209293 0.078443 1.305746
-0.227497 0.058511 1.149409
-0.486104 0.070387 0.946388
-0.270129 -0.081613 0.962746
-0.474331 0.123378 0.919794
-0.181710 0.003204 1.245057
-0.284405 0.082810 0.831056
-0.332371 0.248712 3.537674
-0.839047 0.085942 3.285990
-0.558245 0.179417 3.773192
-0.400085 0.211670 3.932011
-0.272153 0.237177 4.076938
-0.240814 0.240770 4.043517
-0.173440 0.077562 1.193625
-0.211810 0.100524 0.836737
-0.622738 0.092788 1.220558
-0.227194 0.061430 0.782798
-0.206845 0.108193 1.005194
-0.208442 0.071097 1.234091
-0.202732 0.071361 1.172294
-0.569562 0.089992 1.923400
-0.863294 -0.262370 5.572677
-0.588838 0.174917 4.350377
-0.928921 0.015385 5.710953
-0.588546 0.173755 4.059797
-0.546924 0.077312 1.400488
-0.433767 0.103120 1.121468
-0.652585 0.144789 2.883542
-0.133374 0.301098 3.502810
-0.621352 0.162126 3.427286
-0.477539 0.195541 2.999579
-0.739101 0.132740 3.426110
-0.523282 0.196037 3.459409
-0.686371 0.031699 1.674628
-0.681432 0.037946 1.759324
-0.609922 0.105640 2.222373
-0.101544 0.241180 6.498333
-0.193345 0.242619 5.968716
-0.060905 0.256322 6.064591
-0.105385 -0.172370 7.625848
-0.115444 -0.156883 7.531862
-0.620830 0.045041 1.478455
-0.624571 0.069264 1.811354
-0.634218 0.064295 1.793049
-0.459352 0.201757 3.881963
-0.853836 -0.175386 4.331180
-0.733397 0.151254 3.833250
-0.741346 0.153950 3.722095
-0.599724 0.064290 1.446726
-0.603963 0.065836 1.563904
-0.546996 0.105043 1.027095
-0.259118 0.071335 0.809389
-0.527767 -0.005164 0.998949
-0.245794 0.013243 0.820849
-0.210738 0.109458 0.902921
-0.222706 -0.071641 0.908130
-0.645428 -0.008373 1.077790
-0.130265 0.128933 0.815332
-0.237568 0.093885 1.169508
-0.560666 0.180811 3.779477
-0.366502 0.220557 3.898553
-0.607652 0.162352 4.199720
-0.671756 -0.024544 2.060213
-0.621585 0.079084 1.862741
-0.158519 0.079960 1.180436
-0.248408 0.088641 1.234919
-0.214294 0.110454 0.990884
-0.220832 0.092153 1.137271
-0.650749 0.092567 1.237700
-1.165394 0.028346 4.421779
-1.252717 -0.679018 6.901218
-0.205489 0.043394 0.919482
0.202847 0.279774 5.889278
-0.249635 0.237213 6.176272
0.139160 0.263929 5.399852
0.030962 0.264951 5.334802
0.189623 0.281438 5.345618
-0.629438 0.096895 1.191559
-0.213172 0.041489 0.776910
-0.250844 0.095793 1.386747
-0.202509 0.005234 0.781333
-0.181533 0.123404 0.900962
-0.779417 0.062426 1.581675
-0.694793 0.024661 1.782874
-0.318399 0.228856 3.901762
-0.724718 0.132992 5.542985
-0.468223 0.195179 4.000412
-0.775466 -0.323636 6.014179
-0.675881 0.151905 5.494504
0.023751 0.279995 4.908148
-0.771981 -0.310426 6.122177
0.056934 0.272167 5.409497
-0.208662 -0.064387 0.846151
-0.200136 0.092680 0.840526
-0.172937 0.102170 1.195924
-0.244492 0.087409 1.218298
-0.778769 0.020726 1.867887
-0.225315 0.072303 1.246388
-0.971390 0.029355 6.029072
-0.458471 0.199256 3.867621
-0.691490 -0.328329 5.939166
-0.764800 -0.305731 6.019637
-0.742702 0.149571 3.551118
-0.735051 0.144692 3.615098
-0.551605 0.179398 3.959645
-0.552841 0.176155 3.941418
-0.451634 0.209986 3.635827
-0.582039 0.088108 1.285439
-0.503892 -0.005530 0.960390
-0.226321 0.245269 4.612595
-0.516488 0.189521 4.371869
-0.163682 0.251835 4.239934
-0.444505 0.191696 4.684099
-0.459235 0.074918 0.852548
-0.162388 0.122557 0.915192
-0.159347 0.064403 1.064096
0.394847 0.170270 8.543871
0.415095 0.177759 8.694808
0.384972 0.290730 6.942768
0.516349 0.312459 6.348408
0.575231 0.289125 8.159050
-0.593590 0.090754 1.299103
-0.211773 0.118404 0.845935
-0.195420 0.102563 1.138243
-0.485283 0.204088 3.675684
-1.096503 -0.010083 4.416845
-0.748338 0.110959 3.421841
-0.597769 0.100099 2.131564
-0.703377 0.026761 1.737183
-0.489469 0.081401 1.311172
-0.655183 0.036919 1.808842
-0.508317 0.088286 1.244309
-0.662043 0.059037 1.713811
-0.627276 0.067148 1.736433
0.250681 0.168067 8.044725
0.467427 0.310678 8.028801
1.186792 -0.174194 6.724063
-0.717822 0.030988 1.704671
-0.661951 -0.023762 2.016757
-0.591324 0.175716 3.497248
-0.315423 0.252615 3.828706
-0.264371 0.267498 3.889296
-0.611264 0.173995 4.181605
-0.535199 -0.062439 1.256116
-0.703618 -0.109768 1.714023
-0.819212 0.098568 3.691074
-0.494172 -0.005030 0.941858
-0.170354 0.116580 0.968670
-0.090130 0.300540 3.302375
0.081485 0.272215 5.863663
-0.091599 0.244475 6.298122
-0.108657 0.224952 7.023823
-0.055191 0.246519 5.879560
-0.645605 0.105294 2.445169
-0.577339 0.130826 2.423603
-0.530084 0.115792 0.969989
-0.198899 0.087382 1.226525
-0.339671 0.103579 0.935129
-0.515032 0.103040 0.949775
-0.190212 -0.047304 0.853337
-1.465280 -0.079201 3.038123
-0.484354 0.086609 1.303223
-0.210018 0.075526 0.752187
-0.374839 0.109723 1.029964
-0.607427 0.082750 1.341453
-0.635182 -0.062658 1.820974
-0.685004 0.079859 2.280303
-0.547940 0.090787 1.844187
-0.647434 0.058883 1.789402
-0.690723 0.016210 1.744614
-0.635128 0.068731 1.908141
-0.628693 0.075620 1.936981
-0.509957 0.152315 2.429923
-0.757299 0.016769 1.744525
-0.662531 0.068450 2.070411
-0.677813 0.020237 1.747747
-0.802268 0.011782 1.847588
-0.701804 0.100597 2.663653
-0.601734 0.074837 1.799452
-0.531334 0.096676 1.816824
-0.671869 -0.016578 1.826394
-0.733105 0.016693 1.617270
-0.712253 0.028984 1.770614
-0.823126 0.104803 2.968464
-1.015812 -0.146436 4.123403
-1.196749 -0.077036 4.591455
-1.028088 -0.108213 4.188337
-0.713359 -0.045193 2.310071
-0.732745 0.059751 1.397512
-0.591827 0.067396 1.426994
-0.202274 0.105942 1.082718
-0.201829 0.040819 0.899748
-0.211656 0.092986 1.207186
-0.685493 0.035200 1.678028
-0.517999 0.123968 2.085035
-0.559918 0.110879 2.090663
0.126718 0.269995 5.454955
-0.185850 0.232297 5.501648
-0.400361 0.218822 5.284758
-1.206259 -0.035429 1.940567
-0.780011 0.007196 1.549536
-0.724836 0.012848 1.507690
-0.638366 0.046907 1.569299
0.086959 0.269183 5.281025
0.297728 0.300289 5.253735
-0.010661 -0.171208 7.677013
-0.021224 0.024057 7.750160
0.204248 0.275497 5.848623
-0.211977 0.040708 0.771687
-0.370452 0.094152 1.043202
-0.228556 0.111277 1.356317
-0.252284 -0.006245 0.830874
-0.450621 0.049151 0.854429
-0.231510 -0.035900 0.817020
-0.263634 -0.028239 0.850138
-0.268243 -0.010502 0.848281
-0.664510 0.088730 1.222772
-0.543943 0.075359 1.425818
-0.658271 0.079815 1.821356
-0.652423 0.043729 1.928724
-0.639123 -0.064098 1.952016
-0.327519 0.110297 0.920173
-0.399923 0.107803 1.049768
-0.690545 0.037334 1.693290
-0.638570 0.140323 2.822183
-0.611582 0.105385 2.361439
-0.638998 0.055350 1.681345
-0.651800 0.058242 1.939861
-0.629996 0.061834 1.735873
-0.609457 0.086800 2.046111
-0.542032 0.097323 1.919061
-0.604529 0.076960 1.831447
0.017026 0.263064 5.244977
-0.117253 0.242696 5.127079
-0.196907 0.233085 5.238759
-0.020010 0.254293 5.866194
-0.106901 -0.399819 7.327296
-0.105000 -0.422786 7.248138
-0.853354 0.049612 2.017367
-0.465204 0.094982 1.159416
-0.644692 0.073898 1.864676
-0.559597 0.076466 1.441195
-0.616676 -0.065095 1.879036
-0.687747 0.043595 1.780805
-0.278298 0.049784 0.840729
-0.249906 0.009083 0.823067
-0.419139 0.100308 1.120744
-0.614687 0.100843 2.221416
-0.647709 -0.128502 2.043976
-0.641499 -0.125802 2.009836
-0.669318 -0.017034 1.818726
-0.495185 0.139066 2.121763
-0.268279 0.073279 1.382708
0.019116 0.264453 5.668337
-0.354164 0.204182 6.165271
0.159174 0.257470 5.633721
-0.440429 -0.289948 5.924362
-0.186700 0.225683 6.284493
-0.644356 0.054868 1.704322
1.610196 -0.005163 13.146243
0.401823 0.302387 8.195037
-0.261192 0.014961 0.836068
-0.521142 0.081010 1.322586
0.265304 0.332686 5.089630
-0.519702 0.184921 5.157032
-0.348484 0.192980 4.071020
-0.665311 0.062725 2.007756
-0.481992 0.161631 2.362890
-0.490770 0.161846 2.449663
-0.837883 0.034849 1.943420
-0.578134 0.068610 1.582495
-0.580163 0.072860 1.398380
-0.557892 0.071846 1.458909
-0.487530 0.077423 1.395051
-0.556428 0.180809 3.355735
-0.656373 0.164262 3.735494
-0.723538 0.127644 3.649801
-0.721754 0.129741 3.664852
-0.811238 0.095546 3.630497
-0.527391 0.081000 1.600322
-0.755891 0.010833 1.418244
-0.682619 0.019630 1.398619
-0.587190 0.055114 1.392492
-0.594218 0.061870 1.532489
-0.630227 0.075719 1.939274
-0.732720 0.036061 1.717656
-0.587423 0.083189 1.913023
-0.622509 0.080839 1.417843
-0.490286 0.090696 1.207512
-2.152617 0.503627 4.153660
-0.731252 0.063654 1.667877
-0.591382 0.035666 1.733091
-1.174525 0.011545 4.933311
-0.667362 0.158670 4.015958
-0.687437 0.161875 3.790036
-0.651938 -0.060030 2.005428
-0.738527 0.080747 2.466927
-0.647322 0.111967 2.518367
-0.588761 0.145796 2.655792
-0.241072 0.266780 3.260085
-0.624734 0.039684 1.826740
-0.915149 0.044659 2.087926
-0.732475 0.007746 1.754290
-0.437095 0.217222 3.738719
-0.495058 0.198250 3.864541
-1.060262 0.010820 1.649094
-0.999534 -0.176839 4.142042
-0.978577 -0.146804 3.860175
-0.717658 0.088724 2.028269
-0.553075 0.086927 1.844178
-1.066709 0.010736 1.659052
-1.116681 0.006269 1.753694
-0.721609 0.146784 1.625236
-0.608850 0.089496 1.196689
-0.196861 0.034584 0.878415
-0.214907 0.015253 0.786300
-0.427463 0.110259 1.021688
-0.633503 0.097841 1.199341
-0.239730 0.025238 0.809443
-0.452288 -0.055717 0.897565
-0.197170 0.076068 1.255813
-0.463101 0.073971 0.864893
-0.196229 0.111786 0.986544
-0.704942 0.159470 3.814219
-0.767279 0.158971 3.952072
-0.594429 0.164578 3.603963
-0.283293 0.244043 3.759821
-0.345528 0.230322 3.926337
-0.663512 0.069095 1.548575
-0.738189 0.152277 3.559644
-0.591550 0.173122 3.574731
-0.426009 0.200038 3.861947
-0.640622 0.162149 3.691985
-0.868289 -0.265812 5.612117
-0.466023 0.209045 3.845683
-0.642409 0.170657 4.107282
-0.685871 0.128785 3.128855
-0.355093 0.213825 4.889318
-0.837741 -0.294856 6.046318
-0.569851 0.078455 1.466665
-0.639898 0.094305 1.281309
-0.526467 0.082097 1.383875
-0.563004 0.079086 1.371604
-0.620667 -0.036682 1.260291
-0.252106 0.061270 0.802847
-0.214688 0.242601 4.142889
-0.163377 0.257578 4.269119
-0.567597 0.182256 4.504000
-0.547984 0.079071 1.677510
-0.529290 0.094516 1.808259
-0.658583 0.039326 1.575710
-0.459051 0.089943 1.351930
-0.270939 0.049820 0.828141
-0.449232 0.104497 1.099081
-0.411083 0.116418 0.966324
-0.418916 0.111082 0.986996
-0.198108 0.054061 0.861494
-0.472628 0.097057 1.179136
-0.251155 -0.033306 0.585877
-0.536453 0.079468 1.435735
-0.478958 0.093492 1.231478
-0.507041 0.086028 1.343039
-1.265011 -0.021682 6.189757
-1.347663 -0.553105 7.473441
-0.302203 0.071683 0.855715
-1.232836 -0.024262 2.168579
-2.072668 -0.151835 3.267280
-0.728059 0.100448 2.929570
-0.586194 0.167880 3.457344
-0.621252 0.164184 3.445676
-0.241972 0.074417 1.298086
-0.585867 0.090220 1.946657
-0.551088 0.089393 1.792266
-0.620469 0.055470 1.691998
-0.718364 0.081620 2.449898
-0.245848 0.080091 0.794942
-0.220884 -0.036126 0.815514
-0.509468 0.099329 1.173951
-0.216477 -0.015276 0.798235
-0.583307 0.083070 1.316500
-0.429649 0.107569 1.064145
1.582278 0.343368 7.038304
0.672057 0.327018 7.168190
0.379659 -0.008342 11.288094
0.176099 0.198791 7.954024
-0.808723 0.062812 1.935462
-0.769763 0.094603 2.806518
-0.529084 0.103577 1.903607
-0.719890 0.011547 1.460936
-0.628304 0.063178 1.788717
-0.627165 0.060454 1.697778
-0.650355 0.042491 1.548973
-0.200764 -0.059411 0.810325
-0.202458 0.113249 0.971153
-0.320105 0.228295 5.517248
-0.637096 0.093161 2.178648
-0.733616 0.063154 2.356090
-0.658901 0.103722 2.455750
-0.269913 0.009590 0.843659
-0.266822 0.022097 0.834381
-0.501469 0.082639 1.318593
-0.650778 0.085538 1.342092
-0.443137 0.102828 1.086242
-0.380013 0.114684 0.935772
-0.209358 0.113816 0.882198
-0.502856 0.070093 1.380015
-0.268247 0.022579 0.840200
-0.639732 0.030691 1.762977
-0.215412 -0.001718 0.791196
-0.636858 0.103166 1.183592
-0.612624 0.099420 1.148064
-0.505970 0.098206 1.153557
-0.537754 0.093389 1.207341
-0.249922 0.042517 0.814885
-0.214944 0.098633 0.927980
-0.520093 0.191188 3.184209
-0.603245 0.148136 2.778017
-0.121791 0.309390 3.782934
-0.385429 0.238935 3.779630
-0.470521 0.203480 3.618577
-0.586868 0.179861 3.800297
-0.353730 0.232859 4.045170
-0.937342 -0.204207 5.214419
-0.571122 -0.066793 1.343713
-0.796093 0.134658 1.630009
-0.821883 0.047298 1.562955
-0.495553 0.081613 1.371866
-0.682398 -0.016365 1.854693
-0.561006 0.084203 1.337804
-0.575514 0.086095 1.270378
-0.217055 -0.049713 0.816148
-0.207200 0.256123 4.371721
-0.432192 0.213831 4.098083
-0.223229 0.243820 4.292426
-0.215006 -0.048709 0.805768
-0.486688 0.078344 1.289515
-0.833997 -0.190639 4.555401
-0.468880 0.200737 3.800361
-0.569456 0.181420 3.668702
-0.716633 0.155706 3.672087
1.660044 0.441639 8.862345
1.328068 0.431904 10.112383
1.338887 0.428847 10.053742
1.667077 -0.462673 13.266473
1.369599 0.424605 9.707430
2.245198 0.474662 9.082832
-0.533921 0.187654 3.582187
-0.788441 0.145336 4.190312
-0.753424 0.155257 3.641143
-0.719941 0.162035 3.709045
-0.626783 0.171355 3.543185
-0.484359 0.200489 3.591820
-0.906003 0.077068 4.152701
0.265911 0.207627 8.399873
0.800196 0.351321 7.141666
0.842467 0.031223 11.165236
-0.251553 0.029712 0.810520
-0.459359 -0.010712 0.897058
-0.745697 0.050493 1.803705
-0.540848 0.094031 1.955322
-0.517370 0.079783 1.563328
-0.521349 0.097029 1.836629
-0.614222 0.072686 1.504731
-0.518981 0.084126 1.336943
-1.111882 -0.065919 3.888024
-1.165154 -0.218852 4.412869
0.728393 0.337936 5.798245
-0.101618 0.249640 5.886253
-0.232797 0.248151 5.827422
1.280833 0.286131 6.369411
-0.248607 0.036145 0.817839
-0.239303 0.003079 0.812384
-0.660617 0.044985 1.687219
-0.548177 0.087117 1.784727
-0.622430 0.065683 1.721776
-0.657523 0.045704 1.612851
-0.694565 0.053378 1.338665
-1.047238 -0.376988 4.527899
-0.747488 0.045178 1.888144
-0.864139 0.040414 1.955188
-0.457657 0.091432 1.215142
-1.140095 0.017057 4.295095
-1.073473 -0.067340 3.595333
-0.639864 -0.092973 1.983026
-0.917771 0.167349 1.858617
-0.960119 -0.079844 3.148992
2.276337 0.332431 12.677931
2.071718 -0.340851 11.151838
2.255720 -0.240097 13.001788
2.227218 -0.200919 13.040357
1.972471 -0.280237 10.568023
2.166203 -0.304749 10.888130
-0.593889 0.102549 2.132682
-0.296247 0.223813 4.526901
-0.264016 0.223735 5.072463
0.083561 0.272610 4.998125
-0.595088 0.180233 4.688941
-0.242381 0.227541 4.878578
-0.727410 0.076196 2.472565
-0.443821 0.101798 1.085056
-0.446337 0.053309 0.846716
-0.504744 0.024588 0.958458
-0.548698 0.076580 1.472989
-0.795056 0.005812 1.486699
-0.683162 0.068098 2.087754
-0.544902 0.077751 1.584463
-0.501806 0.086328 1.583877
-0.624514 0.167436 3.654202
-0.484451 0.202745 3.667727
-0.931027 0.109647 4.570947
-0.569190 0.182333 3.682441
-0.936933 0.107604 4.451775
-0.724567 0.028547 1.467164
-0.524632 0.081485 1.381802
-0.614615 0.058128 1.787574
-0.805329 0.056426 1.912846
-0.707488 0.045950 1.834462
-0.796919 0.047062 1.886153
-0.813436 0.023105 1.947251
-0.733610 0.037958 1.830220
-0.491853 0.085525 1.692713
-0.504152 0.077637 1.296841
-0.825318 0.047791 1.427087
-0.555957 0.084922 2.031514
-0.732317 0.013562 1.415056
-0.689221 0.026374 1.385017
-0.658548 0.024221 1.389227
0.245194 0.273313 6.697967
-0.180312 0.215001 7.591097
-0.041988 0.249458 5.729747
0.002531 0.079601 7.678137
0.091967 0.252312 6.542048
0.349758 0.292613 6.603498
-0.109790 -0.169095 7.496557
-0.692636 0.009504 1.777945
-0.610191 0.082177 1.938702
-0.552535 0.116535 2.145773
-0.542509 0.103989 1.077725
-0.299020 0.073719 0.847773
-0.863438 0.059329 1.543046
-0.466378 0.088273 1.326145
-0.922187 0.096295 4.358832
-0.355859 0.249691 3.836521
-0.959492 -0.003689 4.565125
-0.625689 0.165374 3.704182
-0.282561 0.249979 4.100570
-0.612171 0.055814 1.575961
-0.578414 0.071045 1.666705
-0.678816 0.040533 1.781460
-0.577254 0.082301 1.800036
-0.507591 0.096673 1.767252
-0.593047 0.062068 1.607319
-0.729276 0.011577 1.429568
-0.756960 0.012540 1.632550
-0.558328 0.088594 1.803957
-0.524018 0.101472 1.860666
-0.270409 0.246663 3.797410
-0.640759 0.171814 4.115625
-0.941279 0.032684 1.674290
-0.529371 0.079166 1.373504
-0.589039 0.078101 1.302361
-0.480633 0.087368 1.258401
-0.845934 -0.001888 3.007972
-0.893839 -0.154519 4.237097
-0.601442 0.168681 3.713214
-0.948485 -0.116083 4.403357
-0.667477 0.042867 1.755385
-0.714651 0.020388 1.742647
-0.925032 0.095993 4.411692
-0.680894 0.135692 3.113641
-0.707767 0.105934 2.766495
-0.820089 0.097279 2.789392
-0.253350 0.266093 3.052375
-0.285575 0.262435 3.562421
-0.135105 0.299218 3.494414
-0.256470 0.275577 3.933837
-0.471180 -0.037575 0.921616
-0.539483 0.074386 1.304303
-0.448394 0.087708 1.319159
-0.608398 0.089919 1.194012
-0.600288 0.066292 1.761790
-0.598353 0.071149 1.477756
-0.195203 0.251728 4.336339
-0.582854 0.180448 4.311041
-0.143246 0.263387 4.494572
-0.450905 0.195770 4.789092
-0.699334 0.142735 5.547955
-0.298198 0.232451 4.007719
-0.607370 0.174572 4.063162
-0.230381 0.245589 3.887784
-0.317487 0.224562 3.915936
-0.341875 0.223098 3.947072
-0.731517 0.147198 3.668290
-0.683655 0.162751 3.781213
-0.961577 -0.009609 4.585218
-0.404151 0.222856 3.909161
-0.295554 -0.014991 0.884645
-0.258888 -0.054395 0.856190
-0.611795 0.092802 1.163903
-0.302275 0.241909 5.895765
0.051552 0.255614 6.312390
0.242064 0.288198 5.906794
-0.510015 0.105378 1.880195
-0.666782 0.073467 1.588801
-0.612601 0.069652 1.479176
-0.643961 0.064358 1.667473
-0.510713 0.167882 2.948760
-0.430672 0.212603 3.104882
-0.033088 -0.170040 7.749247
0.523573 0.300476 7.616399
-0.625028 0.081339 2.023182
-0.626768 -0.083103 1.898530
-0.590778 0.085634 1.931224
-0.942388 -0.007197 4.462037
-0.737200 0.130421 3.406479
-0.231473 -0.001476 0.806364
-0.652040 -0.053562 1.816134
-0.523077 0.312546 4.599076
-0.713708 -0.142411 2.376672
-0.650968 -0.093548 2.023735
-0.738369 0.056767 1.440439
-0.234188 -0.053776 0.834071
-0.449150 0.090714 1.237134
-0.438141 0.202148 5.132740
-0.423581 -0.204715 5.628831
-0.423372 -0.208991 5.732486
-0.353093 0.213736 5.038952
-0.728498 0.025505 1.736331
-0.649268 0.039353 1.793098
0.243093 0.275814 5.853491
-0.197737 0.240077 4.622336
-0.447196 0.166753 8.529316
-0.440519 0.172389 8.568556
-0.425147 0.184241 2.483655
-0.662474 0.085690 2.163713
2.030442 -0.253242 13.343135
2.419216 0.461557 13.804145
2.103326 0.300916 11.841759
2.628929 0.161132 11.138075
-0.534563 0.153330 2.539489
-0.599322 0.121797 2.445467
-0.709947 0.074930 2.295000
-0.668469 0.116395 2.757234
-0.752010 0.081702 2.694559
-0.647193 0.166310 3.513596
-0.731105 0.143127 3.780194
-0.698336 0.165359 3.493515
-0.772953 0.148970 3.678813
-0.645542 0.166118 3.716614
-0.698861 0.023337 1.424496
-0.580762 0.063346 1.533473
-0.545779 0.157489 2.642258
-0.610474 0.081410 1.919680
2.247105 -0.096743 11.099940
2.483142 -0.361643 10.644458
2.376746 0.278201 11.700768
-0.728625 0.085121 1.688975
-0.742762 0.068899 3.003953
-1.025264 -0.241318 3.656231
-1.101896 -0.064821 3.850113
-0.658930 0.065243 1.507842
-0.811704 0.048065 1.435406
-0.554018 0.078027 1.332747
-1.113799 -0.000725 4.418905
-0.585245 0.100960 2.057091
-0.509762 0.157508 2.459934
-0.346288 0.215985 2.651983
-0.731364 0.014244 1.517917
-0.700715 0.031950 1.702121
-0.630909 0.106042 2.350599
-0.369928 0.220793 2.828956
-0.405337 0.106970 1.201057
-0.452073 0.091407 1.243752
-0.852424 0.058800 1.527320
-0.530625 0.079238 1.370926
-0.526980 0.077777 1.417450
-0.482272 0.084180 1.345337
-0.524482 0.076839 1.412463
-0.489773 0.083291 1.365960
-0.516876 0.081377 1.477907
-0.649078 0.056200 1.510486
-0.628805 0.067367 1.709761
-0.619907 0.049864 1.439524
-0.541481 0.076504 1.546593
-0.531490 0.072070 1.352565
-0.875772 -0.005410 1.691107
-0.657985 -0.023527 1.997610
-0.495921 0.118411 1.959370
-0.903967 -0.205919 5.386176
-0.605619 0.057809 1.512393
-0.650780 0.082080 1.898984
-0.533211 0.081130 1.873399
-0.573175 0.074561 1.484413
-0.761528 0.120881 3.314268
-0.631280 0.117979 2.674181
-0.746920 0.088923 2.591033
-1.453161 -0.242776 5.693435
-1.033220 -0.064448 3.883955
-0.618479 0.165675 3.120386
-0.665156 0.150755 3.589519
-0.133798 0.305719 4.324027
-0.652860 0.155349 3.397073
-0.593927 0.096506 2.109549
-0.559668 0.106758 2.068555
-0.518108 0.108212 1.940089
-0.249431 -0.021757 0.836874
-0.231926 -0.046932 0.813834
-0.454224 0.103529 1.062284
-0.538660 0.093882 1.188002
-0.659148 0.041394 1.833994
-0.840724 0.040756 1.993373
-0.935635 -0.096465 4.523030
-0.990337 -0.119144 4.109425
-1.006379 -0.004986 3.849090
-1.173957 -0.326512 4.731925
-0.610029 0.080376 1.914636
-0.640655 0.048298 1.657462
-0.720861 -0.101122 1.895991
0.216131 0.278377 6.318468
1.075810 0.383444 7.124811
0.498680 0.295864 6.495248
0.441260 0.309424 7.357239
0.408261 0.205232 8.667477
0.403267 0.243865 8.803502
0.755100 0.334731 7.657399
0.397518 0.240809 8.765142
-0.428238 0.100688 1.106062
-0.450162 0.041617 0.858575
-0.275006 -0.035261 0.860464
-0.257843 -0.053970 0.851654
-0.779945 0.042285 1.390697
-0.878358 0.052996 1.397810
-0.648832 0.052285 1.479591
-0.640243 0.050519 1.461448
0.455752 0.309608 6.637004
4.101985 0.415913 12.352036
-0.614200 0.062412 1.539170
-0.687356 0.041591 1.606711
2.235855 0.262967 11.469888
3.105018 0.391690 12.234411
-1.029057 0.085902 3.888615
-1.073090 -0.390985 4.669439
-0.522440 0.078666 1.309654
-0.499474 0.080429 1.409696
-0.633368 0.073636 1.503652
-0.308865 0.245167 3.000992
-0.649107 0.052667 1.852066
-0.471067 0.090488 1.210951
-0.789632 0.138662 3.615618
-0.924243 0.102277 4.011168
-0.867925 0.114831 3.773993
-0.234015 0.270184 3.889416
-0.790129 0.083172 3.216427
-0.656984 0.149458 3.244609
-0.651250 -0.030999 1.985776
-0.946155 -0.169970 4.885562
-0.724813 0.056457 1.504207
-0.632050 0.090270 2.154279
-0.586952 0.116414 2.264819
-0.651986 0.001796 1.800417
-0.576430 0.177772 4.040162
-0.656135 -0.115980 2.065052
2.233870 -0.436188 12.986296
2.193042 -0.438714 12.831232
-0.671665 0.167631 3.936963
-0.906210 0.097661 5.626957
-0.375310 0.222472 3.932972
-0.905307 0.217834 5.512619
-0.340778 0.227260 3.971385
-0.300720 -0.015957 0.903018
-0.711720 0.051693 1.804059
-0.800245 0.038173 1.952974
-0.758091 0.123019 3.531607
-0.339122 0.241999 3.508579
-0.671505 0.156118 3.476277
-0.768265 0.135357 3.542239
-0.272817 -0.017255 0.853063
-0.463296 0.086193 1.314022
-0.731731 0.104263 2.682463
-0.706138 0.103260 2.694826
-0.616277 0.152275 3.051830
-0.295088 0.323189 4.466435
-0.735990 0.048210 1.903111
-1.050468 -0.038688 3.628799
-0.778603 0.046945 1.410732
-1.257302 0.007144 2.003815
-1.009270 -0.143470 4.106728
-0.878113 -0.107705 3.975536
-0.944748 0.139989 4.507379
-0.476043 0.084987 1.472648
-0.754522 0.036681 1.458355
-0.706304 -0.354436 6.369827
-0.606266 0.171995 4.053537
-0.594852 -0.195731 5.265892
-0.714425 -0.258786 6.351924
-0.847924 -0.293837 5.978364
-0.376794 0.224209 3.999148
-0.058569 0.237945 5.819077
-1.172286 -0.028734 1.869880
-1.245885 -0.019472 1.997201
-1.413456 -0.115019 5.576724
-1.161487 -0.211269 4.467287
-0.842088 -0.090617 3.828658
-0.757485 0.056886 1.599794
-0.626637 -0.012123 1.871818
-0.599180 0.063120 1.551852
-0.650086 -0.057809 1.862454
-1.061091 0.064019 4.174042
2.139356 -0.288526 11.046578
2.236200 -0.028197 11.130858
2.344633 -0.147990 10.819062
0.238017 0.169507 8.039576
3.826299 0.470332 12.696680
0.092885 0.240596 7.288341
-0.956618 -0.173154 4.120931
-0.533592 0.167440 2.769356
-0.561188 0.101031 2.038365
-0.591649 0.067617 1.783872
-0.648746 0.021079 1.800138
-0.584397 -0.068022 1.374607
-0.733667 0.022471 1.749392
-0.738845 0.013263 1.443630
-0.586877 0.059744 1.544530
-0.640512 0.036698 1.495036
-0.568836 0.067771 1.566945
-0.556762 0.091298 1.859679
0.523614 0.279141 7.383397
0.278745 0.046769 8.687775
0.288640 0.052319 8.755825
0.592964 0.297981 7.224420
-1.070460 -0.383887 4.619992
0.390529 0.292158 6.528625
0.264956 0.182366 8.259342
0.191064 -0.444190 8.485087
0.343744 0.289009 6.583801
0.270013 0.041269 8.624044
-0.527407 0.119213 2.073724
2.235647 -0.096701 10.453374
2.466928 -0.050327 11.075053
-0.465276 0.084250 1.355766
-0.566049 0.056462 1.500748
1.995571 -0.368920 11.105201
1.774888 0.423869 9.332693
1.507877 0.432822 6.944154
1.546517 0.315885 6.999822
0.675966 0.371660 7.225174
0.543417 0.330232 5.972443
-0.050194 0.290454 4.659186
-0.668801 0.157141 4.012495
-0.521045 -0.191022 5.503868
-0.200304 0.256533 4.381688
-0.475753 0.172753 5.648681
-0.569613 0.086758 1.847763
-0.823557 -0.163107 4.090975
-0.718283 -0.141991 1.832267
-0.470043 0.097206 1.158266
-0.755299 0.075371 1.351691
-0.296238 -0.024754 0.889795
-0.275558 -0.052645 0.870571
2.008650 -0.139332 11.233456
1.963721 -0.217525 13.646960
2.238276 -0.392872 12.840405
2.265733 0.343385 12.629939
2.207722 0.244946 11.274271
2.116039 -0.317417 11.091507
-0.421473 0.092697 1.353917
-0.739906 0.155683 3.867229
-0.601194 0.175505 3.757109
-0.702308 0.160291 3.638189
-0.779860 0.146119 3.565098
-0.569437 0.177146 3.644403
2.250313 -0.146592 10.715713
-0.474165 0.152959 2.265854
-0.613365 0.088757 2.036749
-0.662254 0.174221 3.625817
-0.834342 -0.185316 4.457686
-0.524082 0.189588 3.746635
-0.584404 0.165970 3.691273
-1.170778 -0.301568 4.578413
-1.207209 0.005143 1.941795
-1.084244 0.111440 4.274657
-1.545425 -0.784592 8.069755
-0.490904 0.082497 1.416222
-0.559653 0.069952 1.382398
-0.670472 0.056271 1.374859
-0.561658 0.085633 1.518507
-0.823794 0.038516 1.968698
-0.583442 0.081647 1.806206
-0.606141 -0.072302 1.428996
0.383849 0.292553 5.824658
0.303145 0.284659 6.058375
-0.196372 0.187743 7.554062
0.097932 0.254437 7.448513
-0.022508 0.020512 7.819146
-0.727575 0.014682 1.603629
-0.730178 0.138272 3.475809
-0.366178 0.224438 3.799950
-0.493552 0.191809 3.824071
-0.650791 0.017237 1.819043
-0.479998 0.227015 3.642138
-0.590265 0.171671 3.480754
-0.950355 -0.015750 3.227601
-0.581135 0.140458 2.625233
-0.655090 0.103401 2.451880
2.119520 0.316628 11.338156
2.254003 0.283860 13.179146
2.081840 0.457021 9.803071
1.152806 0.442471 10.927274
-0.548669 0.093816 1.912209
-0.560973 0.072970 1.541669
-0.837772 0.009562 1.540244
-0.262018 0.237099 3.996855
-0.611184 0.180351 4.222258
-0.523474 0.183744 4.682940
-0.101470 0.275847 4.156858
-0.486878 0.189428 4.778411
-0.419895 0.222919 3.555831
-0.717405 0.152857 3.570269
-1.002713 -0.121453 4.199973
-1.110768 0.010364 4.579354
-0.614419 0.062754 1.694451
-0.227805 -0.156670 7.279558
-0.119696 0.235891 5.582728
-0.036068 -0.166533 7.682112
-0.010848 -0.196212 7.308000
-0.730034 0.032520 1.420735
-1.137618 -0.400575 4.831693
-0.794111 -0.087664 1.475806
-1.200626 -0.029006 1.903412
-1.180377 -0.028971 1.877314
-1.282409 -0.000542 2.053488
-1.072041 0.107756 4.191496
-0.498607 0.083750 1.529677
-0.737987 -0.049689 2.362028
-0.927438 -0.112555 4.226925
-1.293355 0.017061 5.847711
-0.516074 0.090858 1.260720
-0.874202 0.041957 1.984410
-0.631746 -0.018958 1.895083
-0.648149 -0.010930 1.945178
-0.621033 0.128972 1.506614
-0.868677 0.025083 1.569520
-0.731504 0.055594 1.495550
-1.033083 -0.065469 3.440373
-0.569583 0.080923 1.384739
-0.448710 0.094449 1.290084
-0.693217 0.021909 1.771631
-0.650007 -0.057499 1.879450
-0.305182 0.262232 3.590790
-0.581825 0.064695 1.433119
-0.692896 -0.047470 2.190776
-0.875734 -0.338211 5.933127
-0.824763 -0.359715 6.084442
-0.887634 -0.278786 5.807358
-0.600795 0.059877 1.536343
-0.604561 0.082750 1.935892
-0.678248 0.041973 1.710700
-0.541268 0.075185 1.567700
-0.666283 0.048924 1.723283
-0.625087 0.083638 2.096590
-0.695447 0.092736 2.527136
-1.317809 -0.534436 7.270503
-0.397715 0.236569 4.426010
-0.586711 -0.187666 5.121234
-0.590038 -0.187748 5.111895
-0.408241 0.216059 4.110533
-0.772269 -0.323662 5.965506
0.358916 0.387792 5.068879
-0.524369 -0.192923 5.562103
-0.789117 0.016711 1.842342
-0.564032 0.132456 2.336278
-0.606161 0.045170 1.411153
-0.642246 0.156973 4.008192
-0.683666 0.044042 1.729917
-0.547538 0.101293 2.013963
-0.690745 0.036361 1.662818
-0.812965 0.045776 1.412572
-1.079136 0.043573 4.294663
-1.090275 0.047111 4.341070
-0.984057 -0.158960 4.436710
-0.668857 -0.018832 1.808450
-0.521658 0.080174 1.345210
-0.655541 0.024369 1.757731
-0.664538 -0.121157 2.116184
-0.543705 0.176511 4.202573
-0.537253 0.177942 4.521323
-0.186084 0.245540 4.382390
-0.966727 0.000574 3.535115
-1.144180 -0.275664 4.338180
-0.959837 -0.173000 4.149685
-1.130023 -0.290994 4.468012
-0.401308 0.097869 1.244145
-1.139750 -0.203833 4.346028
-1.030416 0.062074 4.079947
-1.507493 -0.242965 6.119480
-1.159551 -0.301618 4.601145
-1.079695 -0.254111 3.850595
-0.667169 0.145609 3.232302
-0.405616 0.247827 3.716847
-0.992937 -0.167886 4.073728
-0.493302 0.203566 3.901031
-0.972362 -0.173992 4.236325
0.080651 0.269695 6.045112
0.381010 0.288638 6.493916
-1.438782 -0.631286 7.235456
-0.749917 0.063686 1.424421
1.621205 0.426656 10.596917
1.389832 0.441906 10.531052
-0.619992 0.073911 1.825602
-0.664684 0.042026 1.591510
-0.559422 0.078063 1.659133
-0.535610 0.175399 4.506895
-0.450233 0.204580 4.189249
-0.405376 0.208649 4.670609
-0.589152 0.173869 4.498668
-0.489159 0.188531 4.118689
-0.454613 0.197987 4.527239
-0.632975 0.155852 3.628413
-0.699615 0.155966 3.612179
-0.900236 -0.153000 4.285957
-0.478899 0.100747 1.417647
-0.582588 0.065033 1.536261
-0.524186 0.083590 1.636340
-0.585143 0.118674 2.487554
-0.749358 0.016745 1.696833
-0.357434 0.242301 3.900704
-0.689995 0.139208 3.115007
-0.557604 0.184236 3.323227
-0.484435 0.208928 3.504826
-0.458471 0.212160 3.671691
-0.850930 0.065327 2.013215
-1.482827 0.331704 2.930824
-0.739062 0.046796 1.873124
-0.620110 0.059714 1.806485
-0.780160 0.042503 1.942122
-0.484129 0.082763 1.377088
-0.322834 0.205728 4.701459
-0.702956 0.029118 1.650631
-0.570712 0.078771 1.775836
-0.719892 0.012605 1.532277
2.350898 -0.047315 11.311331
1.318758 -0.158805 13.559757
1.483213 0.428042 7.646854
0.467568 0.173044 8.911572
0.599915 0.317580 7.375055
0.427963 0.195022 8.872424
0.520186 0.334171 7.729845
1.749685 0.454986 7.700760
1.493064 0.430075 7.670037
-0.770156 -0.157834 3.797213
2.558106 0.384986 11.027854
2.215574 -0.278597 10.843069
1.664115 0.447474 11.085576
2.053314 -0.454106 13.498836
2.101769 -0.314785 11.048326
1.957418 0.424455 11.343123
1.952126 0.102843 11.122651
-0.704720 0.033426 1.717094
1.572625 0.448596 7.914219
2.267332 0.475043 8.743872
3.760210 -0.442942 10.220106
0.601573 0.334075 7.789618
-0.739913 -0.023992 2.493845
-0.765191 0.042777 1.375129
-0.595057 0.067583 1.456132
-0.623755 0.080168 2.012053
-1.035233 -0.246404 3.900606
-1.244543 -0.035978 1.987730
-1.183396 0.016612 4.438253
-0.540617 0.087456 1.863309
-0.690159 0.047055 1.365369
-0.117274 -0.164492 7.632509
0.225956 0.252241 6.770681
0.051785 0.256745 6.329501
-0.180366 0.065590 7.588991
2.812475 -0.384452 11.526895
0.261158 0.280408 6.071693
-0.190624 0.247674 5.709797
-0.306947 0.239925 6.024709
-0.530418 0.082862 1.613109
-0.494104 0.115293 1.903317
-0.791815 0.005915 1.723990
-0.489005 -0.015916 0.937979
0.753696 0.349708 5.855986
-0.195816 0.246557 6.371188
-0.313424 0.215588 4.746507
-0.475212 0.180335 5.671166
0.072409 0.282724 5.017435
0.253384 0.324982 4.692776
0.045630 0.289182 5.426889
-0.055956 0.261745 5.115833
-0.722776 -0.361711 6.477641
-0.116495 0.250735 4.558416
-0.574673 0.148604 6.061121
-0.383143 0.193735 5.021851
-0.065078 0.269648 4.325436
-0.214860 0.216709 4.751170
-1.021435 -0.108091 4.156730
-1.195827 -0.016182 1.941691
-1.016577 0.103323 3.995225
-0.702152 0.067806 2.249533
-0.687946 0.004736 1.790415
-0.701525 0.117155 2.837926
-0.547531 0.135435 2.381187
-0.461672 0.178480 2.599277
1.264110 0.353669 9.239516
-1.456363 -0.822817 8.114649
-0.603032 0.141183 2.679503
-0.746070 0.038344 1.350457
-1.097530 0.007337 1.715479
-0.556076 0.080722 1.495005
-0.855250 -0.000425 1.382949
-0.866189 -0.000080 1.395281
-0.657365 -0.058373 1.891440
-0.745881 0.138521 3.233023
-0.828562 -0.365499 6.137385
-0.513611 0.190308 3.961259
-0.759033 -0.300923 5.943965
0.523133 0.328367 5.343564
-0.090743 0.241842 5.703248
0.387080 0.306409 5.775858
-0.089356 0.248307 4.963485
-0.133891 0.231777 5.994479
-0.246547 0.226202 6.094143
-0.197411 0.228015 5.869213
-0.057734 0.246591 5.873994
-0.622475 0.116687 2.459904
-0.442766 0.209718 2.896934
-0.421116 0.224889 4.024271
-0.812328 -0.185169 4.386451
-0.666690 0.043018 1.400752
-0.475516 0.087681 1.478199
-0.776592 0.044334 1.461646
-0.780571 0.117861 3.206936
-0.809129 -0.166388 4.028838
-0.770762 0.068372 2.407971
-0.759493 -0.132643 3.552655
-0.659854 0.090956 1.931554
-0.801565 0.045530 1.420632
-0.748367 0.055259 1.817847
-1.011560 -0.121782 4.256696
-1.024766 -0.247021 3.684576
-0.719754 0.042310 1.822901
-0.655416 0.098504 2.363170
-0.638339 -0.121888 1.989185
-0.642925 -0.057794 1.962144
-1.055568 -0.200305 3.971013
-0.545144 0.077730 1.386951
-0.869970 0.017721 1.392349
-0.867746 0.017423 1.390279
-0.923399 0.095405 4.382050
-0.918265 -0.223514 5.615339
1.940433 -0.251653 13.574313
-0.492730 0.188343 2.767976
-0.629531 0.168095 3.217695
-0.635276 -0.120196 1.967981
-0.703965 0.029843 1.763772
2.540803 0.454810 10.981535
1.362032 0.368650 9.234534
-0.200518 0.283525 4.303436
-0.587305 0.170755 3.712001
-0.437652 0.213935 3.954793
-0.604633 0.173295 3.753475
-0.608035 0.055505 1.461304
-0.548394 0.073230 1.511066
-0.512253 0.092957 1.763168
-0.193885 -0.257498 7.587319
-0.016493 -0.190407 7.276926
-1.042241 -0.107166 4.100296
3.938836 0.362914 10.938944
1.631898 0.424856 8.991529
1.246438 0.399030 12.325171
1.041026 0.413382 10.616062
1.569391 0.437875 9.645835
1.655302 0.436509 9.303625
1.464907 0.442693 8.859770
-0.528406 0.212521 3.749435
2.370522 -0.176763 10.755448
2.284058 -0.152413 10.810495
2.180200 0.291085 11.112165
1.372715 -0.380739 14.265065
-0.905351 0.161414 4.692081
2.442123 -0.215300 10.587153
1.985819 0.384174 13.599964
1.239071 0.358886 9.689003
1.051530 0.336918 9.509199
-0.619999 0.108613 2.267986
-1.045247 0.013307 5.123590
-0.891093 0.027707 1.601965
1.103770 0.424954 8.715058
0.670892 0.341930 7.886069
-0.845929 0.127404 4.118288
-0.323162 0.241861 3.762675
-0.534373 0.108830 1.913557
2.273749 0.332186 12.696255
-0.242728 0.251109 3.939299
-0.058312 0.284055 4.463294
-0.740302 -0.310989 6.193602
-0.519387 -0.191985 5.529016
-0.610552 0.156984 4.052988
-0.337946 0.249332 4.147222
-0.588225 0.171737 3.482627
-0.627285 0.165434 3.516815
-0.513204 0.075267 1.454677
-1.085768 -0.003634 4.283267
-0.530427 0.082016 1.482324
-0.668936 0.164873 3.923311
-0.930917 -0.275073 5.899196
-0.212207 0.240995 4.280095
-0.499559 0.193882 3.991242
-0.944249 0.104575 5.753431
-0.740371 -0.303760 6.045750
-0.758467 -0.254623 5.996912
-0.631268 0.086189 2.053871
-0.672311 0.045312 1.772695
-0.502950 0.108620 1.863668
-0.195211 0.248910 6.419553
-0.135287 0.260370 6.158417
0.792584 0.361975 5.843625
0.748822 0.363229 5.965802
0.792219 0.362538 5.843141
-0.557787 0.071149 1.529468
-1.825460 -0.202052 3.199043
2.269439 -0.410101 13.025306
1.320547 0.456530 10.923045
1.347851 0.432328 9.795937
1.736868 0.441853 13.109625
1.728010 0.412238 9.546468
1.528745 0.430795 10.462270
1.782979 0.477092 13.818069
1.154442 0.457369 11.112993
-0.971524 0.116192 4.719423
-0.651189 0.071386 1.916699
2.269906 0.353746 10.931314
2.178431 0.356276 8.969151
-0.765655 0.008835 1.670955
-0.669945 0.066630 2.022587
-1.176823 0.060892 6.715924
-0.894211 -0.351231 6.126769
-0.282077 0.242858 4.123598
-0.177497 0.265818 4.418169
1.218808 0.426838 9.620606
1.182118 0.434181 9.831911
-0.640203 0.078533 2.029496
-0.706814 0.008850 1.730563
1.966901 0.343040 11.288625
2.368006 -0.182208 10.762973
2.169904 0.257148 11.594390
-0.479764 0.174920 2.624745
-0.518360 0.204293 3.277827
-0.694793 0.094277 2.569415
-0.518859 0.169572 2.632661
-0.540043 0.185876 3.382455
-0.548945 0.139112 2.399939
-0.663981 0.017893 1.764677
-0.561600 0.128440 2.310950
-0.627772 0.139877 2.769404
-0.538438 0.155892 5.474765
-0.884693 0.016588 5.668116
-0.343331 0.227183 4.181644
-0.556651 0.183330 3.992939
-0.765708 0.144417 3.798793
-0.734047 0.008440 1.758359
1.644172 -0.519857 13.089429
2.022450 0.477471 8.433065
1.495631 0.358636 12.550711
1.254601 0.412430 12.326094
2.211457 0.518912 10.855603
-0.733655 0.154350 3.848106
-0.597073 0.176266 3.669864
-0.661584 0.023430 1.776079
0.281135 0.297691 7.341674
0.538303 0.315750 6.952082
0.588063 0.312194 7.337803
0.687511 0.321804 7.355806
-0.204910 0.222001 5.182677
-0.135746 0.240298 5.085600
-0.200720 0.225570 5.182483
-0.137645 0.235010 6.012394
0.014840 0.255912 5.810013
3.541610 0.656421 12.121479
0.703805 -0.416789 11.079906
0.811426 -0.245645 11.757988
2.132113 -0.003294 10.792228
2.145278 0.229668 11.106150
1.044189 0.089421 15.068069
1.929265 0.420262 12.841621
1.399421 -0.269112 13.955362
1.934072 -0.351286 13.945390
2.102711 -0.007937 11.449896
-0.407304 0.212939 4.248594
-0.586808 0.178479 4.366357
-0.517359 0.185940 4.347437
-0.772830 -0.316439 6.106977
-0.459337 0.191200 4.417910
-0.611705 0.169061 4.143739
-0.160095 0.265894 4.145773
2.138633 0.077327 10.772474
2.093939 0.225942 11.297356
2.119692 -0.093711 11.156137
2.081277 0.342136 12.033633
2.074907 0.334250 11.980520
2.082778 -0.185484 11.130956
-0.429575 -0.208584 5.735531
-0.310070 0.212090 5.838674
1.829951 -0.511093 12.981239
2.619349 0.300956 12.426775
2.268787 0.055420 11.215221
-0.420309 0.207213 4.970318
-0.200600 0.175205 7.474893
-0.158243 0.222074 6.776889
-0.074539 -0.420240 8.056577
-0.143693 0.237656 5.852609
2.141869 -0.293469 11.103384
2.135507 -0.119826 11.014269
2.126046 -0.235945 10.988422
2.132228 -0.238428 11.011127
-0.762058 -0.339069 6.031147
0.158781 0.315673 4.225126
2.492471 -0.165883 11.240162
1.111748 -0.309751 11.519279
1.093871 -0.301430 11.403727
1.064387 -0.154076 11.453897
3.800956 0.351579 10.725421
1.796900 0.313958 13.585551
2.116433 -0.594489 11.487330
-0.703699 -0.342544 6.310264
-0.433910 0.178753 4.676880
0.064394 0.324292 4.322179
-0.766898 -0.306853 6.042865
-0.452023 -0.253582 5.399034
0.470388 0.338001 5.530510
-0.080018 0.252841 5.735598
1.295324 0.290611 6.395197
-0.194013 0.244659 5.976186
-0.096022 0.113720 7.770018
0.308448 0.290364 6.090130
-4.556600 0.433581 23.410332
-5.397363 -0.555506 25.506624
-4.003385 -0.363223 24.678057
-3.562657 0.668753 24.044352
-0.037512 0.248985 4.643058
-0.219010 0.227482 4.550913
-0.486890 0.194061 4.972933
-0.357220 0.206274 4.844013
-0.057596 0.252166 5.901107
-0.127965 0.222161 7.009331
0.005726 0.084178 7.753208
0.307766 0.293179 6.098530
-0.017913 0.030948 7.779841
0.033883 0.259306 5.689355
0.156120 0.266291 5.713748
-0.202071 0.174759 7.516833
-0.259908 0.245281 5.427680
-0.133114 0.240238 5.335448
-0.292251 0.239338 4.043349
-0.458346 0.199269 4.186130
-0.544761 0.183804 4.184846
-0.071814 0.220726 6.946249
-0.186413 0.060433 7.437543
-0.107927 0.223790 6.079143
0.062787 0.256254 5.784539
-0.445852 0.198407 4.725184
-0.554305 0.186400 5.176564
-0.480109 0.198080 5.142374
-0.363199 0.215513 4.722042
-0.356742 0.207175 5.220048
-0.115845 0.244830 4.951130
-0.000216 0.257249 5.271434
-0.081832 0.245245 5.309412
-0.306285 0.220483 5.893422
-0.438804 0.202422 5.139272
-0.105609 0.313255 3.918308
2.186291 -0.164996 10.896846
2.193411 -0.165000 11.079936
3.069349 0.520103 9.510136
1.695932 0.447483 8.742823
1.164451 0.421005 10.759053
2.004770 0.470954 8.401151
1.146188 0.416252 9.715840
1.751224 0.441500 8.252284
1.595180 0.450503 8.576441
-0.120274 0.235481 7.115744
0.312408 0.295454 6.113364
0.266275 0.273524 7.172550
0.276129 0.283879 6.894236
0.807548 0.359689 6.354562
-0.722309 -0.003696 1.840478
-0.577682 0.100872 2.165119
-3.287548 0.150467 22.040476
-3.696847 -0.737844 24.343382
-4.499685 -0.628198 25.089199
-1.724976 0.775310 21.009842
-3.158035 0.685807 22.064720
0.181120 0.622335 17.640800
-4.497913 -0.616042 25.083620
-0.282152 0.674287 19.205624
-0.606439 0.709273 18.990494
-0.375356 0.692936 19.071659
-0.157248 0.664408 19.000154
-0.175412 -0.477071 19.588755
-2.599244 0.870498 20.526920
-5.560518 0.310590 23.787329
-1.036228 0.676737 19.750916
-2.685945 0.908008 20.516340
-2.646329 0.862976 20.517498
-0.405231 -0.179767 19.748304
-0.350875 0.655388 19.491879
-0.458608 0.654269 19.169418
-0.137813 0.631772 18.829798
-4.009816 0.999449 21.605366
0.820929 0.369569 6.431669
0.066896 0.280038 6.463918
1.950441 0.401924 9.355410
1.921106 0.386429 9.392745
1.451480 0.432919 10.552490
3.375627 -0.408645 10.920843
1.960114 0.106852 11.149865
2.030477 0.393780 12.441723
1.738373 0.476548 14.495535
1.963489 0.288846 14.298403
2.091180 -0.313878 11.406893
0.443889 0.308607 7.394014
1.560231 0.444508 7.601251
0.716342 0.343602 7.484460
1.576181 0.296502 7.025661
0.614512 -0.238684 11.032126
0.788049 -0.689186 11.991412
3.345989 -0.556759 12.377986
3.617667 0.685285 12.320998
-0.080794 0.242930 5.364352
1.702989 -0.533642 13.416238
1.781359 0.379801 13.733798
1.179677 0.440834 10.326892
1.824062 0.443319 8.985728
2.008224 -0.367665 11.133493
-0.622408 0.177232 4.638560
-0.590868 0.184981 4.415690
-0.417571 0.199589 4.469510
-0.028823 0.255274 5.055120
-5.446800 0.247979 23.762764
-3.519375 0.700201 23.709202
-4.080155 0.765318 26.583542
-5.354416 0.761551 23.784613
-4.367869 0.318693 25.895536
-0.282548 0.225049 4.349820
0.125584 -0.238702 8.987122
0.585102 0.297123 7.197450
0.049102 -0.191640 7.655025
0.397234 0.239071 8.745389
-0.191158 0.243218 4.557927
-0.426179 -0.207711 5.710511
0.009901 0.255615 5.831899
-0.350462 0.194868 5.850610
0.266883 0.282835 6.092694
0.407665 0.266832 7.645126
1.371416 -0.080810 13.524467
2.099983 -0.056455 11.142859
1.423329 0.517532 13.112818
2.265749 -0.160636 11.043653
2.456280 -0.021014 11.191070
-0.023844 0.255548 5.927762
0.203491 0.282571 5.903283
0.052056 -0.193279 7.712576
0.054679 0.258283 6.336498
0.994174 0.379697 6.275171
1.651293 0.275750 12.812127
1.210224 0.435321 10.305021
2.013467 0.472326 8.622842
2.179777 0.451282 8.679365
0.103103 0.091729 18.134495
-0.888016 -0.346617 6.039913
-0.824979 -0.357652 6.065655
-0.497339 0.190791 4.450246
-0.766077 -0.315518 5.889726
-0.438196 0.208151 3.922371
-0.414136 0.210416 4.220553
-0.767306 -0.175059 6.137396
-0.764595 0.154894 3.924923
-0.235917 0.240730 4.643294
-0.618762 0.140137 6.094511
-0.349192 0.209598 5.123649
2.799768 0.081771 11.976151
2.276537 0.352592 10.958843
2.440813 0.256732 11.179702
0.915310 0.308528 9.649799
2.769177 0.082421 11.880723
0.759176 0.368447 5.989841
-0.155586 0.236103 5.858042
0.195301 0.269130 6.584930
0.310323 0.285805 6.584320
-5.026389 0.731593 23.657648
-5.218061 0.303211 23.637533
-2.021316 0.819010 20.126656
-5.451260 -0.343627 25.405638
-1.190881 0.522875 21.545107
-2.255742 0.738894 21.351862
0.088512 0.099690 18.196501
-5.698089 -0.350319 25.507998
-5.764120 -0.580371 25.772808
-6.127171 -0.381277 25.753727
-6.051386 -0.185209 25.602303
-4.676271 0.661531 23.499907
-0.408625 0.212621 4.081522
-0.612092 0.173318 4.097797
2.055848 -0.336784 11.107822
2.261565 -0.026305 11.201076
-0.635720 0.090625 2.163508
-0.518009 0.166545 2.614367
-0.627983 0.158173 3.134715
1.918209 -0.354082 10.842615
2.010815 0.281372 11.548208
2.450166 0.250647 11.395086
-0.552191 0.112725 2.124317
-0.633277 0.067704 1.837477
-0.651824 0.009909 1.794994
-0.491228 0.196228 3.438176
-0.449369 0.219384 3.699409
-0.765205 0.142709 3.849618
-0.844048 -0.177466 4.269697
-0.858535 0.136519 4.216652
-0.533022 0.083947 1.680130
-0.662896 0.024472 1.438445
-0.306522 0.232615 3.797157
-0.490140 0.194348 4.155091
-0.879846 0.227159 5.267719
-0.821519 0.139609 3.655169
-0.547552 0.186765 3.724145
-0.935209 -0.012261 4.434480
0.371955 0.306032 6.181308
0.441816 0.303416 5.852568
-0.061849 0.258183 6.477070
0.174174 0.275428 6.916820
0.433359 0.300778 6.952965
0.274946 0.278786 6.819967
-0.010122 -0.191533 7.403626
2.115504 0.094335 11.020846
2.196186 -0.050705 11.418708
2.205269 -0.308613 11.016589
-0.046302 0.246185 6.289309
2.336200 -0.264745 10.789900
2.168374 -0.051959 11.328446
-0.408608 0.209612 4.328223
-0.107170 0.249012 4.978837
-0.538822 0.169161 5.574535
-5.100430 0.740299 23.630875
-3.192059 0.684179 22.164711
-3.099541 0.043949 22.105967
0.728978 -0.395423 16.808296
0.198324 -0.511921 18.322674
1.827207 0.441509 12.719008
0.195044 -0.514779 18.372179
1.072663 -0.446243 15.530962
2.023701 0.360278 12.286416
-0.412840 0.207986 4.213467
-0.898310 0.093041 5.720433
0.243880 0.351833 4.056862
-0.890157 0.123000 3.786605
0.432255 -0.417841 11.778196
2.801754 -0.384430 11.444234
-1.341498 -0.565144 6.757248
-4.812747 0.486265 23.560495
-5.767432 0.306565 23.868967
-4.727887 0.647578 23.525494
-0.241237 0.276754 3.648087
-0.457063 0.219419 3.460395
-0.649353 0.150214 3.190262
-0.696099 0.110071 2.779225
-0.334223 0.204123 5.694634
-0.295753 0.217816 5.347006
-0.295074 0.228127 5.417408
0.123041 0.275045 5.178129
-0.462100 0.197754 6.028089
-0.360527 0.218171 5.286270
-0.199431 0.224150 5.148604
-0.320898 0.227406 5.510709
-0.401434 0.231804 3.757357
-0.333155 0.238116 3.232132
-0.744883 0.125575 3.114647
-0.531542 0.191869 3.608298
-0.609382 0.154653 3.086750
-0.648805 -0.060536 1.992810
-0.311664 0.241594 2.981394
-0.855080 0.139912 3.755277
-0.650113 0.166521 3.688600
-0.627595 0.175866 3.765635
-0.773055 0.147794 3.668554
-0.914639 0.107428 3.705873
-0.717407 0.143655 3.405379
-0.715009 0.156413 3.484747
-0.768172 0.126271 3.224095
-0.707365 0.073762 2.286922
-0.465913 0.201148 3.004725
0.395217 0.314408 5.805599
-0.091210 0.243122 6.037805
0.355560 0.308163 5.373302
0.783616 0.362486 5.925911
1.270983 0.357362 9.248541
3.381534 0.399855 12.491349
-0.437182 0.208051 5.164835
-0.489595 0.208507 5.064033
-0.308228 0.203729 4.987457
-0.349353 0.207240 5.106031
0.098551 0.271495 5.001993
-0.479910 0.188684 5.808738
-0.235058 0.243837 5.794335
0.166044 0.281423 5.805168
0.786300 0.354334 6.359002
0.260230 0.286615 5.799986
0.501923 0.332511 5.611574
0.041040 0.255325 6.317408
0.327988 0.291398 6.009468
-0.041115 0.253236 5.747753
0.781878 0.356254 5.823235
-0.672496 0.113483 2.828577
-0.688596 0.131998 3.147898
-0.667502 0.115648 2.697241
2.030808 0.353596 12.410604
2.058037 -0.457191 13.549380
2.397856 -0.284776 10.869752
2.371528 -0.321065 10.753335
2.335620 -0.266539 10.798463
2.278466 -0.303364 10.779934
-0.942234 0.021216 5.790130
-0.866999 -0.364136 6.219449
-0.898826 0.094656 5.541836
-0.363535 0.226458 3.927263
-0.777567 -0.257749 5.945896
-0.561744 0.090300 1.909457
-0.671241 0.073576 2.098279
-0.295042 0.216408 6.014134
0.091038 0.274342 5.308070
0.163808 0.279399 5.489379
-0.257480 0.236028 5.780431
0.201686 0.276703 5.869813
-0.059974 0.237535 6.229672
0.531587 0.332512 5.363178
-0.433647 0.211826 4.089252
-0.779063 -0.252849 5.986346
-0.533099 0.181164 3.775328
0.274480 0.338445 5.125516
-0.719508 0.133343 5.520131
-0.192118 0.243556 4.738112
-0.393070 0.211941 4.413905
-0.223612 0.239172 4.495276
-0.431799 0.190115 4.745420
-0.762859 0.090985 2.763506
-0.411758 0.237114 3.639344
-0.657318 0.143987 3.143707
-0.916782 -0.016334 3.115891
0.233006 0.285273 6.569622
0.105885 0.264445 7.264935
0.313036 0.292942 6.614145
0.673360 0.354220 6.122501
0.276983 0.277992 7.017477
-0.039885 0.257336 6.359082
0.421700 0.295271 7.243295
0.356388 0.296337 6.626606
-0.057472 0.255053 5.916546
-0.021579 0.238287 7.178559
-0.124152 0.230061 7.070446
0.202926 0.281713 5.899118
0.141091 0.273965 5.984972
0.728931 0.346871 8.100201
2.272885 0.483755 8.834732
0.798008 0.365602 7.824282
1.108867 0.399588 7.941592
2.188881 0.475591 8.589403
1.628612 0.450461 7.839031
2.090522 0.344546 11.563982
0.673211 0.317319 9.745948
1.017741 0.330443 9.402319
1.176619 -0.236360 11.636258
1.779553 -0.710040 12.001406
0.016246 0.261443 5.098479
-0.338342 0.208008 5.643070
-0.014142 0.249292 5.146427
-0.390691 0.209672 5.067719
-0.421500 0.201836 5.095929
-0.522302 -0.202802 5.754535
-0.061987 0.256947 5.089641
-0.124748 0.237833 5.758321
-0.249812 0.224849 4.766365
-0.317706 0.213127 4.904578
-0.529310 0.195899 4.754039
-0.527934 0.191719 4.719152
4.480076 -0.497243 12.879830
3.722287 0.465635 12.451375
3.675874 0.463858 12.350761
-0.679162 0.104611 2.481800
-0.535042 0.162601 2.738420
-0.660765 0.120449 2.736472
2.431205 0.248278 11.383739
2.726219 0.475767 11.468909
2.267354 -0.461239 13.145842
2.300631 0.427036 14.342646
2.858810 0.089381 12.092153
-0.370486 0.226498 4.243039
-0.814093 -0.280734 5.755744
-0.679214 -0.162325 5.463466
-0.040323 0.298256 4.712204
-0.051811 0.289229 4.491540
-0.767988 0.143664 3.792922
-0.302470 0.241314 3.839564
-0.601960 0.182800 3.793191
-0.296958 0.247151 3.869195
1.403259 0.502499 13.640037
1.196016 0.547237 14.199898
1.808580 0.436788 13.127068
-0.191449 0.255486 6.047615
-0.149667 0.254313 6.039304
-0.698601 0.160992 3.575238
-0.676824 0.164305 3.522639
-0.005612 0.267645 4.746127
-0.434386 0.193004 5.318355
-0.193403 0.237128 4.700919
-0.357089 0.210590 4.865547
-0.309131 0.214104 4.721739
0.184575 0.337323 5.439763
-0.108050 0.255799 4.590794
-0.454964 0.186720 4.706262
-0.092487 0.254739 4.595985
-0.542202 0.185865 4.580099
2.183941 0.086941 10.043139
2.539061 -0.147755 10.829281
2.616147 0.151404 11.090391
-0.351179 0.218292 5.063115
1.014121 0.387530 6.299346
0.874347 0.376822 6.504056
0.062640 0.251363 7.873698
1.869089 0.505908 10.974717
2.236797 0.313236 12.507030
1.803072 0.250800 13.189838
1.944398 -0.355716 10.899792
2.272488 0.325257 12.652827
1.957308 -0.265441 13.703973
-0.221764 0.224548 4.709124
-0.538477 0.179124 5.646641
-0.414875 0.194022 4.893062
-0.490057 0.195180 4.805632
-0.168953 0.234422 5.316713
-0.401012 0.195718 8.831451
-0.119554 -0.156978 7.476885
-0.353511 0.210574 5.029516
-0.327109 0.209559 5.375829
0.063390 0.260656 5.817409
-0.263114 -0.316943 7.794155
-0.395388 0.201865 5.151164
-0.248478 0.216450 4.894057
-0.244657 0.222708 4.843175
-0.489068 0.185617 4.734151
-0.452655 0.193164 4.762444
-0.724341 0.013389 5.828544
0.006111 0.280426 4.822471
-0.319367 0.226706 4.324903
-0.615875 0.156999 3.402920
-0.560661 0.177431 3.554951
-0.460498 0.207032 3.915263
-0.649102 0.147628 3.167116
-0.643058 0.162729 3.699105
-0.393753 0.225789 3.094911
-0.292547 0.235707 2.750554
-0.337310 0.246191 3.642703
-0.596964 0.171740 3.303318
-0.551812 0.176165 5.093015
-0.467608 0.186549 5.377938
-0.191287 0.242822 4.639017
-0.322142 0.218902 4.866373
-0.438302 -0.268171 5.639018
0.178258 0.275249 6.001898
0.066057 0.266413 5.665865
0.074863 0.264454 5.825088
2.127240 0.041699 10.756506
2.023833 -0.223806 13.429406
2.132312 -0.160642 10.938224
-0.205999 0.202746 7.404433
0.003233 0.261126 4.807912
-0.217414 0.231154 4.744707
-0.194375 0.206202 5.738515
2.374588 0.244981 10.994791
-0.033710 -0.169903 7.728009
-0.097304 0.114768 7.745010
-0.022456 0.230869 7.099508
0.076269 0.266357 5.849395
0.305660 0.279446 6.548705
-0.068485 0.266793 4.314356
-0.322529 0.217184 4.265893
-0.240552 0.225655 4.864270
-0.391352 0.197503 4.825014
1.158211 -0.223641 11.484450
-0.540268 0.215164 5.711301
0.079984 0.255260 6.589429
2.337033 0.489222 8.847857
0.602909 0.327980 6.954955
0.287052 0.091754 17.482706
-0.085905 -0.428919 19.012472
2.000948 0.078749 11.300100
2.056257 0.125837 11.511183
-0.485457 0.631242 18.766754
-3.212426 0.788636 22.235268
0.412107 0.602493 16.959038
-0.359960 0.745132 17.023840
0.011213 0.626920 17.995785
-1.881159 -1.085375 23.223215
2.124775 -0.192194 11.023249
2.085935 -0.147349 11.069535
2.104058 -0.209057 11.017232
1.057171 0.541444 15.050289
1.007854 -0.444513 15.932788
1.360838 -0.310162 14.732983
0.197515 -0.432543 18.281601
0.739725 -0.369540 16.634859
1.140129 0.536321 14.799223
0.149662 0.086546 17.895855
0.864737 0.412521 15.587478
0.826564 0.443729 15.895817
0.037202 -0.523565 18.811348
0.343016 -0.618032 18.177807
0.209403 -0.508206 18.281166
2.028906 0.064045 11.175803
1.885011 0.453705 12.001951
3.447433 0.426054 9.936898
2.123673 0.465467 9.734637
2.101430 0.471894 9.222623
2.011471 0.084620 11.520811
2.055488 0.034290 11.097777
2.058590 -0.143230 11.517508
1.998764 0.118613 11.383494
2.010234 0.389775 12.165830
-2.248756 0.861625 19.850973
0.139542 0.633115 18.006762
-0.388940 0.664622 18.765745
-0.178416 0.668558 18.248075
-1.746621 0.870171 18.907389
-1.074222 0.740492 19.346167
-5.544846 0.269784 23.801485
-5.056469 -0.648870 25.579292
-6.357417 0.038326 25.652550
0.805461 0.333097 5.670099
-0.017401 0.253350 5.690288
-0.079453 -0.418529 7.259392
-0.003279 0.271647 4.763178
2.292566 0.229348 10.756857
2.899232 -0.323940 10.385010
2.300743 -0.230237 10.691944
2.278394 0.116955 10.827109
2.410805 -0.206483 10.950824
-3.346388 0.954515 21.603725
-2.981106 0.902605 21.124500
-6.070652 0.061690 25.580414
-5.340619 1.055052 23.181025
-5.228065 0.528864 23.618961
-5.545387 0.275275 23.732212
-8.686622 -0.710609 27.386553
1.130138 0.411877 9.214136
1.424201 -0.258449 13.434577
1.592684 0.416478 12.902225
1.565007 0.446110 12.940114
3.808008 0.347548 10.741178
-0.061839 0.245539 5.164393
-0.386973 0.224240 5.410173
-0.261138 0.214165 6.018471
-0.023986 0.255942 5.418540
-0.262940 0.226594 5.324748
0.262934 0.286697 5.094285
0.011558 0.271764 4.862893
-0.475442 0.183917 5.693401
0.009223 0.266481 4.835451
-0.251333 0.227970 5.041050
-0.030216 0.253113 5.180465
2.115083 -0.130319 10.927161
2.126862 -0.129632 10.963206
1.917651 -0.335429 13.814121
-0.135069 0.243652 5.104921
-0.438975 0.193731 5.646283
-0.312944 0.211917 5.827013
-0.489963 0.193875 4.358301
-0.577893 0.172272 5.047532
-0.232402 0.239746 4.490134
2.466682 -0.331762 10.621120
2.339980 -0.202244 10.775171
2.417053 0.240362 11.311614
2.348612 0.266019 11.620423
2.094570 -0.178798 10.881234
2.125418 0.297495 10.864457
2.120047 -0.243153 11.396736
2.149407 0.203442 10.907288
2.113366 -0.182613 10.947079
2.133416 -0.092356 10.750587
2.130380 -0.026741 10.795402
2.146144 -0.050676 10.768390
2.133013 -0.018388 10.733812
2.128326 -0.008150 10.596073
-0.107921 0.263974 4.565170
-0.543942 0.177174 4.790548
-0.269832 0.224824 4.706810
-0.465312 0.195281 4.843874
-0.725419 0.137800 5.603996
2.153580 -0.435562 13.050847
1.888590 -0.517623 13.249254
1.884039 0.257363 13.579309
1.757062 0.477611 8.274776
2.080791 0.451659 9.638947
2.000945 -0.215502 13.131947
0.909763 0.587593 14.666265
1.848578 -0.333555 13.712919
-4.628145 -0.498859 24.829687
-4.805449 0.174342 23.552076
-0.990385 0.111166 20.964149
-4.554190 0.250872 23.359646
-0.234642 0.220302 5.290409
0.388594 0.324894 5.871595
-0.189540 0.244189 5.752035
0.629423 0.330940 7.190358
0.574165 0.320575 6.885890
0.763528 0.357400 6.542843
1.283077 0.407347 7.149556
0.270902 0.276405 6.805598
2.224653 -0.240762 12.837424
1.332211 0.032277 13.147105
2.073166 0.333189 11.487740
2.277264 -0.023746 11.260957
1.996492 0.425354 9.449301
1.295904 0.453012 12.763421
1.467350 0.422581 10.102366
1.406137 0.423522 9.940738
2.394375 0.494399 14.447684
-5.201668 -0.439741 25.267820
-3.710891 0.528052 24.962881
-0.803982 -0.288457 20.637129
-4.007954 0.996491 21.756762
-0.483514 0.656680 19.870331
-0.729967 0.597867 20.468987
-0.748836 0.670441 20.132664
-0.642552 0.700552 19.775026
-5.800009 0.854803 23.996157
1.232748 0.538742 14.100133
0.723570 0.634298 14.621285
0.805007 0.620141 14.536829
2.123835 -0.002558 10.768275
1.158537 -0.441731 15.147771
2.131326 0.044545 10.768322
2.162198 -0.159336 10.764715
2.101774 -0.273834 10.957685
3.385454 0.526595 11.386722
2.129032 -0.188620 11.503809
1.943043 0.055820 11.065351
2.213573 -0.050563 10.989292
2.836320 0.419102 11.568011
2.949297 0.445900 11.846521
2.140164 -0.248673 13.123631
2.454741 -0.326397 10.580062
2.074119 0.311316 11.165666
0.291952 -0.638296 18.514374
1.358367 -0.401841 14.681818
0.237044 -0.706471 18.311773
-3.318794 0.784364 22.166759
-0.517627 0.656561 18.629723
-0.089818 0.712862 16.655973
0.241734 0.431888 17.578697
0.704464 -0.315233 16.622570
0.696584 0.357051 9.342600
1.049703 0.401843 8.727186
1.589066 0.446103 8.560099
1.423601 0.426797 9.989511
1.176920 0.396057 9.421141
1.789485 0.454895 8.837445
3.685697 0.460276 10.257484
0.797336 -0.695034 12.086526
2.103017 -0.128128 10.890238
2.116796 -0.161938 10.979954
2.202935 -0.052905 10.924240
2.235445 -0.154520 10.950491
2.329412 -0.490544 11.043644
1.758149 0.435312 12.668442
2.185312 -0.225831 12.573012
1.881710 0.410541 12.503173
1.905540 0.401900 12.690161
1.894581 0.437929 12.864386
1.605469 0.443405 13.738792
1.409053 0.491661 13.887633
1.617379 0.467695 13.331274
1.733788 0.434176 13.134963
1.501328 0.473556 14.072432
0.131114 0.710934 15.216528
0.065318 0.711496 15.702785
1.173558 0.530430 14.587303
1.083527 0.557140 14.554553
-0.445333 -0.270171 19.691538
-0.115522 -0.542586 19.175035
-1.371643 -1.089988 22.885170
0.186077 -0.434600 18.386627
2.124310 0.297261 10.454392
2.157318 0.205092 10.933464
2.121435 0.218692 11.023444
2.108629 0.041427 10.710328
-2.306353 0.891243 19.973047
-0.576132 0.725621 18.474411
0.228665 -0.244230 18.056839
-4.626725 0.251423 23.424446
-4.436974 -0.028825 23.439425
-4.993114 0.460422 23.615343
2.067449 -0.193470 12.584543
0.259411 0.196443 8.282524
1.175084 0.419978 6.944474
0.156113 0.269092 7.268954
0.586784 0.335784 6.601706
0.286670 0.295912 7.124788
1.571943 0.340637 7.020473
0.251346 0.263822 7.103633
2.513701 -0.151776 10.756387
-4.070509 -0.298651 24.893848
-0.414106 -0.259834 19.494852
1.004773 -0.435127 15.902482
0.605042 0.594820 16.343857
0.811800 0.459399 15.999983
0.962706 0.558781 15.390881
0.891739 0.573493 15.124758
1.311144 -0.203363 14.870305
1.235623 -0.189795 14.875450
0.843357 0.600610 15.481682
1.498769 0.430996 7.685389
0.546662 0.321395 6.995730
2.045131 0.071108 11.044528
2.077454 0.076236 11.072541
2.103606 -0.113622 10.902685
2.101927 -0.177285 11.390660
2.088178 -0.219739 11.240240
2.065195 0.023457 11.334783
2.215607 0.369375 12.740360
1.603276 0.462121 13.871893
1.745132 0.432506 14.101645
-0.214236 0.760292 15.675865
1.482283 0.482035 13.927018
0.722813 0.633217 14.610763
0.730054 0.626990 14.579404
1.805542 0.449475 13.707101
0.693188 -0.128173 16.732973
1.701942 -0.244365 14.039523
1.748096 -0.411559 14.111006
0.346922 -0.233234 17.490494
2.116472 0.268470 10.893543
2.142003 0.307428 10.911993
-0.162922 0.633495 18.806816
-2.071572 0.881512 19.537237
0.103944 0.115415 18.316475
-0.461504 0.661057 19.204948
-5.275825 1.006640 23.694220
-1.260341 0.752129 19.114782
-0.448129 0.598085 19.514454
0.154992 0.485119 18.054016
-0.444853 0.603590 19.532906
0.166497 0.650332 17.790630
-0.606131 0.712304 18.544922
-2.018019 0.882315 19.312632
-0.050172 0.674507 17.889471
-1.188414 0.825255 18.623678
-4.322993 -0.025798 23.225765
-0.581238 0.680072 18.828480
0.060717 -0.249921 18.435177
2.057517 0.328556 11.334885
2.151381 -0.400694 13.099622
2.117615 -0.025124 10.970006
1.749095 0.409975 13.466094
1.810012 0.407817 12.753144
1.802977 0.421279 13.029893
2.014295 0.404394 12.598973
0.922163 0.557332 15.364618
0.493591 0.611564 16.524778
1.310193 -0.190533 14.798264
1.297167 -0.267473 14.801599
0.099669 0.627220 18.024445
0.766462 0.575393 16.092144
2.064452 0.378261 12.173083
1.616370 0.468985 13.671971
0.147858 -0.741476 18.679081
0.235942 -0.245352 18.019897
0.836864 -0.490206 16.535625
0.333885 -0.757561 18.826157
-5.794673 -0.453450 25.639294
-5.387553 0.623394 23.707478
-4.666262 0.633072 23.463869
-6.997359 -0.637976 26.166874
-5.640353 -0.368606 25.422590
1.612385 0.493879 12.040747
2.105021 -0.149188 11.032102
1.531167 0.415039 12.171756
1.614148 0.512282 12.158947
2.159308 -0.003199 10.864562
2.165562 -0.145830 10.736164
0.103582 0.265622 6.642894
0.197514 0.268546 6.660593
-0.005371 -0.172199 7.718056
0.001603 0.321675 7.930881
-1.616952 0.866567 18.482216
0.236780 -0.242791 17.987005
-0.398188 0.657379 18.643629
-5.475796 0.283250 23.761751
-3.271599 0.879687 21.772652
-3.138314 0.685038 22.020161
-0.606248 0.074531 20.017603
-0.724894 -0.282534 20.300432
-4.349395 -0.543830 25.150457
-0.574959 0.665696 19.023415
2.053431 -0.051187 10.390763
2.130618 -0.174121 10.645664
2.151374 -0.134503 10.420883
1.474354 0.500960 13.834015
1.295459 0.336139 14.386918
1.112922 0.567806 14.136040
0.065006 0.712171 15.692908
-0.023339 0.706385 18.921486
2.275329 0.528222 11.024868
1.699731 0.002651 13.857224
2.683415 0.155424 11.262033
3.528636 0.541536 12.269958
1.883094 0.198626 13.352256
2.210144 0.335477 11.375238
1.188681 0.429140 9.322183
1.730590 0.439485 13.066270
1.868247 0.278480 13.598723
1.753894 0.416463 9.199664
1.784710 0.429516 9.274173
1.981461 0.429922 8.858039
0.791375 -0.627580 11.414159
3.640481 0.677762 12.333426
2.303332 0.345736 11.055183
3.265141 0.431150 12.602649
0.398709 -0.344505 11.211247
3.172101 0.405528 12.387930
-5.443555 -0.362709 25.401443
-5.981092 0.745868 24.056040
-3.067915 0.040996 22.048521
-3.612988 0.051832 22.309082
0.570244 0.612709 16.658466
-1.161010 0.854225 17.793552
-0.379236 0.756795 17.091803
0.460558 0.315291 5.904635
0.653409 0.341494 6.079710
0.442793 0.317431 5.597630
0.531224 0.335645 5.678839
1.942082 0.421304 13.089843
1.946499 0.425654 13.119694
1.844524 0.444603 12.931825
1.433245 0.486560 13.577367
1.092641 0.552201 14.978778
1.740695 -0.324049 14.089389
0.642623 0.606372 16.275114
0.768320 -0.492426 16.698248
-3.295448 0.185228 22.049782
-2.836580 0.601339 24.025814
-5.781214 0.644302 23.970186
-7.023118 -0.596858 26.108683
-5.225093 1.019605 22.975931
-3.335356 0.896451 21.861277
-1.964398 0.835898 20.108957
-0.914749 0.625586 20.647768
0.969582 0.138676 15.933891
-3.970358 -0.322997 24.759239
-3.839691 -0.709314 24.435390
-0.576329 0.640354 19.978765
-3.905217 -0.352795 24.762632
0.755581 0.373707 16.159161
-0.194771 0.774738 16.460579
0.658409 0.647145 15.979804
1.310200 -0.185025 14.777020
1.347775 -0.318047 14.869393
1.334910 -0.280059 14.795300
0.782774 0.602504 15.932922
0.399629 0.602800 17.113989
0.101683 0.665704 17.244905
-4.223604 -0.538484 24.934034
0.066535 0.634410 17.886484
-4.205809 -0.668183 24.718349
2.083365 0.331389 9.260101
1.238528 0.486313 10.664898
2.214956 0.087235 11.078241
1.971187 -0.542003 13.718208
2.083534 -0.185282 11.416677
2.081123 0.393831 10.771269
1.723282 0.447332 8.570448
1.146316 0.394658 12.241796
1.809813 0.439257 9.231247
0.252886 0.590045 17.528946
0.433238 0.630689 17.026114
-2.798573 0.953658 19.955658
0.446977 -0.375867 17.419336
-4.634072 0.941408 23.920309
0.180958 0.120556 17.960094
-4.451706 -0.602757 24.987305
-4.348525 -0.431745 24.302567
-3.295104 0.155084 22.067568
-0.192537 0.674227 17.588934
-3.453090 -0.255270 22.781973
0.185120 0.120272 17.939608
-0.155594 0.608731 18.661139
-0.555967 0.724182 18.187267
2.049033 0.269157 11.374279
2.052546 0.299576 11.070487
2.135119 -0.103408 11.123560
2.103200 -0.047901 11.164829
2.066238 0.078534 11.000154
2.062518 0.291452 11.301965
2.102332 -0.190721 11.218054
2.061400 -0.158868 11.353539
2.036108 -0.139891 11.434457
2.126000 0.290997 10.977829
2.133118 0.026287 10.144952
-5.762803 0.570418 23.902994
-4.688062 1.001690 22.637466
-7.572958 -0.661950 26.632893
-1.777585 0.747162 20.992922
-4.809811 0.203586 23.482262
-6.736859 -0.379291 25.891411
1.578367 -0.001734 12.956555
2.243576 -0.239464 12.990459
1.947776 -0.356963 10.926300
2.242985 -0.399103 12.895641
-6.179172 0.125029 24.235098
-2.730813 0.811794 21.788832
-7.327528 -0.559206 26.393734
-1.787507 -0.404861 22.633322
-6.162949 -0.428785 25.803932
-7.479652 -0.417570 26.257105
-5.293576 0.684512 23.750252
-1.442384 0.718403 20.391367
1.009555 0.390493 8.369649
1.947327 0.394527 12.650822
1.011267 0.110074 15.312634
1.928001 0.420184 12.424695
2.103023 -0.188417 12.312065
0.564885 -0.655830 17.939217
2.114292 0.331596 10.090907
2.139690 0.048537 9.917892
2.143546 0.303421 10.446476
2.182504 -0.133832 10.438370
2.111349 0.388059 10.654715
-0.631546 -0.604859 20.795959
-6.149063 -0.133770 25.700991
-6.931882 -0.667819 26.418472
-5.972848 -0.108848 25.609482
-5.761485 -0.250569 25.498175
-0.983906 -0.421319 21.166315
1.688508 0.337755 13.065099
3.398827 -0.593532 12.553886
1.804297 -0.243616 12.956314
0.797796 -0.163817 11.367197
-6.107375 0.117385 24.970255
-3.842676 0.875816 22.513783
-2.606338 0.591040 23.562355
-2.853364 0.839415 21.917507
-3.367879 0.828358 22.265579
-3.338347 0.896302 21.816391
-0.582198 0.754284 17.904467
0.306240 -0.533340 18.239660
-2.733794 0.932028 19.828850
0.209165 0.619896 17.759306
1.976916 0.407006 11.506517
2.053671 0.064284 11.088051
2.099810 -0.024373 11.436617
2.089785 0.015802 11.122808
2.100696 -0.048445 11.103124
2.304821 -0.155923 10.879555
2.039077 -0.230701 13.451973
2.145580 -0.397328 13.082929
1.287977 0.412815 7.156496
0.809735 0.340977 8.120239
0.784718 0.359932 7.813203
1.755283 0.455471 7.716681
-2.186995 0.859873 19.995564
-4.527226 0.665502 23.273359
-6.314154 -0.135653 25.300686
-3.405619 -0.251886 22.671734
-6.151051 -0.353978 25.711735
-2.310447 0.768115 21.550215
-6.463485 -0.386255 25.873573
-0.988277 0.038589 20.941095
1.826827 -0.330382 13.291809
2.812333 -0.418923 11.247943
-4.020649 -0.691397 24.632126
0.683972 0.349293 7.844145
0.520181 0.341584 8.268904
0.415051 0.313856 8.281767
1.932098 0.468305 8.106252
2.091222 0.250777 11.113422
2.078118 -0.168793 11.086551
2.450933 -0.358547 10.566907
2.355974 -0.275641 10.753527
2.326102 -0.149323 10.924009
2.113672 -0.274049 11.023471
2.214359 -0.423413 12.875677
2.084979 0.299116 11.197481
-0.674658 0.759350 18.042778
-0.418002 0.754919 17.392950
0.447071 0.616445 16.948557
0.608700 0.620067 16.551384
-0.146086 0.742664 16.734211
-2.519050 -0.488691 24.611422
-4.203922 0.658029 27.289104
-2.310309 0.727657 24.481586
-2.863302 0.897137 20.833042
-3.321433 0.634187 23.490074
-3.345978 0.800316 22.228128
-0.855076 0.726110 18.927986
0.366157 0.634223 16.831425
0.477514 0.628188 16.617128
-0.701900 0.772431 17.828867
0.580522 -0.548894 17.529272
0.774295 -0.427902 16.577316
2.049846 0.099696 11.113292
2.094723 -0.096364 11.037949
2.119877 -0.144952 10.865117
1.951226 0.421628 11.324022
1.105471 0.090894 14.764503
1.114076 0.087062 14.698589
1.214174 -0.450678 15.088324
0.402962 0.297163 8.151586
0.417780 0.219208 8.788435
0.390875 0.186995 8.421549
0.745338 -0.318572 11.602790
1.976028 -0.210349 13.188828
2.037454 -0.255851 13.402296
2.035274 -0.131228 11.303534
1.110223 0.412088 10.199143
1.932415 -0.335238 13.900865
1.872508 -0.351357 13.939103
1.646552 0.411110 13.735177
0.832860 0.573633 14.971422
-1.933587 0.860999 19.429792
-4.915080 0.252840 23.528162
-3.393701 0.489277 22.225874
-3.545984 0.042629 22.193829
-3.635940 -0.718742 24.292526
-6.002747 -0.324071 25.856655
0.744592 0.637580 14.494551
0.790725 0.597950 15.098536
0.025433 0.722363 15.492995
0.597975 0.655757 14.746878
0.992071 0.548599 14.921407
1.074897 0.569414 14.301315
1.807118 0.436816 12.967875
1.658800 0.473547 13.112051
1.656792 0.467089 13.074583
0.734436 0.610515 16.377817
1.763203 0.435939 13.654534
2.081085 -0.232643 12.722072
2.005520 -0.215679 13.238163
2.245970 -0.460867 10.836988
2.155479 0.254746 11.535341
2.158059 -0.187705 11.598060
2.130231 0.347140 11.342868
2.291952 -0.466711 10.979423
2.131227 0.092283 11.081106
-0.999290 0.458982 20.897612
-5.216375 0.536866 23.709707
-5.198826 0.305011 23.608536
0.071811 0.105123 18.293221
-5.207643 0.539423 23.699833
-5.314106 0.715885 23.778540
-5.429511 0.489254 23.805670
-0.782837 0.715009 19.031223
-0.353547 0.637595 19.023659
-1.998713 0.872358 19.285547
-1.693723 0.845900 19.193016
-0.432583 -0.270506 19.661270
2.159621 -0.008969 10.242054
2.122686 0.296169 10.853944
2.164356 0.010253 10.492645
2.155958 -0.158467 10.811731
2.100993 0.260514 10.846366
1.719190 0.415265 14.067255
1.995984 0.430051 12.080949
2.123733 -0.050195 10.569380
2.165111 -0.138564 10.458756
2.171850 -0.262905 10.742292
2.077163 -0.231574 12.700485
2.123851 0.011366 10.153316
-2.210846 0.954498 18.830666
-1.179541 0.863278 17.836082
-3.334394 0.803446 22.206894
-1.837971 0.720407 19.879162
-4.913665 -0.629610 25.282742
-2.287047 0.761981 21.521879
0.148242 0.607126 17.844889
-3.854386 -0.312996 23.482553
0.162263 0.473198 17.981243
1.808861 0.321753 13.707984
0.035804 0.759243 15.043696
2.018293 -0.247048 13.202699
1.651985 0.461654 13.048109
0.287924 0.295079 7.315704
1.427718 0.399143 12.802114
1.987430 0.417591 9.561989
2.436290 0.455451 8.922920
-3.091223 0.935137 20.531368
-0.841555 -0.573904 21.218401
-3.162151 0.958162 20.643587
-2.980807 0.886826 21.004908
-0.687239 -0.481132 20.555073
-0.282303 -0.274192 19.448425
-2.832780 0.857233 21.164200
-0.821468 0.560280 20.583485
-3.231363 0.911122 21.486952
-0.022444 0.642728 18.435577
-4.598299 0.288163 23.412012
-4.395290 -0.622172 24.836119
-5.944084 -0.296949 25.629305
-1.781870 -0.386778 22.291714
-0.586496 0.143841 19.970030
-3.847326 -0.304451 23.462788
1.809674 0.437233 9.192680
1.690612 0.010383 13.738900
3.228186 0.277383 9.913324
2.037154 0.389132 12.528915
1.859257 0.446809 12.743095
1.978154 0.406891 12.657913
1.897372 0.423001 12.817362
1.553403 0.462479 14.218974
1.606240 0.446475 13.939485
0.700546 0.613289 16.157782
1.689514 0.446667 13.401022
1.613519 0.451686 13.995309
-0.113357 -0.541716 19.169518
1.787737 0.427995 12.988058
1.094426 0.548292 14.942417
1.714270 -0.001495 13.964661
1.676830 0.432393 13.661590
2.213524 -0.160426 11.024479
1.188881 0.441009 10.950010
2.327825 0.236307 10.871613
-0.831019 0.619088 20.445492
-0.656153 0.609154 20.065058
0.608559 0.612126 16.399195
0.768748 0.629958 16.287758
2.122700 0.151482 10.419929
2.177802 -0.134083 10.346127
2.130446 0.155180 10.437072
1.319418 0.338283 14.080174
2.102775 0.283433 10.335670
2.185322 -0.162861 10.831798
1.793997 0.469101 11.663979
2.066558 0.264998 11.231448
2.083778 -0.267169 11.019574
2.176373 -0.086139 10.773714
2.094589 -0.112788 10.866528
2.071036 0.310203 11.138968
-2.749533 0.754804 22.513811
-2.030581 0.687769 21.986919
0.810842 -0.214764 16.293900
0.383289 0.651641 16.822273
-3.320256 0.477825 22.113226
-3.555530 0.039088 22.220245
-4.487773 0.911248 23.645874
-3.154247 0.768308 22.125706
1.779843 0.463685 11.445758
2.087219 0.068563 9.799121
1.765871 0.397256 10.196160
1.485425 0.510741 13.597824
1.838170 0.430700 10.938175
1.333523 0.517803 13.650117
1.302113 -0.157662 13.454461
1.423039 -0.240213 13.241748
2.250113 0.327672 11.363096
2.030370 -0.139450 11.415009
2.114825 -0.051252 11.019443
1.733662 -0.374249 13.886084
2.005274 0.253263 9.635523
1.389269 -0.263900 13.869713
1.966200 0.407444 10.809917
1.913660 -0.213559 13.343637
1.674945 0.441426 9.082047
2.026136 -0.251900 13.323976
2.053108 0.459452 8.991008
-4.144094 -0.298528 23.480185
-6.608150 -0.515157 26.019392
-4.601802 0.211569 23.420568
-3.905751 -0.282713 23.489357
1.504117 0.439094 8.021025
2.393420 0.640948 9.816992
-4.642306 0.207657 23.417011
-3.835462 -0.081730 22.538565
-4.843348 0.211480 23.539259
-5.623353 0.736810 23.913958
-3.384663 0.464756 25.075895
1.947462 -0.260297 13.616731
1.494567 0.485126 13.525019
0.211503 0.105740 17.826702
-0.150316 -0.553957 19.377338
1.485268 0.491236 14.237079
0.081880 0.094605 18.248682
-0.275721 -0.269253 19.356411
1.908410 0.379163 13.258881
1.945260 0.471725 8.516093
0.924109 0.406210 9.085763
0.926702 0.043077 11.519745
2.558486 0.494300 9.357613
-3.922453 -0.348508 24.758734
-3.581004 -0.722887 24.133694
-1.840236 0.757205 20.310858
-1.810836 0.671462 22.554844
-4.602571 0.693181 28.400080
-3.822320 1.142135 28.188530
-3.530302 0.531993 27.289244
-0.637572 0.064970 20.046467
1.267917 0.509413 14.401047
0.732206 0.599493 16.323845
0.022706 -0.808053 19.419157
0.670499 0.606638 16.522755
-7.585065 -0.394826 26.137348
-3.296322 0.468054 22.069033
-4.918079 0.297445 23.539780
-4.912990 0.659860 23.591242
-4.520111 0.253642 23.376730
-2.097866 0.731456 21.812429
2.092284 0.301755 11.199018
-4.969017 -0.648420 25.392410
-4.760909 0.276832 23.436136
-4.080826 -0.457615 24.736095
-4.621602 0.463490 23.456211
2.224473 -0.168630 10.988385
2.140116 -0.290232 11.091533
1.917237 -0.332834 13.854653
1.530629 0.505997 13.868328
2.314826 -0.017136 11.091677
0.772619 -0.239847 11.431206
3.360101 0.632051 11.752285
0.762860 -0.310034 11.378433
0.783602 -0.316469 11.501571
-6.499891 -0.082885 25.601435
-6.245733 0.714414 24.149700
-7.981492 -0.264719 26.439165
-4.725460 1.008257 22.703289
-0.992017 0.728826 21.014143
2.097834 0.100085 10.927746
2.108030 -0.092439 11.008914
2.154431 -0.439347 13.060849
2.160995 -0.307755 11.208622
2.125225 0.052828 11.580127
2.147222 -0.248227 13.167919
2.110380 -0.292323 11.007399
1.129838 -0.513261 15.250432
0.735940 -0.421834 11.349411
3.335701 0.157230 13.242812
3.380941 0.523529 12.296289
0.687113 -0.315020 11.547546
0.107964 0.253123 7.413486
-5.643000 0.758296 23.878246
-6.919034 -0.670735 26.392958
-4.578345 0.656147 23.434572
-5.115656 0.474501 23.666584
-7.540836 -0.666618 26.612617
-4.753731 0.285275 23.425451
-1.199605 0.661524 20.694798
-2.293227 0.843002 20.619398
-2.024477 0.733396 21.531647
2.602889 0.070740 11.404527
2.117397 -0.190923 11.470142
2.118263 0.024134 10.117038
2.004339 0.120523 11.396401
1.538346 0.262246 12.286872
1.021490 0.315418 11.294874
4.203984 0.376040 11.367627
1.089977 0.317252 11.600547
1.960205 -0.549591 10.973667
-5.804489 -0.420361 25.671854
-6.773464 -0.455227 25.987778
-7.628710 -0.559961 26.779133
-5.518535 0.619975 23.846569
-5.142093 -0.605301 25.447071
0.298508 -0.638341 18.459942
0.332947 -0.756540 18.783936
1.917297 0.403312 12.986817
0.634416 0.333700 7.037604
0.657844 -0.242596 11.453573
3.746496 0.577731 12.282606
1.196511 0.418080 10.992162
0.802854 0.294865 8.999868
-3.233287 -1.221518 25.377083
-2.110681 -1.103848 23.768860
1.112420 0.534493 14.846061
1.606544 0.479077 13.427895
1.872457 0.392285 12.638794
1.268959 0.499353 14.352970
1.922787 -0.338621 13.770121
0.772262 -0.679937 11.932809
1.127075 -0.298382 11.571084
0.215764 0.102042 17.840265
1.702360 -0.004075 13.833179
1.345886 -0.300057 14.733102
1.408669 -0.308019 14.625950
-5.553245 0.474273 23.841995
-5.933953 0.327675 23.972673
-6.242210 -0.585850 26.081551
-5.667315 -0.581268 26.381451
-6.353776 -0.600258 26.007362
0.566756 0.611132 16.099760
0.550490 0.629208 16.057823
1.467776 0.472003 14.009169
0.999274 0.562489 15.014515
0.888636 0.565506 15.602976
0.023551 0.718322 15.491774
0.172857 0.677899 16.913937
-0.054583 0.682410 17.469229
0.793678 -0.220979 16.452341
0.975766 0.118441 15.684108
-0.372483 0.602510 19.304869
1.895387 -0.332807 13.584296
-0.264770 0.767054 15.635551
-1.870305 0.828604 19.913122
1.632589 0.429541 13.870010
1.635297 0.436682 14.072112
1.380515 0.504312 14.206184
-0.143125 0.751519 16.057817
2.123886 -0.058732 10.118084
1.274091 0.528316 14.444207
1.957885 0.443915 11.506787
2.219577 -0.184061 10.439664
1.917176 -0.117958 10.820770
1.958380 0.400674 12.226014
1.674917 0.473639 13.113354
1.446613 0.505657 13.042794
1.436535 0.502673 13.503508
1.732026 0.440500 13.201250
1.470252 0.496057 13.805820
1.609763 0.471806 13.376634
1.777695 0.452126 13.794626
0.301872 -0.636911 18.423464
-0.563655 0.665662 19.206030
-1.645074 0.814776 23.743952
-0.624114 0.783406 17.377216
0.988569 0.111658 15.603122
-0.369199 0.752150 17.066700
0.196829 0.716378 16.391279
0.676169 -0.393056 16.996487
-3.142956 0.763971 22.095488
-0.439700 0.715372 17.703964
-1.013017 0.849000 17.407646
1.951898 0.472015 8.479604
1.752566 0.459764 8.061200
1.927935 0.462403 8.425825
1.509053 0.438951 7.698146
2.159945 0.089690 11.214285
2.148238 0.091852 11.150409
2.223573 0.258610 11.430408
2.411272 0.449742 10.931695
2.204136 -0.257132 11.678444
1.735840 0.430705 13.128264
2.114566 -0.155331 11.160980
1.988244 0.114858 11.339116
2.090039 -0.188832 11.163950
2.041249 0.032757 11.052668
2.101893 -0.067416 11.434292
0.891115 -0.348995 16.081156
1.814594 0.436494 12.298877
1.978900 0.369859 12.534831
2.037488 0.065842 11.210608
2.019784 0.062333 11.149900
2.044054 0.014972 11.270577
2.047223 0.015827 11.251872
0.153409 -0.462213 17.872656
-6.074839 -0.451024 25.723906
-6.809562 -0.455982 26.037596
-2.446101 0.813270 21.257763
-3.215254 0.683084 22.259428
0.703192 -0.417272 11.029505
0.846967 -0.654471 11.801311
4.053601 0.394579 12.256164
0.394225 -0.262052 11.392321
0.728923 -0.311160 11.414502
-0.395754 0.780590 15.906234
1.430784 0.490249 14.235805
-0.323904 -0.279383 19.620411
-1.592120 0.723768 23.272650
-4.832403 0.586585 23.561155
-3.185611 0.913262 22.193468
-0.107977 0.648311 18.373672
-5.451777 -0.377701 25.427639
-4.584572 0.929101 23.813786
-3.327804 0.486323 22.149250
-0.347475 0.588079 19.173925
-1.777002 0.681015 21.557264
-3.296402 0.148400 22.042919
0.048888 0.648923 17.855936
-4.353995 0.283251 23.321924
-3.259430 0.778704 22.206629
1.609635 0.410857 8.922128
1.939306 0.415532 8.795232
2.176249 0.428581 8.867138
1.474498 0.428118 10.491818
1.210942 0.433386 10.268177
1.123446 0.436579 10.357852
1.414337 0.425970 9.968242
2.248234 0.475470 8.801238
2.059115 -0.194576 11.102549
2.137021 0.380605 12.311908
2.134397 0.014749 10.801852
2.164480 -0.022228 10.686389
2.142963 0.015522 10.830451
1.191659 -0.537800 15.127866
2.071790 0.336821 11.412192
-6.168983 -0.189182 25.429651
-2.737725 0.742934 22.778582
-6.196546 0.534598 24.095457
-4.270827 0.966749 22.351532
-1.631281 0.581331 22.586414
-1.667747 0.737354 21.544109
-2.749123 0.886389 21.396711
1.916362 -0.730108 12.124674
1.512070 0.455716 13.973041
0.538427 0.642832 15.383252
0.030511 -0.504817 18.785545
-0.107402 -0.451461 19.160187
0.316137 -0.524995 18.143587
-4.677976 0.520531 23.513426
0.299931 0.625197 17.499388
-4.748991 0.782521 23.545647
-4.549460 0.243027 23.362389
-0.495202 0.698635 18.496885
-4.469344 0.226687 23.347887
-5.110330 -0.611229 25.383102
-0.851553 0.718695 18.895126
0.698680 -0.329462 16.855061
-1.555634 0.891827 18.255297
-1.529092 0.854881 18.556393
-2.014423 0.843632 19.845736
1.789900 0.310160 13.516112
0.804580 0.365753 6.558213
1.037136 0.408660 6.630477
0.110708 0.257796 7.443031
3.315769 0.508469 12.744944
-1.794366 -1.277997 23.514677
-0.783360 0.076164 20.712931
-1.538059 0.066717 23.009539
-0.671120 0.069027 20.267609
-1.412155 -1.100436 23.009781
-0.973495 0.039051 20.884117
2.154610 0.096003 10.424953
2.081249 -0.200073 11.184657
2.163308 -0.102430 10.666539
2.046586 -0.447805 13.477801
2.083725 0.094377 10.893001
2.063946 -0.261272 11.193971
0.486117 0.323737 8.128698
-6.124014 -0.750584 26.172531
-5.575026 -0.507950 25.553408
-5.440533 -0.381650 25.409311
-4.440669 -0.463241 24.632368
-4.045290 -0.357932 24.779222
2.086937 -0.186069 11.443597
2.114129 -0.332370 12.168627
2.120296 0.239884 11.387963
1.974313 0.397888 12.608623
0.883156 -0.354473 16.126345
0.126230 0.721905 15.837593
0.770491 0.571278 16.064018
1.165937 0.542020 14.662823
1.481055 0.483088 14.270291
1.651633 0.492351 14.424349
-0.725491 0.073872 20.514278
-0.916141 0.841314 16.839087
0.823496 0.610981 15.385203
0.952358 0.609742 15.184786
0.326352 0.709451 15.823874
0.860369 -0.446315 16.453615
-0.945589 0.795325 17.548477
2.107348 -0.231590 11.340537
2.112569 -0.188466 10.975159
1.928018 -0.251722 13.473701
2.120217 -0.096289 11.147023
2.192255 -0.177691 10.833919
-0.132463 -0.450761 19.270844
1.951196 -0.382687 14.198400
1.909083 0.411264 12.268406
0.737188 -0.501176 16.910286
0.902359 -0.425947 16.100985
2.056944 0.255170 11.397027
2.096426 0.134384 11.317221
2.082750 -0.020341 11.005099
2.071096 -0.198017 11.158109
2.090762 -0.151387 10.989973
0.687889 -0.642268 11.900646
1.070860 0.277101 11.252692
0.977115 0.308096 9.359628
1.987465 0.366955 11.345928
2.159949 0.079701 9.960846
-1.856509 0.881752 18.860456
0.980067 0.116199 15.660565
0.200905 0.666019 16.848083
-1.405167 0.851894 18.034466
0.613560 -0.569761 17.505735
-0.138832 0.618970 18.768011
-5.762479 0.715851 23.972481
-5.235685 0.697832 23.719427
1.676848 0.433213 13.329940
1.754910 0.401904 13.437449
1.963884 0.407589 12.720522
1.835678 0.437711 13.169634
1.703807 0.452204 12.927377
2.215707 -0.091155 10.356495
2.195171 0.199054 10.430604
2.195452 -0.091452 10.316255
2.199226 -0.415632 12.779744
1.908915 -0.324183 13.732896
2.168566 -0.091678 10.258740
2.202717 0.315150 10.408149
1.970544 0.412172 11.154176
2.131775 -0.050095 10.164337
1.153534 0.567657 13.666682
-0.014301 0.740350 15.163469
1.420308 0.503912 13.533394
1.917735 0.439466 13.216700
0.364644 0.697841 14.599973
1.507048 0.460016 13.508742
1.434119 0.492567 13.769633
2.108165 -0.127617 10.830783
2.107826 -0.096663 11.088208
1.316409 -0.419972 14.683080
1.329956 -0.471604 14.453566
2.105399 -0.098467 11.036739
2.115319 -0.206685 11.069375
2.118581 -0.076912 10.996533
1.310248 -0.195779 14.820221
1.668571 0.448185 12.819551
1.805594 0.426055 12.908970
1.178170 -0.172731 6.709223
1.168168 -0.173093 6.693982
0.425231 0.278666 7.755088
1.106094 0.386251 9.518529
-0.698383 0.820504 16.612503
0.617177 0.608466 16.238838
0.437439 0.661398 16.247915
0.506342 0.582143 16.705215
0.617673 0.594159 16.313473
0.430947 0.615565 16.598289
0.931168 0.513480 15.296837
1.322730 -0.162313 13.534092
0.659672 0.319750 7.129859
1.147693 -0.206509 11.658979
1.838585 0.303959 13.730339
1.691043 0.419343 12.853357
1.619974 -0.594613 12.882513
1.824179 0.418597 9.773032
-0.021908 0.695017 17.612970
0.177042 0.125848 17.980804
0.041909 0.659673 17.904634
-1.738748 0.874991 18.826487
-0.719806 -0.457612 20.520216
-3.935626 -0.156387 24.815601
-3.328871 0.480817 22.140905
-4.475771 -0.601539 25.036253
-3.175110 -1.208058 25.208040
-0.696652 -0.442857 20.460449
-5.246960 0.997907 23.634272
-5.678537 0.568178 23.923252
-2.032204 0.867804 19.471489
-5.766919 0.718707 23.979294
-4.920724 0.258269 23.544033
-5.905098 -0.342359 25.564255
-0.133040 0.644624 18.306971
0.508945 -0.223713 17.335535
0.212412 0.651873 17.892040
2.070129 -0.341655 11.104350
2.101654 0.006349 11.020993
-1.039995 0.807775 18.267691
0.123739 0.109400 18.181921
-1.561429 0.855555 18.783993
-3.349614 0.149276 22.126774
0.210852 0.446230 17.732321
0.593417 -0.227208 17.013235
-2.725282 0.893850 20.666571
-5.278986 0.712031 23.729086
-2.088951 0.726974 21.777708
-5.693758 0.400196 23.855511
-5.393057 1.062521 22.953043
-3.167197 0.907470 21.493954
-5.911905 0.551512 23.979555
-7.448617 -0.413295 26.219606
-6.079780 0.793626 24.106056
-7.627003 -0.493808 26.452150
-1.639598 0.561486 22.351318
-0.042637 0.730629 16.740059
0.724746 0.535780 16.343630
1.309757 -0.105239 14.665161
0.536094 0.591746 16.793436
0.221712 0.603140 17.661245
1.051272 0.107986 15.354514
0.797777 -0.381150 16.514139
0.731221 0.528984 16.302740
0.675639 0.591436 16.403816
1.047077 0.113857 15.438344
-0.948080 0.039094 20.795748
0.192454 0.647806 17.332102
-0.528424 0.710518 18.102766
-1.977977 0.831576 19.904617
0.487444 0.614985 16.700531
0.368360 -0.514140 18.039753
0.489914 0.602113 16.509069
-0.334768 0.685336 17.690905
0.362725 0.667098 15.741921
1.365740 -0.275422 14.322279
1.311241 -0.094608 14.628919
-6.097358 -0.761194 26.112062
-6.100195 -0.759550 26.125626
-5.978651 -0.513328 25.723467
-5.503856 -0.532997 25.354773
-6.186621 -0.363328 25.762638
-3.631801 -0.729921 24.224613
-0.730710 0.641174 20.207144
-0.758082 0.615347 19.889257
-4.198055 0.287519 25.800911
-3.164224 -0.498592 24.975433
-4.901180 0.215858 23.554836
-3.339766 0.488683 22.169989
-3.111897 0.700978 22.913679
-6.047966 -0.330110 25.689005
-5.571048 0.271728 23.723356
2.129495 -0.143887 9.875533
1.959953 0.490268 13.667681
2.049769 -0.083406 10.899930
1.958831 0.082506 11.133731
2.224311 0.174124 10.060132
1.458230 0.500466 11.614162
2.053927 0.395449 10.840279
2.104964 -0.047913 11.120026
2.121578 -0.184856 10.973251
-3.307059 -0.149988 22.592314
-6.024587 -0.333329 25.645336
-5.777290 -0.379749 25.588179
-0.408612 0.666634 18.696476
-3.802075 0.096228 22.434208
-4.618733 0.937337 23.875566
-3.578305 0.108994 22.242655
-4.073733 -0.097997 22.881048
2.087901 -0.156405 11.106388
2.171758 -0.104009 10.686493
-3.776039 -0.155932 24.436255
-0.691749 -0.461793 20.575132
-3.903170 -0.700971 24.485802
-1.048368 -0.502133 21.545988
-4.445803 0.289461 26.363626
0.029487 -0.181663 18.457663
0.602076 0.629215 16.343927
-0.998060 0.845311 17.384275
-0.914035 -0.400189 20.807274
-1.621290 -0.888344 22.083567
-1.095551 0.695083 20.099804
2.096548 0.354842 11.175117
2.136055 -0.056443 11.219001
2.353457 -0.306763 11.097161
2.126819 -0.197448 11.036669
2.040788 -0.138626 11.440057
2.129521 0.004117 10.233812
2.109803 0.234695 11.361831
1.982808 0.415708 11.998480
2.095078 -0.083827 10.351348
2.153334 -0.022762 10.646629
1.334013 0.511984 14.046338
1.428489 0.478606 14.160735
0.964088 0.588307 14.314034
1.296101 0.325516 14.326298
-2.789557 0.847945 22.338717
-3.436532 0.455074 25.302315
1.399262 0.456766 10.411309
1.834822 0.398537 10.085204
2.314543 0.193938 9.653620
1.689973 0.409743 10.585352
1.624670 0.405668 10.167649
1.624575 0.423651 10.593788
1.874360 0.362746 9.681113
2.426766 0.279072 9.710597
1.865838 -0.347870 13.891214
2.176947 -0.156727 11.030921
2.232485 0.271861 13.094708
3.432455 0.539292 11.650681
1.786021 0.424223 8.992849
2.266314 -0.290569 10.967351
2.106438 -0.317372 11.060430
2.252909 -0.287668 10.936772
2.312869 -0.362105 10.761071
1.810214 0.437295 8.937594
1.374101 0.426416 9.719208
-6.431055 0.035425 25.699055
-6.635563 -0.521300 26.046177
-4.789251 0.472119 23.526476
-4.138335 -0.085272 23.025017
-6.778521 -0.193182 25.691311
-6.004316 -0.512383 25.753380
-4.894985 0.253309 23.496378
-5.643885 -0.099368 25.333981
-0.511132 -0.582193 20.174271
-2.618425 0.805179 21.707781
-0.043468 -0.560857 19.357244
-6.338704 -0.256867 25.809256
0.064758 0.107733 18.336679
-2.279125 -1.059204 23.921276
0.265073 -0.243444 17.908281
-0.807700 -0.293894 20.630194
0.346378 -0.540427 18.188347
-1.198581 -0.534730 22.525089
0.963946 0.144034 15.617654
0.992383 -0.450488 16.057428
0.872958 0.591064 15.740736
-1.042679 0.847354 17.268745
0.857917 0.616998 15.788643
-0.900282 0.864379 16.848450
0.817237 0.447118 15.941712
1.474552 0.427032 10.213291
1.474461 0.484220 12.459329
1.706689 0.455809 8.768383
1.738089 0.440339 8.603972
3.146493 0.491560 9.846153
-5.793657 -0.502392 25.551092
-3.941988 -0.654182 24.518484
-4.556611 0.569573 23.450245
-3.947255 -0.707341 24.528677
-1.176247 0.711692 21.583563
1.068339 0.585560 13.925933
1.989108 0.100316 11.345546
1.602913 0.495373 12.345804
2.039243 -0.163419 11.441225
1.179613 0.472615 10.771758
2.334026 0.202520 9.682751
2.383728 0.211316 9.790577
1.969906 0.382697 10.152044
2.215405 0.181982 10.689343
2.150839 0.159990 10.485590
-4.619492 0.969630 22.953428
-2.168529 0.840134 20.628214
-1.256172 0.697401 20.230907
-2.014400 0.785707 20.583828
-1.159043 0.569455 21.276146
-1.533428 0.761837 19.546886
-5.743384 0.577784 23.874928
-0.543723 0.675579 19.319223
1.194191 0.410724 9.512607
3.508511 0.437196 10.018746
1.274628 0.428599 10.134582
2.538543 0.490553 9.330865
1.144012 0.425540 10.803615
1.050683 0.418188 8.477372
1.733857 -0.285861 14.025121
2.090115 -0.017014 11.397964
2.032224 -0.406466 13.264659
1.689968 -0.235988 13.956469
2.005027 0.372485 12.337976
2.101963 -0.178281 11.393305
1.178301 -0.660500 15.224619
0.852797 -0.481155 16.423288
0.898020 -0.701906 16.392424
2.008665 0.421010 12.232887
1.824297 0.450193 12.360498
2.119064 -0.101420 11.078273
2.125340 -0.115089 11.047061
2.052851 0.057616 10.995670
1.904628 0.414454 12.015501
0.511100 0.589579 16.737677
0.381120 0.606075 16.764259
1.338190 -0.281943 14.776956
-0.008680 0.658833 17.422350
1.809030 0.383305 10.011818
1.493667 0.463244 11.829608
1.269144 0.483772 10.966803
1.668573 0.418335 10.544925
2.119849 0.242670 11.493627
1.979992 -0.130077 11.090951
1.780425 0.409734 10.275927
2.014594 0.349056 10.075359
1.733054 0.436501 11.230685
1.669460 0.420618 10.556352
0.769866 0.391181 8.528422
0.760610 0.387266 10.072528
2.162341 0.467506 8.546825
2.101904 0.226323 11.322696
2.084069 0.093803 11.017208
1.932488 0.400470 12.912690
1.735226 0.442257 13.194159
1.415030 0.499081 14.064239
1.345438 -0.420561 14.966716
0.096629 0.684659 15.570052
1.461532 0.485724 14.084437
1.731682 0.437045 13.783671
1.423178 0.505608 13.698033
1.607992 0.456235 13.699350
1.946643 0.411434 11.282419
1.701264 0.440184 8.516436
1.884920 -0.350276 13.847828
1.655853 0.444386 12.947249
1.675459 0.449339 13.418353
1.764976 0.419890 12.966553
1.248955 0.518326 14.407866
2.010525 -0.220443 13.190577
1.543489 0.482906 14.360481
1.704530 0.416130 14.041957
1.104786 0.088599 14.788754
1.936713 0.373754 12.079909
1.920520 0.415663 12.400493
1.543832 -0.157033 7.486917
2.237721 -0.197932 13.096155
0.844796 0.618831 14.466812
0.694275 0.628985 14.622226
1.329950 0.516320 14.075970
0.548373 0.663986 14.832262
0.810153 0.617780 14.523992
1.112641 0.544286 14.892612
-1.052260 0.813133 18.283848
0.131979 0.648448 18.083004
0.167182 -0.451302 18.596861
-0.002766 -0.519734 18.979563
-0.227047 0.604646 18.944427
-0.343623 0.595582 19.208891
-0.478674 0.611984 19.376583
-0.252455 -0.264370 19.204489
-4.982966 0.234035 23.529123
-5.925704 0.638801 24.097431
-2.498821 0.852480 21.045088
-4.621805 0.991587 22.584488
-4.584180 0.955267 22.880650
-2.465984 0.860475 20.724661
-0.836498 0.665641 20.884857
-1.106665 0.506929 21.455931
-0.666510 0.086056 20.379326
-5.902771 0.279428 23.911816
-5.662227 0.702444 23.890751
-1.950727 0.738486 21.370167
-0.946182 0.604620 20.890821
-2.490024 0.830305 21.341013
-3.247757 0.773742 22.178917
-5.893196 0.878672 24.022844
-6.173497 0.123047 24.231859
-3.069597 0.043645 22.048830
-4.929608 0.684190 23.601519
-5.820058 0.201190 23.993944
-4.979738 0.251695 23.530518
-6.141928 0.085504 24.211227
-1.929161 0.583062 22.605465
-5.881720 0.720484 23.951777
-8.399125 -0.570448 26.911947
-8.107293 -0.548464 26.810825
-7.646126 -0.258788 26.243383
-2.719619 0.742258 22.728315
-3.448477 0.833285 23.110960
-4.575502 0.436515 23.448648
-2.164732 0.314792 23.218470
-6.497414 1.061171 24.474287
-6.069052 0.684338 23.966265
-0.768239 -0.285119 20.486151
-2.928163 0.909407 20.873737
-7.580740 -0.659766 26.636347
-6.671738 -0.360193 25.835514
-7.577110 -0.668941 26.655565
-5.152823 0.990728 23.307966
-4.456588 0.259018 23.285069
-6.575310 -0.161977 25.563883
-6.166084 0.038636 24.337416
-5.777983 0.517366 23.926725
-5.983376 0.661089 24.047428
-5.667957 0.727983 23.894934
-6.237828 -0.076394 24.204454
-5.810753 0.871040 24.017881
-5.281928 1.026825 23.253658
-2.614882 0.784942 21.579718
-5.952534 0.280924 23.979977
-5.435462 0.188574 23.888729
-5.805080 0.581590 23.938534
-2.325666 0.784984 21.054922
-6.175761 -0.125891 25.734346
-6.792239 -0.565967 26.214668
-5.560828 -0.249674 25.367210
-4.629338 0.963268 23.256050
-5.987670 0.934406 24.052759
-4.586956 0.657362 23.444010
-6.210868 0.526452 24.152187
-4.824485 0.210854 23.441662
-4.776737 0.592165 23.570911
-5.391998 -0.420910 25.394934
-5.802659 -0.370801 25.682053
-4.873984 0.654390 23.532303
-3.393624 -0.250887 22.646605
-4.489828 0.948938 23.193571
-2.007658 0.761111 20.654877
-0.472935 0.675308 19.278397
-3.270875 0.918477 21.304436
-1.327760 0.745403 20.484859
-5.346722 1.042123 23.145321
-5.600286 1.086901 23.178204
-2.408265 0.834927 20.923813
-1.209947 0.712015 20.689558
-6.589707 -0.539218 25.043795
-4.507850 0.573702 23.371687
-2.075408 0.805975 20.421495
-0.686655 -0.219973 20.173548
-5.125342 -0.611352 25.420946
-5.426609 -0.378604 25.381918
-4.452402 0.703649 23.389114
-5.494946 -0.518018 25.578964
-3.490525 0.047800 22.126379
-2.284223 0.659723 22.416752
-2.853382 0.429801 23.809980
-5.271871 0.692934 23.724827
-6.228723 -0.484481 25.811703
-5.078756 0.619650 23.612364
-3.554092 0.047551 22.245249
-4.655516 0.207698 23.438713
1.703736 0.466862 13.943932
-0.492054 0.737680 17.029041
-0.086162 0.728868 16.101460
1.604066 0.484468 13.994761
0.996787 0.579644 14.719178
0.394058 0.588504 17.070318
1.645794 0.438916 13.928832
1.718415 0.452269 13.401098
0.161712 0.714140 15.141258
2.160571 0.318948 10.541573
2.158569 0.311301 10.485352
2.177794 -0.072805 10.361085
-6.206747 -0.572378 25.894220
-5.296972 0.767077 23.799599
-6.638299 -0.351266 25.788721
-6.423772 0.038562 25.745480
1.610196 0.445276 11.057114
1.386052 -0.376885 14.274603
0.481132 0.633372 16.613785
0.784443 0.601191 16.014721
0.833047 -0.494854 16.587788
1.345941 -0.288485 14.838112
0.960699 0.146054 15.652825
1.203254 0.498708 11.368894
1.202058 0.505473 11.408153
1.327753 0.482517 11.067636
1.939095 0.394648 11.230280
1.181132 0.551402 14.211145
-0.187914 0.750771 16.105104
0.001231 0.723912 15.814013
1.189646 0.540256 14.148540
0.452938 0.710324 14.998868
1.325952 0.509492 14.046004
0.971925 0.592600 15.202537
1.009347 0.565494 15.240917
1.177806 0.535890 14.607182
0.458967 0.641027 16.130947
1.366477 -0.303815 14.936631
0.982289 0.573561 15.117200
0.958946 0.542540 15.407022
-1.637527 0.730692 23.445801
0.141515 -0.752624 18.761389
0.005421 -0.515602 18.926813
-0.700150 -0.467066 20.625048
-0.929422 0.606435 20.215839
-0.659629 0.063844 20.148472
-5.233818 0.308201 23.659212
-0.134209 0.675572 18.511688
0.020464 -0.183415 18.549520
-0.587133 0.732174 18.444935
-3.423039 0.456786 22.211714
-4.372314 0.924049 22.945536
-6.304698 -0.182481 25.643265
-3.322099 0.163473 22.120466
-6.331080 -0.185767 25.659321
1.827352 0.456619 10.990760
1.974011 0.353049 11.351000
0.734316 -0.491623 16.934170
-3.763309 -0.706276 24.226082
-3.142353 -1.203831 25.125931
-3.003014 -1.165158 24.721689
-3.535352 -0.715162 24.042486
0.704717 -0.390487 16.895472
1.832902 0.427547 12.852142
0.196424 -0.578916 18.802959
0.735331 -0.377840 16.687578
1.886953 0.407333 13.135746
0.193071 -0.430293 18.355103
1.317749 0.450719 10.861801
1.715575 -0.000432 13.978394
1.802186 0.376595 9.462076
2.892425 -0.199821 10.102016
0.712037 0.585475 16.289883
0.253096 0.641430 16.935963
1.989850 0.428576 11.266585
2.002135 0.100684 11.378021
2.128657 -0.089719 11.195159
2.062565 0.320610 11.293925
2.230410 0.052633 11.105592
1.974325 0.042649 11.036292
2.129101 -0.058717 10.136218
2.088819 0.054760 9.800154
1.943296 0.405513 11.273778
1.964466 -0.270377 10.822736
2.173312 0.081458 9.988696
2.188151 -0.182930 9.971726
2.041354 -0.142600 11.457003
1.767449 0.446136 12.730117
1.469644 0.424539 10.135490
1.419710 0.432357 10.224566
2.048609 -0.018446 10.979461
1.991647 0.384516 11.573748
1.997544 0.319700 10.956878
1.516448 0.428217 10.203412
-1.636429 0.754328 20.667919
-5.891263 0.724347 23.998657
-6.071402 0.501726 24.109636
-6.238339 0.191945 24.119434
-5.863393 1.049486 23.928032
-2.874438 0.899463 20.857534
-6.142859 0.428552 24.046583
-3.889661 0.967049 21.553404
-6.199905 0.696922 24.150816
-2.599066 0.817116 21.082642
1.877011 -0.352592 13.923332
2.076480 -0.027683 10.362779
1.104113 0.606300 12.928285
2.294185 -0.196582 10.608459
2.141232 -0.133956 10.392401
-4.490874 0.753274 23.450514
-4.474660 0.756182 23.419680
-5.706134 -0.442224 25.634008
-4.236965 -0.647669 24.754200
-3.767011 -0.344588 24.465286
-5.410317 -0.554367 25.492899
-1.037501 -0.858889 21.344950
-3.326488 0.816739 22.195955
-4.903165 0.296802 23.518524
0.161897 0.484334 18.017956
0.056485 0.608353 18.109890
-5.187988 0.984442 23.528917
-0.894472 0.647603 19.700069
-5.006104 0.705103 23.706379
2.208273 -0.183132 10.400708
2.035249 -0.370422 11.233353
1.721236 0.428158 11.136496
-4.763834 0.461859 23.482405
-6.022068 -0.509216 25.778656
1.319316 0.525772 13.952469
0.658477 0.651815 14.505790
-0.126712 0.736112 15.988815
1.598051 0.458306 13.836888
1.307143 0.536635 13.922378
1.292488 0.526968 14.059972
1.888042 0.392576 12.962011
1.201399 0.536602 14.115917
2.308283 -0.111994 11.113024
2.096935 -0.187953 12.290966
2.052862 0.324567 11.318139
2.092544 -0.178991 11.371660
2.063526 0.258596 11.428907
-2.076282 0.886826 19.456673
-0.820538 0.643459 19.952887
-3.580827 -0.743208 24.136955
-4.176503 -0.660749 24.719009
0.737253 -0.320551 16.638012
-1.655936 0.658182 21.661963
-4.263025 0.282707 25.948421
2.070860 0.258367 11.455896
2.155746 -0.093809 10.820729
2.164904 0.239486 11.200450
2.249533 0.054848 11.162968
1.961927 0.359522 9.370229
1.528794 0.428488 10.391348
1.575756 0.410031 10.276251
1.493970 0.440358 10.579041
1.609908 0.411445 10.073827
2.111111 0.306481 9.894992
2.180586 0.332333 10.085269
1.522222 0.425896 10.432884
1.743128 0.427709 10.795599
2.138778 -0.219498 12.350449
1.820054 0.435995 12.692021
1.993291 0.393635 12.015554
1.756991 0.431415 12.508801
1.877458 0.403098 12.527808
1.575974 0.414509 10.132569
-4.227606 0.582006 27.309513
-2.305049 -1.096404 24.369389
-4.320647 0.557491 27.555237
0.753913 0.376582 16.177242
0.806164 -0.217711 16.350382
-2.363101 -0.455622 24.503492
-2.443124 -1.103203 24.455324
0.788713 0.591077 16.097631
0.442546 0.664782 15.800756
0.978805 0.133641 15.512736
0.526320 -0.607703 18.048695
0.667476 0.644461 14.461538
1.052496 0.564442 14.468030
-0.130695 0.727541 15.966369
1.479377 0.480363 13.719040
0.872720 0.592795 15.236192
-0.123041 0.711303 16.486729
0.966739 0.590759 14.322710
1.616387 0.457087 13.598714
1.637348 0.460371 13.265794
1.771266 0.394371 13.193789
1.898574 -0.315255 13.647087
0.431304 0.690358 14.599133
1.808422 0.433583 12.952813
1.912294 0.453906 12.716523
1.420370 0.429220 10.206124
1.500936 0.411264 9.742177
2.061351 0.372533 10.212643
2.697979 -0.188884 9.794850
2.084601 -0.200589 10.959631
2.115469 -0.128041 10.853669
2.103625 -0.158752 11.163332
2.167035 0.086089 10.919008
2.129553 -0.154715 10.920671
1.964600 -0.518368 13.708408
2.120250 0.412410 10.910465
2.082523 -0.148731 11.051765
2.118673 0.289676 10.385017
2.129461 0.301767 10.466061
-5.192497 0.662865 23.709795
-6.341846 -0.179859 25.683710
1.756947 0.446790 13.505015
1.844742 0.469634 13.634027
2.243225 -0.023596 11.164298
2.199952 -0.208914 10.423647
-1.758584 0.611152 22.774088
-3.579383 0.942042 21.949623
-2.804150 0.818574 22.062925
-2.371955 0.691206 22.602825
-2.769959 0.844660 21.931984
-2.090989 0.326856 22.987751
-4.680616 0.975730 23.322588
-4.269312 0.973799 22.359589
-5.963695 0.517038 24.003542
-7.670890 -0.426262 26.256737
-7.671128 -0.263840 26.261534
-4.418862 0.638493 23.350767
-1.842769 -0.252592 22.835373
-2.780989 0.765794 22.607010
1.889762 -0.350574 13.888312
2.033397 0.438138 9.689099
2.138548 -0.240743 11.037113
2.383295 0.413663 10.597239
1.968604 0.400987 12.336379
2.082921 0.297000 11.191955
0.746059 -0.381443 16.645943
0.746900 -0.495734 16.850494
1.175639 -0.663376 15.262280
1.932252 -0.369942 14.004786
2.098299 -0.083106 11.467946
-2.330585 0.831440 20.617008
-1.927585 0.824074 20.030174
-0.709301 0.691635 19.136715
-1.614775 0.742829 20.610600
-6.514281 -0.339508 25.918556
-6.367358 -0.345742 25.707376
-1.808996 0.559782 22.564932
0.742712 0.642249 13.634962
2.139632 0.043628 12.262621
2.139663 -0.220133 12.356778
0.684767 0.589129 16.394201
1.818055 0.413758 13.319757
2.121462 0.295187 12.161109
0.412213 0.608959 16.988293
-6.147672 0.006825 24.224495
-6.826524 -0.670617 26.315847
-5.941706 0.285934 23.969406
-0.987277 -0.514690 21.517769
-5.409116 0.628688 23.750132
-5.138801 0.480408 23.694855
-5.186434 0.662224 23.710817
-5.926475 -0.306471 25.544376
1.622214 0.465919 13.652354
1.609038 0.442050 13.918601
0.519131 0.673553 14.585425
1.329403 0.503166 13.825290
2.539213 0.182706 9.605927
1.435209 -0.279189 13.895740
1.491850 0.437175 10.563145
1.774262 0.403428 10.239864
1.201845 0.486515 11.287079
-6.604075 -0.084553 25.758888
-4.624822 0.691194 23.501863
-3.294123 0.731010 22.156492
-2.918670 0.353699 24.069439
-5.046357 0.459639 23.687895
-2.802664 -0.607249 23.652309
-4.808074 0.482896 23.553942
2.478480 -0.371265 10.474758
2.120040 0.095416 10.950121
1.531368 0.416127 9.856688
1.527507 0.413407 9.842989
2.170322 -0.161754 10.855381
2.118957 -0.051164 10.682537
2.360989 -0.310052 11.030742
2.307002 -0.225747 10.738850
2.081161 -0.243184 11.206025
0.849347 -0.479292 16.436134
0.857841 -0.211429 16.045315
0.916291 -0.738902 16.216093
1.036203 -0.423045 15.676359
2.046803 0.388199 12.465665
0.888602 -0.350274 16.094515
2.087473 -0.201126 10.978160
2.372455 0.209955 9.754132
1.691208 0.448785 11.552401
1.704185 0.399598 9.914897
2.354730 0.204719 9.724899
2.596731 -0.287294 9.882176
1.973204 0.386239 10.167643
2.289070 0.265639 13.454479
1.700473 0.414845 10.118411
-2.545536 0.890492 20.317858
-0.605819 0.631432 20.003876
-0.468906 -0.278790 19.913507
-5.429594 1.082298 23.148823
-2.163701 0.837637 20.611248
0.018141 0.627323 17.674765
0.830543 0.595480 15.310187
0.777640 0.486031 15.977933
0.262461 0.666097 17.816559
1.315316 -0.272488 14.792036
0.426735 0.619264 16.310244
1.264330 0.450501 10.669785
1.334667 0.437758 10.147118
1.182974 0.451527 10.391269
1.338010 0.430900 10.059058
1.313465 0.450717 10.720874
1.949089 0.324550 8.912935
1.584444 0.423968 9.556284
1.235609 0.449007 10.319802
1.967724 0.337487 11.264631
1.346083 -0.299535 14.692541
2.065199 0.318709 11.298985
1.800451 0.448082 13.264659
2.149441 -0.094585 10.809533
2.099439 0.257669 10.824615
2.069791 0.044885 9.768506
2.234070 0.342679 10.770907
2.163118 -0.260343 10.870420
-2.890986 0.926064 20.506596
-0.715034 0.646618 19.972939
-0.279632 0.650981 19.199783
-2.908161 0.936413 20.542501
-1.076657 0.738658 19.331604
-6.059880 -0.250090 25.623398
-6.735162 -0.418000 25.940868
-4.463092 0.310358 23.257883
-1.948568 0.726451 21.328943
-6.249769 -0.158384 25.084883
-6.427759 -0.380927 25.817749
-1.033968 -0.511658 21.655251
-3.222327 0.889371 21.693108
-5.808662 0.854354 24.017708
-5.915886 0.716151 23.989113
-5.421158 0.481798 23.777885
-5.462038 0.489357 23.844593
-5.545928 0.311587 23.771637
-2.660435 0.848709 21.227486
-5.869261 0.717497 23.968126
-6.413156 -0.565693 25.950899
-5.886639 -0.316276 25.531029
-2.970005 0.382396 24.051256
-4.508612 0.257978 23.362125
-6.424429 0.039177 25.630772
-5.741554 0.313705 23.834417
-4.688430 0.757968 23.442322
-0.023655 0.613688 18.447924
-2.785162 0.831350 21.724173
-6.347760 -0.156363 25.240358
-2.701916 0.887804 20.629873
-5.249955 0.532921 23.752615
-2.195974 0.736925 21.327888
0.153000 0.490955 18.075720
-0.719742 -0.486258 20.736141
-0.909371 0.541260 20.744364
0.174342 0.617472 17.315939
-0.821489 0.814972 17.686193
-2.183831 0.947771 18.779104
0.735737 0.395186 16.313177
0.403398 0.623897 17.068859
0.726278 -0.439986 17.219524
-0.427650 0.726404 17.948608
-6.107923 -0.750975 26.145304
-0.949673 -0.462707 21.099331
-6.063161 -0.173440 25.620125
-1.699576 0.862827 18.988379
-0.451862 0.620112 19.644987
-5.258771 0.752345 24.096188
-4.764968 0.781368 23.553492
-3.383166 0.479620 22.215034
0.284047 0.543931 17.321766
0.547336 -0.164474 17.120850
-0.195871 0.738864 17.244728
-0.632715 0.788813 17.405706
0.331198 0.672081 17.019142
-1.437791 0.864959 18.090149
-4.451559 0.800126 23.368309
-2.914687 0.944232 20.533670
-2.111039 0.893761 19.520954
0.044675 0.630144 18.250999
-0.018949 0.650630 17.747795
-4.497685 0.822183 23.453426
-4.367774 0.115511 23.394644
-4.441783 0.620731 23.412813
-4.805991 0.478928 23.549711
-4.469598 0.449920 23.397123
-4.885400 0.663906 23.601784
0.543846 -0.163802 17.112860
-0.258932 0.722991 17.957529
-1.555016 0.852409 18.760496
-2.586949 0.692426 22.761293
-5.777204 -0.363645 25.640020
-6.395202 -0.605496 26.068434
-4.961051 0.810450 23.731554
-4.385005 0.111510 23.410645
-4.203226 0.266924 23.164248
-4.249803 0.273979 23.248680
-1.045520 0.591831 20.581247
-1.096264 0.692851 20.156649
-0.181946 0.644111 18.884192
-2.117534 0.846560 19.902950
0.400423 0.606325 17.123285
-6.212142 -0.438090 25.779995
-6.342299 -0.781449 26.344297
-1.995213 0.707926 21.683237
-6.291295 -0.768365 26.269598
-6.349223 1.032566 24.285215
-3.220426 0.759487 23.047098
-5.434209 0.272599 23.701990
-6.338490 -0.420639 25.760393
-5.956640 0.330489 23.992323
-6.440533 0.057201 25.711275
-1.429671 0.578289 22.325563
-1.601789 0.724961 20.755592
-6.130479 0.516576 24.061363
-1.060972 0.717851 20.944109
-3.878632 0.763302 22.555525
-6.316422 0.958239 24.271214
-4.504094 0.239821 23.354202
-6.901731 -0.268149 25.864923
-2.712729 0.791775 22.103104
-5.553946 0.627007 23.765944
-6.232635 0.413410 24.104618
-6.131031 0.091497 24.324287
-6.462674 0.997295 24.340263
-2.109602 0.323333 23.019077
-0.987257 0.577882 20.594580
-1.054139 0.475062 21.184294
-1.299581 0.594491 21.700661
-1.060863 0.038238 21.357761
-1.789331 0.839141 19.652029
-2.032053 0.850334 19.883905
-0.788502 0.547235 20.455664
-0.711102 0.617383 19.837574
-0.729978 0.630316 19.910269
-1.719900 0.853187 19.239162
-1.305879 0.782063 19.383072
-0.856019 0.658576 20.053053
-5.285387 0.677443 23.730188
-5.220295 0.334627 23.637094
-3.647101 -0.254031 23.409653
-5.373308 0.767408 23.816959
-5.753100 -0.569877 25.753309
-5.247676 0.315749 23.679474
-2.003120 0.807198 20.095577
-5.329631 0.673442 23.699863
-5.316924 1.033585 23.092590
-4.757611 0.783174 23.566103
-3.146887 0.682480 22.042406
-2.711874 0.803914 21.523211
-5.390416 -0.546443 25.428589
-4.902650 0.795548 23.627747
-2.492745 -0.974150 23.428795
-1.817401 -0.914961 22.449499
-4.394273 0.108188 23.568417
-4.481006 0.453357 23.423481
-4.232463 -0.043190 23.060280
-4.429359 0.447814 23.339310
-6.929068 -0.670226 26.408869
-6.439538 -0.378391 25.829882
-6.187654 -0.098987 25.684690
-0.480356 0.614544 19.409220
-1.032868 -0.448507 21.409536
-2.113378 0.824686 20.793604
-4.625760 0.968032 22.956659
-1.406633 0.740566 19.905067
-4.844282 0.588407 23.629562
-4.632303 0.522466 23.476025
-4.502977 0.821882 23.462446
-2.771559 0.823705 21.678007
0.028250 0.664274 18.047138
-1.676858 0.666100 21.694447
-2.718926 0.785939 21.871387
-2.197139 0.601399 23.050175
-1.746978 0.605605 22.787006
-2.308160 0.674221 22.429581
-3.155313 0.807624 22.107546
-6.355765 0.031242 24.214626
-4.727314 0.831339 23.536673
-3.853343 0.961770 22.018673
-6.165132 -0.057079 24.361488
-6.308869 0.111626 24.909693
-4.549774 0.450823 23.394039
-5.990151 0.063221 25.447567
-2.968489 0.478351 22.654425
-5.398825 -0.590877 25.624588
-4.160456 0.739391 26.428841
-6.142799 0.581755 24.122358
-2.969029 0.852240 21.889853
-4.455487 0.942738 22.853531
-3.638803 0.964137 22.126175
-5.073420 1.017539 23.234011
-3.934380 0.914298 22.331213
-1.866745 0.734255 21.472849
-1.375995 0.552202 22.116945
-1.682958 0.617993 22.315577
-2.054652 -0.440617 23.199120
-2.411674 0.823179 21.389868
-4.817239 0.593690 23.613726
-7.709777 -0.410682 26.294281
-1.943491 0.719066 21.729393
-6.006673 0.419357 23.880325
-6.017962 0.491538 24.028786
-6.214435 -0.073460 24.169725
-2.953109 0.893831 21.083803
-6.290464 1.068631 24.027208
-6.590481 1.018667 24.483875
-4.392362 1.009399 22.169121
-2.852624 0.850063 20.890020
-1.047641 0.037926 21.272871
-1.427425 0.583753 22.355427
-5.975522 0.660200 24.162445
-5.320607 1.034732 23.114037
-1.834295 -0.249601 22.797255
-2.912200 0.887410 21.282312
-5.516447 0.639948 23.849623
-6.601098 -0.190574 25.415285
-3.401563 0.453884 22.175772
-2.189988 0.602446 22.697891
-2.108086 -0.450081 23.400908
-5.212749 0.696764 23.689152
-5.229433 0.235887 23.672522
-2.394192 0.734387 22.216351
-2.945784 0.841602 22.011028
-6.242077 0.539510 24.322950
-6.228802 -0.067877 24.283522
-3.387903 0.915105 21.941668
-1.714397 0.693479 21.857340
-4.449793 1.051959 21.937605
-1.685773 0.362273 21.893496
-4.796137 1.024496 22.788082
-6.593475 1.072906 24.584740
-6.011884 0.729819 24.107407
-3.627263 0.912061 22.127203
-3.554548 0.933839 21.909403
-6.504498 -0.202108 25.218163
-7.692254 -0.256222 26.312380
-4.389770 0.994018 22.493490
-1.861293 0.653742 22.303032
-6.508930 1.060045 24.478018
-4.698133 0.837986 23.544592
-6.455888 1.050416 24.414473
-3.282902 0.918697 21.761993
-2.930935 0.794444 22.439371
-4.003446 0.933900 22.438766
-3.979438 0.744887 22.675825
-2.102198 0.306250 22.995728
-4.860034 0.643250 23.578840
-4.920272 0.223286 23.576822
-6.939945 -0.193610 25.945135
-6.228782 0.690507 24.227398
-2.693464 0.346715 23.928802
-5.275945 -0.317301 25.180344
-7.057986 -0.533413 26.022352
-6.412246 1.045021 24.359722
-6.637532 -0.258216 25.509861
-5.654223 0.614311 24.023039
-3.874525 0.900003 22.628643
-2.737588 0.799196 22.145018
-2.702670 0.826576 21.807610
-3.048015 0.825433 22.598587
-1.909365 0.721643 21.739388
-1.388941 0.716713 21.460056
-1.949989 0.649015 22.195278
-2.497730 0.567335 23.269543
-2.111441 0.523349 22.690832
-5.212919 0.535569 23.692635
-7.129950 -0.261188 25.411980
