ply
format ascii 1.0
element vertex 5123
property float x
property float y
property float z
end_header
-0.112548 -0.042939 0.546216
-0.253015 -0.024552 0.509046
-0.133139 -0.057961 0.595803
-0.072999 -0.043414 0.550304
-0.246616 -0.051919 0.588786
-0.675254 -0.273775 1.261194
-0.715511 -0.269199 1.196406
-0.707829 -0.358391 1.280709
-0.663064 -0.240883 1.015055
-0.665339 -0.414174 1.193100
-0.663584 -0.412862 1.268491
-0.681970 -0.407819 1.274490
-0.757563 -0.364021 1.248973
-0.221046 -0.043033 0.557128
-0.305380 -0.142437 0.870423
-0.244033 -0.076590 0.667314
-0.207957 -0.383446 1.162630
-0.036448 -0.138240 0.539968
-0.203249 -0.357782 1.261011
-0.146750 -0.449726 1.225511
-0.114299 -0.050430 0.577897
-0.139157 -0.084294 0.679867
-0.191328 -0.080704 0.667681
-0.666598 -0.387740 1.258068
-0.076973 -0.256909 0.851825
-0.178948 -0.315114 1.035672
-0.201110 -0.339016 1.143053
-0.117631 -0.417434 1.190990
-0.145146 -0.440674 1.281645
-0.214676 -0.346988 1.209094
-0.078044 -0.231408 0.830555
-0.090093 -0.247642 0.880136
-0.179848 -0.417661 1.230788
-0.087353 -0.032130 0.515884
-0.239044 -0.496890 1.368506
-0.235125 -0.235132 0.938659
-0.175323 -0.155475 0.694290
-0.175450 -0.038095 0.537260
-0.289380 -0.062498 0.627243
-0.576240 -0.190013 1.035424
-0.153504 -0.070022 0.628614
-0.173418 -0.500294 1.432555
-0.155997 -0.456347 1.328716
-0.318917 -0.129928 0.831289
-0.631794 -0.254589 1.227747
-0.662726 -0.430525 1.267246
-0.661012 -0.401973 1.265806
-0.662073 -0.392398 1.269954
-0.678641 -0.387725 1.260127
-0.419983 -0.072171 0.682604
-0.071728 -0.115034 0.568754
-0.085299 -0.121874 0.594719
-0.103262 -0.046224 0.561935
-0.091794 -0.029379 0.510891
-0.122077 -0.128691 0.589163
-0.262731 -0.214032 1.029874
-0.238728 -0.136620 0.851726
-0.155725 -0.030187 0.514740
-0.222884 -0.034172 0.528745
-0.442593 -0.139332 0.869049
-0.385030 -0.064867 0.647143
-0.710418 -0.301474 1.176991
-0.676919 -0.381809 1.089535
-0.667083 -0.246319 1.035633
-0.192804 -0.358723 1.139962
-0.199984 -0.360142 1.167395
-0.207253 -0.334148 1.172181
-0.198451 -0.047043 0.565507
-0.674940 -0.380609 1.264670
-0.684190 -0.377352 1.253273
-0.090138 -0.421402 1.202181
-0.045341 -0.136721 0.550297
-0.291275 -0.050517 0.966937
-0.267520 -0.034582 0.878265
-0.094305 -0.489276 1.526744
-0.495149 -0.312329 1.058241
-0.434933 -0.216867 0.730609
-0.485564 -0.181478 0.763497
-0.508578 -0.266438 0.927568
-0.513542 -0.227968 0.922532
-0.447928 -0.160609 0.768206
-0.462807 -0.191190 0.747346
-0.531415 -0.283017 0.826113
-0.548089 -0.330854 0.895920
-0.546422 -0.330264 0.911396
-0.488846 -0.234580 0.784567
-0.479230 -0.192515 0.967458
-0.426706 -0.136472 0.740051
-0.471600 -0.115597 1.127685
-0.511837 -0.064638 1.014117
-0.498962 -0.189961 1.388747
-0.041620 -0.527852 1.664161
-0.144592 -0.256964 1.590987
-0.137033 -0.283299 1.645013
-0.222227 -0.260570 1.566332
-0.244837 -0.221868 1.495926
-0.219257 -0.195327 1.433599
-0.450620 -0.138239 0.999661
-0.473781 -0.239769 1.111684
-0.440001 -0.137600 0.997828
-0.480514 -0.186118 0.914369
-0.464866 -0.172137 0.873304
-0.497116 -0.271086 0.842140
-0.039475 -0.483358 1.575465
-0.548133 -0.261454 1.188916
-0.564575 -0.270752 1.176835
-0.519554 -0.351737 1.030495
-0.416012 -0.111787 0.707674
-0.485776 -0.260417 0.771075
-0.121358 -0.430225 1.237777
-0.469730 -0.145262 0.985104
-0.465034 -0.137652 0.981229
-0.635574 -0.451318 1.243098
-0.447155 -0.170341 0.825134
-0.707973 -0.474467 1.301714
-0.508357 -0.317653 0.916469
-0.433903 -0.155719 0.776690
-0.174178 -0.151178 1.271318
-0.255293 -0.150181 1.238319
-0.035786 -0.209739 1.351603
-0.452953 -0.195989 1.009430
-0.426817 -0.089946 0.700546
-0.513963 -0.235376 1.447149
-0.519937 -0.320135 0.924174
-0.512872 -0.318688 0.913855
-0.415232 -0.118507 0.714583
-0.435922 -0.139944 0.736909
-0.548119 -0.329552 0.923372
-0.428064 -0.113739 0.682191
-0.050533 -0.570098 1.553502
-0.085292 -0.369421 1.427268
-0.095781 -0.383535 1.519849
-0.099548 -0.314198 1.508152
-0.209592 -0.043736 0.937143
-0.470345 -0.168650 1.304309
-0.460082 -0.228486 1.010934
-0.470308 -0.230959 1.043023
-0.492710 -0.237054 0.915583
-0.422564 -0.149464 0.734863
-0.466152 -0.186788 0.761109
-0.435727 -0.124789 0.714384
-0.535668 -0.302512 0.853970
-0.539284 -0.296998 0.860797
-0.432061 -0.111475 0.697564
-0.111352 -0.339350 1.460434
-0.223138 -0.059433 0.975005
-0.320546 -0.153854 1.273206
-0.416590 -0.209234 1.301747
-0.424978 -0.195744 1.061381
-0.537392 -0.202160 1.293198
-0.498163 -0.336893 1.077437
-0.479796 -0.199305 1.011688
-0.497262 -0.215813 1.000218
-0.508201 -0.209654 0.925360
-0.506465 -0.277134 0.921372
-0.499700 -0.220488 0.878004
-0.532734 -0.328743 0.906424
-0.535251 -0.323953 0.911158
-0.466261 -0.205062 0.791678
-0.450775 -0.176519 0.750277
-0.551366 -0.318182 0.917705
-0.546463 -0.316185 0.886544
-0.431331 -0.198155 0.680147
-0.550429 -0.323062 0.864946
-0.434720 -0.161097 0.779583
-0.412435 -0.115130 0.693389
-0.405762 -0.112704 0.683914
-0.492843 -0.268438 1.196251
-0.652805 -0.429878 1.156061
-0.489838 -0.264298 0.818524
-0.427001 -0.114739 0.711544
-0.112118 -0.433309 1.245682
-0.283783 -0.120463 1.156244
-0.412770 -0.166391 1.300969
-0.409843 -0.167395 1.311023
-0.435161 -0.087240 1.049446
-0.560935 -0.272344 1.211118
-0.474369 -0.199051 0.913619
-0.479782 -0.163734 0.910440
-0.413879 -0.172736 0.688946
-0.457447 -0.228987 0.717846
-0.093470 -0.556828 1.553451
-0.101359 -0.372796 1.478486
-0.107205 -0.366387 1.470198
-0.111888 -0.088923 1.088452
-0.146082 -0.398455 1.146771
-0.220973 -0.057368 0.584065
-0.370248 -0.057972 0.623760
-0.246122 -0.052348 0.588511
-0.387439 -0.079948 0.683784
-0.139504 -0.083844 0.667606
-0.067271 -0.050047 0.578923
-0.263862 -0.032649 0.533327
-0.244759 -0.064739 0.627475
-0.204793 -0.049962 0.572528
-0.050652 -0.184794 0.628456
-0.044762 -0.136634 0.546431
-0.304876 -0.049403 0.583985
-0.187780 -0.043252 0.551666
-0.179286 -0.039059 0.547794
-0.340627 -0.061575 0.627107
-0.054467 -0.172453 0.610614
-0.203062 -0.050005 0.565697
-0.454167 -0.090311 0.725141
-0.306716 -0.049448 0.587647
-0.164757 -0.070293 0.651755
-0.041928 -0.158603 0.554952
-0.084590 -0.111972 0.519876
-0.483326 -0.113962 0.805571
-0.081219 -0.037708 0.539426
-0.080250 -0.108954 0.523234
-0.066291 -0.049276 0.570850
-0.070315 -0.112885 0.556465
-0.093620 -0.028156 0.507901
-0.132982 -0.081137 0.651519
-0.155277 -0.066964 0.613224
-0.066989 -0.120549 0.598743
-0.205727 -0.028064 0.501814
-0.336486 -0.055476 0.611217
-0.101905 -0.045615 0.567099
-0.080719 -0.037621 0.536379
-0.062265 -0.053672 0.580269
-0.222441 -0.034663 0.527817
-0.067898 -0.117765 0.586464
-0.071639 -0.115925 0.571775
-0.293542 -0.030099 0.536690
-0.321461 -0.041462 0.569986
-0.371310 -0.060931 0.628353
-0.426557 -0.093474 0.734549
-0.148672 -0.028386 0.499727
-0.192349 -0.044127 0.562384
-0.398001 -0.056981 0.621376
-0.035802 -0.161102 0.516520
-0.155698 -0.068915 0.627429
-0.085975 -0.033142 0.519103
-0.085379 -0.034458 0.528029
-0.163952 -0.033702 0.522902
-0.122107 -0.053810 0.578079
-0.242424 -0.063888 0.620656
-0.206088 -0.049077 0.581501
-0.045705 -0.139172 0.562156
-0.071898 -0.121721 0.602300
-0.718527 -0.334004 1.144903
-0.058095 -0.134691 0.686154
-0.327790 -0.059663 0.618093
-0.536233 -0.134839 0.868099
-0.249778 -0.066939 0.627791
-0.078954 -0.038954 0.537264
-0.141698 -0.079917 0.659806
-0.398857 -0.065795 0.654904
-0.425298 -0.090521 0.737433
-0.431755 -0.134773 0.861427
-0.296328 -0.065797 0.651304
-0.160649 -0.068338 0.644194
-0.046760 -0.141432 0.564528
-0.156753 -0.036042 0.535268
-0.201514 -0.035720 0.533899
-0.102907 -0.045814 0.574337
-0.056484 -0.104590 0.509838
-0.193640 -0.045483 0.557604
-0.277945 -0.038369 0.553066
-0.060895 -0.054063 0.590841
-0.298916 -0.033141 0.541899
-0.417633 -0.128617 0.853396
-0.482866 -0.153513 0.925503
-0.712961 -0.240166 1.220296
-0.161245 -0.151397 0.677757
-0.339361 -0.122412 0.820983
-0.677003 -0.383378 1.097359
-0.313329 -0.059146 0.596044
-0.349555 -0.063211 0.642514
-0.122227 -0.078922 0.683430
-0.681249 -0.303402 1.245461
-0.326456 -0.095734 0.725055
-0.288677 -0.080935 0.682341
-0.660981 -0.270711 1.235509
-0.564720 -0.326228 1.230214
-0.719500 -0.242674 1.230373
-0.316025 -0.129399 0.823425
-0.200148 -0.048130 0.566535
-0.159439 -0.064950 0.608287
-0.588847 -0.156334 0.928323
-0.166320 -0.060466 0.600599
-0.053050 -0.114078 0.576846
-0.052140 -0.105831 0.529050
-0.459379 -0.102812 0.782112
-0.207248 -0.050320 0.577402
-0.259129 -0.069933 0.643528
-0.410977 -0.072890 0.668392
-0.293595 -0.188247 0.978733
-0.157106 -0.151057 0.663734
-0.175933 -0.163282 0.717199
-0.157422 -0.052677 0.582631
-0.386356 -0.065063 0.649088
-0.777329 -0.278720 1.252185
-0.251421 -0.068112 0.625610
-0.364583 -0.057774 0.615328
-0.285982 -0.080721 0.674848
-0.178479 -0.112730 0.723248
-0.286520 -0.072807 0.647675
-0.167352 -0.071455 0.635306
-0.063151 -0.239515 0.850113
-0.463807 -0.109827 0.800259
-0.164503 -0.187485 0.708984
-0.134296 -0.081870 0.658507
-0.092399 -0.254144 0.900078
-0.770318 -0.368822 1.263236
-0.318122 -0.130180 0.828953
-0.085370 -0.111608 0.532552
-0.196700 -0.074897 0.644639
-0.362393 -0.108887 0.772759
-0.360398 -0.058127 0.632861
-0.173215 -0.098935 0.704286
-0.190349 -0.080229 0.664216
-0.789661 -0.365991 1.256993
-0.430756 -0.149545 0.907970
-0.235471 -0.097970 0.721920
-0.268712 -0.043062 0.565816
-0.485800 -0.114189 0.810118
-0.725500 -0.234350 1.179034
-0.132521 -0.142211 0.657641
-0.090612 -0.041532 0.536809
-0.316402 -0.049597 0.611668
-0.270827 -0.043389 0.570026
-0.356013 -0.057290 0.623131
-0.167228 -0.088707 0.668727
-0.171456 -0.128464 0.693499
-0.451157 -0.400776 1.207831
-0.437348 -0.378690 1.244067
-0.696689 -0.372781 1.263469
-0.690805 -0.371845 1.265745
-1.116646 -0.552656 1.580005
-0.423908 -0.335395 1.156175
-0.402597 -0.159808 0.959895
-1.783710 -0.647124 2.817112
-0.383644 -0.335684 1.151475
-0.437819 -0.342086 1.225489
-0.444819 -0.406434 1.186070
-0.449056 -0.358441 1.236026
-0.154823 -0.444402 1.268278
-0.205755 -0.165011 0.818281
-0.463909 -0.186744 1.025411
-0.062800 -0.239216 0.849499
-0.166045 -0.177748 0.679855
-0.091136 -0.422214 1.203065
-0.215825 -0.457925 1.344365
-0.729774 -0.384223 1.175331
-0.109397 -0.395394 1.162144
-0.138772 -0.060444 0.595136
-0.399787 -0.076691 0.677140
-0.119204 -0.044754 0.563580
-0.149693 -0.064324 0.616683
-0.463101 -0.093787 0.741921
-0.657086 -0.219515 1.145715
-0.714643 -0.359764 1.299669
-0.602163 -0.410771 1.383929
-0.614100 -0.403209 1.368969
-0.603972 -0.408803 1.384081
-0.611889 -0.432163 1.357038
-0.603442 -0.410013 1.381306
-0.635810 -0.422332 1.311668
-0.114448 -0.131914 0.618603
-0.171162 -0.035106 0.544825
-0.311928 -0.049799 0.596822
-0.224263 -0.056649 0.602177
-0.174468 -0.100263 0.712002
-0.196706 -0.049576 0.567647
-0.090470 -0.117299 0.544212
-0.334033 -0.057580 0.625193
-0.238798 -0.051283 0.572576
-0.044690 -0.136398 0.545356
-0.220748 -0.092692 0.698543
-0.448721 -0.100563 0.767212
-0.329483 -0.097464 0.725716
-0.132790 -0.136851 0.633514
-0.544784 -0.135549 0.886744
-0.226224 -0.359077 1.313027
-0.206422 -0.087051 0.691605
-0.080470 -0.243752 0.871923
-0.083064 -0.254532 0.863227
-0.062203 -0.112232 0.556890
-0.311253 -0.033573 0.548029
-0.050242 -0.108931 0.548990
-0.291061 -0.081706 0.686036
-0.167975 -0.034075 0.536683
-0.216138 -0.053491 0.590069
-0.143913 -0.163397 0.645277
-0.083461 -0.327070 0.978525
-0.210950 -0.088750 0.685454
-0.197972 -0.083618 0.672513
-0.168246 -0.059247 0.598043
-0.223230 -0.446058 1.320390
-0.165345 -0.504317 1.588227
-0.428039 -0.137487 0.741187
-0.528650 -0.326642 0.937909
-0.198099 -0.352110 1.605326
-0.200766 -0.425646 1.449857
-0.479762 -0.193300 0.913495
-0.106998 -0.341326 1.494715
-0.162164 -0.064451 0.614774
-0.671853 -0.188353 1.027227
-0.074487 -0.354968 1.068810
-0.144552 -0.080701 0.667410
-0.040513 -0.087365 0.434086
-0.205901 -0.086798 0.690546
-0.376842 -0.114337 0.793730
-0.041613 -0.146604 0.529038
-0.275640 -0.076850 0.662193
-0.076567 -0.232265 0.831552
-0.178149 -0.100671 0.724682
-0.214305 -0.053139 0.585662
-0.072684 -0.344982 1.038163
-0.254791 -0.104244 0.739384
-0.197119 -0.082980 0.678395
-0.786447 -0.401175 1.245230
-0.318662 -0.130061 0.830485
-0.088023 -0.243091 0.871948
-0.190609 -0.080761 0.647820
-0.092293 -0.125865 0.597657
-0.197439 -0.046154 0.569027
-0.349095 -0.066609 0.639702
-0.453925 -0.089882 0.725022
-0.145688 -0.062829 0.613578
-0.240926 -0.063280 0.619953
-0.415121 -0.092851 0.728440
-0.319540 -0.053796 0.610327
-0.620918 -0.207832 1.084595
-0.719184 -0.232022 1.168909
-0.234019 -0.082694 0.673738
-0.312766 -0.068446 0.682961
-0.380884 -0.116334 0.793391
-0.405461 -0.081132 0.713807
-0.258802 -0.083549 0.683903
-0.279039 -0.114080 0.784982
-0.224095 -0.093603 0.708290
-0.114921 -0.130124 0.612708
-0.313562 -0.090377 0.712184
-0.408770 -0.081865 0.715381
-0.155759 -0.446158 1.298364
-0.475823 -0.151009 0.911267
-0.410617 -0.126682 0.845354
-0.451329 -0.108664 0.821980
-0.313275 -0.065330 0.629694
-0.066578 -0.271519 0.883988
-0.170322 -0.061496 0.614841
-0.174253 -0.074254 0.642487
-0.135760 -0.059165 0.593611
-0.474961 -0.112520 0.791846
-0.201677 -0.085036 0.676960
-0.342490 -0.072829 0.655305
-0.377990 -0.114997 0.768250
-0.087428 -0.283459 0.935321
-0.237208 -0.062222 0.614891
-0.385404 -0.117921 0.798688
-0.190987 -0.362840 1.142091
-0.546989 -0.175633 1.019158
-0.101849 -0.370246 1.090579
-0.167459 -0.368466 1.331658
-0.765985 -0.292268 1.400661
-0.765041 -0.355028 1.217154
-0.262561 -0.070142 0.656362
-0.181710 -0.050109 0.573399
-0.421665 -0.087288 0.729034
-0.389783 -0.080710 0.684916
-0.422632 -0.103094 0.773452
-0.104416 -0.125589 0.596862
-0.689909 -0.342936 1.273391
-0.663995 -0.387062 1.270978
-0.361567 -0.183580 0.988848
-0.608218 -0.321992 1.298506
-0.370797 -0.397863 1.191059
-0.584432 -0.337392 1.269177
-0.575121 -0.325243 1.225487
-0.398642 -0.198144 1.041408
-0.281561 -0.268801 0.976937
-0.498757 -0.238035 1.171363
-0.291200 -0.119015 0.798064
-0.159594 -0.066604 0.621852
-0.133684 -0.433296 1.258960
-0.089650 -0.422176 1.201319
-0.179003 -0.418251 1.231980
-0.718328 -0.259165 1.163072
-0.359322 -0.097665 0.733254
-0.099098 -0.130184 0.618248
-0.534426 -0.212718 1.110151
-0.155571 -0.052192 0.575919
-0.167166 -0.154202 0.682652
-0.269114 -0.073970 0.654391
-0.355543 -0.106252 0.764745
-0.427443 -0.087901 0.723986
-0.432268 -0.087754 0.712602
-0.345739 -0.056180 0.610186
-0.301092 -0.047437 0.577007
-0.386016 -0.079049 0.683777
-0.351646 -0.066851 0.643010
-0.107244 -0.047707 0.571833
-0.076255 -0.116512 0.572921
-0.335382 -0.121403 0.810943
-0.307241 -0.111690 0.789322
-0.513104 -0.112585 0.871010
-0.227732 -0.205460 0.899928
-0.236329 -0.263671 0.912655
-0.272198 -0.113527 0.759835
-0.210091 -0.381364 1.158072
-0.586068 -0.233314 1.173436
-0.228354 -0.131161 0.799941
-0.157878 -0.147727 0.660010
-0.583990 -0.140918 0.940985
-0.313054 -0.115271 0.791909
-0.206524 -0.335653 1.154009
-0.145124 -0.355975 1.114529
-0.333589 -0.173083 0.963886
-0.359207 -0.352787 1.221697
-0.231800 -0.228875 0.907100
-0.259958 -0.342269 1.095657
-0.537479 -0.309849 1.337102
-0.383190 -0.289755 1.208848
-0.381918 -0.420565 1.218852
-0.606848 -0.349083 1.530818
-0.768457 -0.345467 1.252961
-0.761875 -0.394077 1.226477
-0.762885 -0.396432 1.231130
-0.765067 -0.397199 1.232624
-0.769055 -0.345583 1.256774
-0.740981 -0.353675 1.284483
-0.733101 -0.357456 1.266685
-0.770668 -0.345100 1.252789
-0.776006 -0.369773 1.281528
-0.729291 -0.352017 1.270494
-0.389930 -0.080864 0.687388
-0.328112 -0.120270 0.798370
-0.658977 -0.210857 1.178221
-0.211159 -0.208837 0.879390
-0.241193 -0.265600 0.927994
-0.458354 -0.157356 0.973166
-0.550248 -0.392437 1.236093
-0.576571 -0.406171 1.283901
-0.778251 -0.360537 1.240546
-0.772009 -0.394164 1.230313
-0.768932 -0.361225 1.247521
-0.768335 -0.394848 1.227987
-0.774037 -0.394721 1.227503
-0.151156 -0.147921 0.656332
-0.526519 -0.210536 1.095139
-0.158035 -0.151463 0.670155
-0.099388 -0.391057 1.229882
-0.287350 -0.222361 1.000500
-0.160581 -0.441680 1.285105
-0.303826 -0.400470 1.280846
-0.392195 -0.106518 0.773204
-0.273976 -0.384135 1.184139
-0.312978 -0.397857 1.213642
-0.142909 -0.373912 1.224790
-0.138676 -0.364173 1.192994
-0.128857 -0.436748 1.269908
-0.232343 -0.062373 0.615525
-0.321426 -0.045934 0.584133
-0.265562 -0.042654 0.564558
-0.292138 -0.044665 0.592477
-0.353062 -0.068317 0.641913
-0.060484 -0.053729 0.585087
-0.765077 -0.324202 1.261173
-0.167065 -0.383598 1.127835
-0.439436 -0.137911 0.867161
-0.147245 -0.073962 0.638416
-0.147922 -0.395045 1.302969
-0.208530 -0.087598 0.685071
-0.669762 -0.356507 1.090970
-0.661481 -0.393638 1.264942
-0.657022 -0.376250 1.251244
-0.683105 -0.301588 1.247039
-0.239003 -0.061143 0.627693
-0.054079 -0.099576 0.490845
-0.370008 -0.058199 0.623610
-0.119074 -0.044696 0.563071
-0.120799 -0.053053 0.582193
-0.056775 -0.108701 0.541924
-0.041701 -0.148990 0.537588
-0.352303 -0.056812 0.617069
-0.104040 -0.132256 0.639553
-0.309465 -0.049199 0.592529
-0.153263 -0.065137 0.636090
-0.128217 -0.159805 0.713604
-0.246399 -0.094616 0.720199
-0.279430 -0.079063 0.661933
-0.450847 -0.102742 0.767085
-0.618230 -0.300620 1.337191
-0.614156 -0.325491 1.311474
-0.338765 -0.411959 1.223437
-0.702524 -0.192134 1.139454
-0.615740 -0.139661 0.980925
-0.697913 -0.252738 1.132084
-0.719675 -0.270665 1.201942
-0.357524 -0.068121 0.650221
-0.763808 -0.365960 1.253417
-0.858833 -0.316240 1.403675
-0.123935 -0.433362 1.260334
-0.692147 -0.374766 1.270250
-0.289008 -0.223509 1.002999
-0.111945 -0.136436 0.654618
-0.686792 -0.391143 1.281081
-0.380952 -0.076139 0.680449
-0.190445 -0.460762 1.287234
-0.370395 -0.073625 0.666639
-0.130982 -0.138119 0.646110
-0.483364 -0.272198 1.512197
-0.571817 -0.416507 1.318352
-0.647705 -0.439970 1.478877
-0.476932 -0.192030 0.907884
-0.329163 -0.452742 1.307816
-0.321486 -0.334709 1.197341
-0.775058 -0.378804 1.233826
-0.762983 -0.379872 1.240432
-0.764702 -0.396651 1.230963
-0.173508 -0.059763 0.609879
-0.711218 -0.357221 1.284883
-0.783168 -0.342684 1.243426
-0.720120 -0.354250 1.275867
-0.732493 -0.348487 1.254319
-0.745340 -0.348189 1.258168
-0.765703 -0.343511 1.243209
-0.942778 -0.242388 1.268920
-0.678337 -0.379395 1.271305
-1.331688 -0.324037 1.524584
-0.761374 -0.296329 1.266163
-0.673532 -0.383394 1.285814
-0.679946 -0.390248 1.282836
-0.702625 -0.381729 1.279449
-0.786387 -0.406459 1.258800
-0.847713 -0.261580 1.282665
-0.697177 -0.419565 1.263728
-0.756921 -0.396800 1.232575
-0.703182 -0.378768 1.280256
-0.708961 -0.286854 1.296409
-0.463282 -0.106681 0.780023
-0.478759 -0.417902 1.219751
-0.614360 -0.387901 1.510184
-0.599187 -0.462259 1.374686
-0.573154 -0.414429 1.276003
-0.531297 -0.400912 1.222679
-0.537634 -0.408533 1.210363
-0.571330 -0.331168 1.444075
-0.497823 -0.362832 1.219224
-0.767719 -0.398879 1.236504
-0.454392 -0.384061 1.197747
-0.564788 -0.307623 1.383096
-0.493317 -0.396381 1.212829
-0.493225 -0.428760 1.236093
-0.522203 -0.410143 1.215827
-0.443572 -0.391999 1.191076
-0.515948 -0.437146 1.259856
-0.374897 -0.352725 1.165715
-0.681677 -0.309680 1.242264
-0.377388 -0.343545 1.181122
-0.274196 -0.248055 0.944340
-0.339102 -0.447328 1.269335
-0.456651 -0.140022 0.996475
-0.484524 -0.089166 0.992164
-0.319182 -0.071608 0.636629
-0.075636 -0.241121 0.858225
-0.172709 -0.130731 0.692623
-0.692415 -0.387497 1.275913
-0.222834 -0.375927 1.142559
-0.415646 -0.128924 0.843043
-0.145735 -0.453650 1.319502
-0.216515 -0.126487 0.802639
-0.656636 -0.384208 1.270541
-0.585146 -0.330796 1.248025
-0.275129 -0.238522 1.047654
-0.630487 -0.395709 1.287086
-0.165414 -0.152390 0.678090
-0.344355 -0.139026 0.868641
-0.263141 -0.382981 1.126698
-0.306695 -0.194884 0.987511
-0.245721 -0.202309 0.957823
-0.722579 -0.270647 1.328820
-0.360993 -0.145901 0.891663
-0.633459 -0.279321 1.276592
-0.512480 -0.163658 0.979053
-0.337292 -0.333129 1.138491
-0.496255 -0.319155 1.224499
-0.225081 -0.191995 0.913422
-0.412284 -0.158276 0.992426
-0.386789 -0.425745 1.236651
-0.074764 -0.354701 1.066808
-0.120978 -0.053281 0.585041
-0.141932 -0.259066 1.608878
-0.140401 -0.299661 1.660099
-0.526937 -0.315679 1.273444
-0.451474 -0.316703 1.533427
-0.302237 -0.292291 1.206314
-0.455561 -0.180076 1.338784
-0.501343 -0.341643 1.006891
-0.428627 -0.201652 1.399015
-0.245439 -0.223013 1.487911
-0.625377 -0.383328 1.270253
-0.663583 -0.392332 1.281476
-0.519624 -0.394045 1.227494
-0.586932 -0.235102 1.189934
-0.755347 -0.395266 1.228204
-0.550665 -0.406806 1.258738
-0.766288 -0.328963 1.265840
-0.805018 -0.297387 1.295548
-0.502171 -0.388200 1.208398
-0.540840 -0.391646 1.220888
-0.527344 -0.395274 1.220921
-0.375235 -0.111450 0.804243
-0.143014 -0.367042 1.203760
-0.684516 -0.423429 1.223777
-0.206485 -0.380067 1.221721
-0.197141 -0.203794 0.791351
-0.463356 -0.148621 0.889326
-0.809742 -0.426798 1.309578
-0.272379 -0.112042 0.774350
-0.388504 -0.119003 0.803641
-0.341252 -0.062215 0.628927
-0.192699 -0.404247 1.185981
-0.101215 -0.121000 0.570281
-0.198082 -0.420983 1.238219
-0.197755 -0.386917 1.243667
-0.236149 -0.098558 0.722128
-0.563819 -0.184298 1.023968
-0.193332 -0.352360 1.134286
-0.371473 -0.150437 0.898430
-0.286220 -0.400179 1.217730
-0.262087 -0.276663 1.008800
-0.388506 -0.157126 0.917426
-0.314150 -0.090525 0.712701
-0.291393 -0.090945 0.710441
-0.243823 -0.257192 0.935763
-0.282019 -0.081956 0.679895
-0.080203 -0.293333 0.960569
-0.073017 -0.247223 0.850471
-0.326364 -0.072359 0.651006
-0.320706 -0.068466 0.638796
-0.779557 -0.332214 1.284957
-0.385305 -0.156104 0.934770
-0.168024 -0.072199 0.667713
-0.164997 -0.174009 0.667145
-0.100771 -0.120055 0.562709
-0.696088 -0.392444 1.267229
-0.072673 -0.245170 0.843960
-0.161178 -0.426776 1.223078
-0.114557 -0.129655 0.609617
-0.064544 -0.233765 0.828083
-0.229914 -0.058844 0.607122
-0.293588 -0.058729 0.618649
-0.172104 -0.056451 0.589816
-0.624086 -0.384793 1.273639
-0.179725 -0.136343 0.722148
-0.452206 -0.381702 1.190060
-0.516096 -0.411016 1.221768
-0.980423 -0.374864 1.386007
-1.205244 -0.577304 1.636688
-0.394677 -0.334037 1.153941
-0.443420 -0.396320 1.180226
-0.459369 -0.356000 1.223984
-0.409067 -0.347609 1.158498
-0.459655 -0.294783 1.224503
-0.478372 -0.414462 1.218057
-0.444091 -0.393153 1.188176
-1.074506 -0.520118 1.485347
-0.456968 -0.219716 1.146740
-0.428919 -0.387543 1.207208
-1.011403 -0.433060 1.407070
-0.383260 -0.324402 1.120623
-1.087073 -0.526670 1.501047
-0.281620 -0.269240 0.978733
-0.328663 -0.205039 1.034997
-0.320214 -0.146140 0.879489
-0.111025 -0.072908 0.637744
-0.218966 -0.288967 0.977108
-0.696309 -0.390390 1.266342
-0.113408 -0.427823 1.222187
-0.653073 -0.433666 1.185939
-0.234752 -0.133786 0.825287
-0.227814 -0.130874 0.812872
-0.320716 -0.130360 0.835739
-0.271425 -0.120893 0.787832
-0.322471 -0.406292 1.237598
-0.139422 -0.139784 0.643837
-0.467103 -0.097586 0.792976
-0.210160 -0.184721 1.449354
-0.461388 -0.238202 1.509794
-0.500458 -0.318822 1.266192
-0.182561 -0.166602 1.306919
-0.239967 -0.345755 1.292140
-0.250738 -0.376723 1.281705
-0.484058 -0.188899 0.905472
-0.520944 -0.321417 0.925491
-0.764282 -0.345546 1.252845
-0.770859 -0.360501 1.244593
-0.341826 -0.240586 1.519396
-0.511984 -0.211254 0.929003
-0.448693 -0.160002 0.814173
-0.105298 -0.331062 1.470409
-0.479619 -0.121683 1.136064
-0.127784 -0.105134 1.125383
-0.461827 -0.182252 0.774035
-0.195568 -0.172887 1.337589
-0.640645 -0.422310 1.309491
-1.112835 -0.333648 1.542161
-0.778127 -0.359911 1.240671
-0.890016 -0.331238 1.293591
-1.442497 -0.334326 1.791416
-1.355743 -0.403223 1.747096
-0.696265 -0.313868 1.290275
-0.083429 -0.267073 0.889155
-0.244201 -0.094928 0.718114
-0.274589 -0.112876 0.777427
-0.144341 -0.062333 0.604110
-0.692985 -0.370226 1.257541
-0.445511 -0.178829 0.999052
-0.200764 -0.305850 1.107186
-0.510314 -0.163699 0.966203
-0.379669 -0.153608 0.918938
-0.242803 -0.251264 0.981773
-0.692401 -0.314914 1.262851
-0.710736 -0.302485 1.177819
-0.695904 -0.381949 1.263557
-0.197242 -0.118649 0.764521
-0.428698 -0.155890 0.767808
-0.777886 -0.340443 1.231928
-0.748363 -0.347934 1.258655
-0.762706 -0.345674 1.253261
-0.761833 -0.346591 1.257753
-0.763273 -0.386171 1.210464
-0.710479 -0.357061 1.284197
-0.766507 -0.343890 1.245132
-0.689635 -0.312209 1.260248
-0.664831 -0.392522 1.280593
-0.731180 -0.273819 1.219853
-0.412344 -0.165426 0.958995
-0.309665 -0.163279 0.912836
-0.256354 -0.204855 1.000362
-0.332542 -0.098122 0.732940
-0.091368 -0.186041 0.670060
-0.122080 -0.397526 1.183221
-0.180673 -0.151531 0.714045
-0.187290 -0.270960 0.998903
-0.147838 -0.450366 1.310117
-0.214083 -0.352979 1.213315
-0.203572 -0.358678 1.262313
-0.111153 -0.429675 1.221121
-0.203295 -0.377608 1.143917
-0.697843 -0.387126 1.253346
-0.266443 -0.231881 1.382321
-0.463060 -0.266413 0.922977
-0.465434 -0.267994 0.927408
-0.165883 -0.512222 1.611757
-0.164418 -0.477919 1.560256
-0.504926 -0.209236 1.425117
-0.306987 -0.271671 1.220338
-0.477996 -0.187260 0.904452
-0.449830 -0.169223 0.826043
-0.392096 -0.270892 1.498967
-0.438289 -0.345262 1.204324
-0.430430 -0.344100 1.176792
-0.312138 -0.411431 1.236589
-0.321696 -0.448322 1.304753
-0.343192 -0.599843 1.656619
-0.316685 -0.439773 1.282451
-0.698585 -0.361909 1.109213
-0.408013 -0.164481 0.949154
-0.664211 -0.379409 1.263896
-0.448814 -0.179764 1.005803
-0.151394 -0.149120 0.670395
-0.549465 -0.339370 1.320113
-0.345343 -0.280614 1.222759
-0.501986 -0.239757 1.105968
-0.410317 -0.168847 1.311732
-0.677396 -0.391725 1.293065
-0.686216 -0.384974 1.286822
-0.687944 -0.381537 1.281062
-0.542725 -0.313877 0.880669
-0.448425 -0.178926 0.825446
-0.400294 -0.100626 0.682766
-0.454018 -0.188033 0.734363
-0.358574 -0.074206 0.662015
-0.188535 -0.079845 0.658780
-0.230717 -0.059863 0.603212
-0.416124 -0.104467 0.763830
-0.660758 -0.392933 1.266118
-0.207785 -0.381337 1.229047
-0.676616 -0.301535 1.236992
-0.222315 -0.093229 0.702100
-0.431109 -0.106742 0.787688
-0.095007 -0.125065 0.598232
-0.671664 -0.434847 1.284086
-0.195194 -0.118142 0.755506
-0.333144 -0.108047 0.783837
-0.158724 -0.148245 0.664652
-0.156760 -0.150490 0.661623
-0.267111 -0.300359 1.044034
-0.351731 -0.350770 1.209041
-0.185335 -0.158742 0.753256
-0.646059 -0.368009 1.215599
-0.339179 -0.072218 0.650008
-0.712989 -0.317648 1.294468
-0.229597 -0.456325 1.262082
-0.061759 -0.444026 1.494158
-0.163713 -0.498159 1.557784
-0.129337 -0.493374 1.542472
-0.167677 -0.482907 1.577482
-0.315731 -0.181674 1.337142
-0.157041 -0.170041 0.638506
-0.600872 -0.324530 1.463723
-0.326992 -0.417071 1.240822
-0.280655 -0.217714 0.969247
-0.590277 -0.240853 1.163067
-0.615853 -0.382191 1.260405
-0.215350 -0.438193 1.296531
-0.299607 -0.086377 0.676875
-0.107484 -0.258401 0.936032
-0.711790 -0.324680 1.294006
-0.816574 -0.380822 1.192871
-0.814526 -0.376862 1.192177
-0.731737 -0.381866 1.245470
-0.776101 -0.361082 1.240643
-0.777192 -0.361501 1.240981
-0.654353 -0.264851 1.264717
-0.295155 -0.085668 0.665371
-0.326776 -0.092861 0.740769
-0.101218 -0.243509 0.874064
-0.190438 -0.361802 1.141677
-0.554997 -0.303577 1.262693
-0.237434 -0.415919 1.223967
-0.327910 -0.270124 1.248474
-0.431647 -0.146773 1.192166
-0.631170 -0.364413 1.448489
-0.432849 -0.138436 0.771055
-0.401106 -0.275049 1.472562
-0.746243 -0.382214 1.245722
-0.774390 -0.394265 1.227578
-0.743121 -0.388284 1.239339
-0.428394 -0.117939 0.719429
-0.429305 -0.138086 0.750924
-0.467696 -0.143445 0.736168
-0.453174 -0.136823 0.733651
-0.753799 -0.347119 1.257471
-0.756569 -0.362800 1.248559
-0.755902 -0.349493 1.255440
-0.767318 -0.395825 1.230323
-0.491416 -0.375129 1.192247
-0.486471 -0.354736 1.189031
-0.514669 -0.413119 1.251595
-0.494306 -0.394802 1.198924
-0.167059 -0.441475 1.290049
-0.227818 -0.145421 0.803609
-0.210483 -0.273527 0.927028
-0.412492 -0.127658 0.835622
-0.292515 -0.408097 1.238558
-0.767387 -0.362105 1.241569
-0.292871 -0.273076 0.988751
-0.569927 -0.322460 1.215290
-0.375382 -0.377724 1.221150
-0.608052 -0.336976 1.500276
-0.205945 -0.267799 0.907693
-0.403491 -0.447420 1.337433
-0.371838 -0.289188 1.202050
-0.352592 -0.338725 1.174963
-0.378752 -0.396705 1.164072
-0.378980 -0.397001 1.164969
-0.356201 -0.290675 1.226794
-0.363660 -0.283152 1.173258
-0.358449 -0.307979 1.171899
-0.410696 -0.350682 1.188008
-0.372240 -0.322233 1.226209
-0.362249 -0.329783 1.136310
-0.362506 -0.311590 1.177049
-0.373981 -0.333701 1.173571
-0.420453 -0.361657 1.186465
-0.433925 -0.391844 1.199773
-0.389007 -0.336672 1.161868
-0.379438 -0.286651 1.193487
-0.779266 -0.344081 1.252975
-0.773870 -0.342360 1.240475
-0.676707 -0.392325 1.291984
-0.675799 -0.391745 1.294075
-0.681030 -0.389560 1.287485
-0.673250 -0.394995 1.293553
-0.675147 -0.386772 1.300332
-0.776007 -0.405529 1.249891
-0.768544 -0.344464 1.249552
-0.743332 -0.387953 1.238560
-0.625851 -0.477008 1.485005
-0.514669 -0.303780 1.270805
-0.422491 -0.302054 1.263213
-0.510850 -0.293707 1.254416
-0.404678 -0.300714 1.261895
-0.541909 -0.333926 1.298411
-0.762376 -0.368394 1.243985
-0.778555 -0.361543 1.244440
-0.752441 -0.398333 1.235086
-0.775142 -0.360503 1.239582
-0.775455 -0.359944 1.239174
-0.729980 -0.351664 1.269252
-0.711857 -0.328759 1.291783
-0.760433 -0.363161 1.247591
-0.718332 -0.354808 1.277591
-0.729592 -0.390328 1.249120
-0.330057 -0.246228 1.524559
-0.511836 -0.170970 0.964900
-0.631166 -0.306176 1.365285
-0.395678 -0.097811 0.746694
-0.103927 -0.252068 0.906827
-0.255808 -0.082925 0.676521
-0.844642 -0.435400 1.333901
-0.175769 -0.074948 0.641018
-0.237212 -0.098709 0.726155
-0.243920 -0.292650 0.990635
-0.329846 -0.172593 0.952301
-0.622433 -0.275016 1.256101
-0.294140 -0.187233 0.985857
-0.264690 -0.145753 0.862383
-0.356704 -0.144381 0.883090
-0.414632 -0.127855 0.842300
-0.238570 -0.099312 0.722856
-0.389850 -0.372593 1.160265
-0.309382 -0.349331 1.201195
-0.301454 -0.338139 1.160015
-0.595484 -0.323786 1.294719
-0.250838 -0.224634 0.924900
-0.251677 -0.343696 1.051861
-0.252678 -0.344440 1.055719
-0.724854 -0.332267 1.205753
-0.524326 -0.168553 0.978761
-0.518361 -0.130598 0.842606
-0.333135 -0.125363 0.825546
-0.372361 -0.111880 0.788845
-0.767493 -0.396055 1.230908
-0.672784 -0.385996 1.265938
-1.252253 -0.298811 1.462591
-0.763341 -0.362599 1.247375
-2.208415 -0.820299 2.237592
-0.759575 -0.361880 1.247640
-0.767054 -0.359973 1.245543
-1.191587 -0.352783 1.571417
-1.340532 -0.401741 1.734169
-0.353725 -0.143904 0.876013
-0.160903 -0.424567 1.217592
-0.470136 -0.242205 1.116719
-0.232022 -0.383637 1.266096
-0.438301 -0.321167 1.276658
-0.547159 -0.255676 1.574726
-0.472210 -0.321003 1.282332
-0.777446 -0.402441 1.244416
-0.680386 -0.390891 1.288326
-0.711664 -0.360538 1.301092
-0.760319 -0.402782 1.242537
-0.668928 -0.392420 1.319311
-0.757965 -0.363425 1.247291
-0.758185 -0.346034 1.253973
-0.768949 -0.356800 1.245746
-0.729365 -0.399967 1.244801
-0.547318 -0.414742 1.251415
-0.532946 -0.372409 1.245270
-0.503531 -0.391241 1.230770
-0.536284 -0.375625 1.192173
-0.550569 -0.400003 1.245871
-0.169856 -0.185263 0.705941
-0.690527 -0.388370 1.302261
-0.696742 -0.373132 1.143615
-0.507486 -0.209041 1.427974
-0.491937 -0.305656 1.264203
-0.109031 -0.373094 1.470409
-0.491264 -0.318037 1.379614
-0.633134 -0.396262 1.287522
-0.724030 -0.381979 1.174595
-0.380494 -0.295745 1.225111
-0.778180 -0.361104 1.241790
-0.776109 -0.344079 1.249175
-0.784264 -0.342068 1.243141
-0.674609 -0.376877 1.202038
-0.691487 -0.363982 1.173592
-0.692272 -0.335306 1.208068
-0.696911 -0.335299 1.199649
-0.685296 -0.357934 1.204222
-0.680419 -0.363056 1.206474
-0.257779 -0.142376 0.842679
-0.436575 -0.099006 0.744649
-0.411685 -0.125430 0.844740
-0.539020 -0.254003 1.242850
-0.292682 -0.390347 1.195222
-0.388016 -0.229129 1.121459
-0.447921 -0.360386 1.224591
-0.468750 -0.333154 1.241646
-0.382656 -0.190501 1.037707
-0.696518 -0.376065 1.267513
-0.490701 -0.374691 1.193576
-0.449342 -0.397904 1.208420
-0.770853 -0.406940 1.259202
-0.494910 -0.397501 1.214344
-0.755100 -0.348701 1.256394
-0.792460 -0.382271 1.222760
-0.772507 -0.395028 1.228662
-0.721748 -0.356566 1.149084
-0.662507 -0.399297 1.307305
-0.665520 -0.403930 1.299888
-0.729581 -0.330595 1.105100
-0.677734 -0.398204 1.294962
-0.589265 -0.447333 1.378074
-0.671306 -0.397424 1.298529
-0.558148 -0.459313 1.427257
-0.756920 -0.347050 1.256676
-0.544729 -0.217444 1.119463
-0.712139 -0.282144 1.305434
-0.708824 -0.354818 1.282380
-0.794891 -0.271442 1.342193
-0.704990 -0.390577 1.283235
-0.673410 -0.397005 1.294881
-0.937695 -0.469728 1.435529
-0.765354 -0.366766 1.260067
-0.693998 -0.408835 1.261626
-0.696889 -0.279307 1.333110
-0.760549 -0.267837 1.286554
-0.736859 -0.353388 1.277169
-1.251115 -0.285045 1.580557
-1.661597 -0.420510 1.827316
-1.247545 -0.310983 1.475355
-0.771010 -0.342275 1.238840
-0.756369 -0.346656 1.256660
-0.106467 -0.251913 1.555957
-0.674600 -0.395453 1.291967
-0.712134 -0.392469 1.304055
-0.769570 -0.345462 1.250744
-0.717596 -0.289485 1.308593
-0.279602 -0.153036 0.964148
-0.356770 -0.144895 0.881823
-0.316990 -0.205558 1.033889
-0.270357 -0.373194 1.176060
-0.287542 -0.185532 0.971143
-0.434254 -0.152809 0.926200
-0.661302 -0.292889 1.231007
-0.238538 -0.212588 0.935028
-0.331927 -0.172168 0.959189
-0.358138 -0.327185 1.167848
-0.393671 -0.376250 1.169848
-0.369012 -0.339161 1.160686
-0.416684 -0.373903 1.165686
-0.313886 -0.353379 1.112540
-0.410132 -0.434604 1.257408
-0.340541 -0.384778 1.165734
-0.344550 -0.381740 1.167283
-0.604032 -0.344046 1.489532
-1.031236 -0.367803 1.561667
-0.510064 -0.418455 1.242047
-0.525624 -0.408990 1.216998
-0.332155 -0.412841 1.218390
-0.548492 -0.444955 1.285121
-0.510711 -0.409471 1.247166
-0.591873 -0.470701 1.391901
-0.164834 -0.434597 1.247389
-0.275520 -0.113045 0.811629
-0.506485 -0.293923 1.254843
-0.262683 -0.422894 1.227957
-0.179717 -0.420742 1.239052
-0.262875 -0.401209 1.192063
-0.225640 -0.397154 1.252900
-0.637760 -0.396121 1.361206
-0.346984 -0.381314 1.160397
-0.364597 -0.431420 1.275241
-0.175001 -0.111406 0.708846
-0.347972 -0.379281 1.192977
-0.323504 -0.453926 1.333648
-0.371923 -0.433761 1.293559
-0.212107 -0.382722 1.152434
-0.758542 -0.360442 1.239055
-0.707581 -0.358360 1.284603
-0.817982 -0.333722 1.211838
-0.736655 -0.351399 1.270363
-0.776255 -0.360991 1.239648
-0.759845 -0.397607 1.232949
-0.764331 -0.346521 1.252552
-0.747418 -0.348671 1.262527
-0.346243 -0.392057 1.231794
-0.295309 -0.091242 0.719244
-0.681956 -0.527253 1.455135
-0.361610 -0.105431 0.775963
-0.151946 -0.233397 0.872386
-0.664006 -0.442120 1.261447
-0.174773 -0.098473 0.710503
-0.339414 -0.274729 1.146989
-0.288623 -0.357853 1.073346
-0.323414 -0.371143 1.110809
-0.725325 -0.348805 1.260227
-0.309922 -0.316619 1.091254
-0.332856 -0.342732 1.181452
-0.487919 -0.335441 1.117896
-0.563179 -0.414851 1.279232
-0.532296 -0.401487 1.231148
-0.533060 -0.447294 1.313327
-0.585049 -0.311502 1.251182
-0.664732 -0.379628 1.273336
-0.418019 -0.098344 0.783150
-0.275380 -0.182986 0.951603
-0.524157 -0.119287 0.862586
-0.770219 -0.254539 1.305602
-0.332518 -0.464682 1.352466
-0.268309 -0.268407 1.049846
-0.200655 -0.401554 1.181232
-0.429989 -0.389771 1.193762
-0.774341 -0.394924 1.229416
-0.461125 -0.418620 1.224433
-0.708792 -0.318615 1.288094
-0.509377 -0.425607 1.288092
-0.874780 -0.312937 1.405377
-0.420215 -0.329503 1.169062
-1.079038 -0.522050 1.490200
-0.490523 -0.398438 1.223794
-0.436302 -0.386306 1.180766
-0.439903 -0.364374 1.211371
-0.373276 -0.390455 1.162308
-0.556651 -0.134834 0.972914
-0.214108 -0.250345 0.872553
-0.312128 -0.126254 0.830587
-0.271240 -0.262043 0.945607
-0.347392 -0.379172 1.191459
-0.232850 -0.196134 0.936043
-0.276291 -0.147307 0.910145
-0.276486 -0.147568 0.912396
-0.249625 -0.227987 0.921731
-0.225501 -0.232276 0.901865
-0.223575 -0.192368 0.917950
-0.242919 -0.196290 0.939879
-0.210524 -0.208395 0.876960
-0.496942 -0.219723 0.873880
-0.512473 -0.276847 0.855736
-0.511705 -0.278928 0.863602
-0.442084 -0.088364 1.064337
-0.481250 -0.190809 0.911782
-0.481068 -0.167104 0.915735
-0.555230 -0.317742 0.903784
-0.771029 -0.360678 1.243267
-0.773433 -0.396901 1.232795
-0.785587 -0.344085 1.249542
-0.774342 -0.396204 1.231561
-0.372252 -0.458498 1.296375
-0.326478 -0.453168 1.322505
-0.305892 -0.448720 1.303653
-0.740237 -0.355672 1.218229
-0.683502 -0.444482 1.239532
-0.767007 -0.469821 1.364709
-0.647454 -0.415862 1.241314
-0.691096 -0.386747 1.272076
-0.275740 -0.264144 0.957634
-0.370379 -0.150287 0.898326
-0.654852 -0.129154 1.039747
-0.362385 -0.112761 0.807707
-0.590686 -0.184167 1.082465
-0.636909 -0.389619 1.293199
-0.482747 -0.340371 1.462121
-0.398269 -0.157504 0.959079
-0.236367 -0.242284 0.938021
-0.523183 -0.208914 1.088144
-0.340077 -0.218166 1.115625
-0.269365 -0.246634 0.941627
-0.278623 -0.413129 1.211501
-0.476252 -0.149047 0.922655
-0.455139 -0.139195 0.901917
-0.378582 -0.100470 0.769794
-0.492721 -0.116641 0.817677
-0.235794 -0.241795 0.934804
-0.123521 -0.131210 0.609155
-0.240904 -0.342044 1.186824
-0.223639 -0.379752 1.153912
-0.425326 -0.380323 1.184348
-1.029911 -0.492126 1.414039
-0.450256 -0.376483 1.174420
-0.537368 -0.412317 1.234143
-0.487584 -0.381746 1.207223
-0.515969 -0.413196 1.242826
-0.497309 -0.399433 1.218856
-0.469987 -0.352521 1.255168
-0.494050 -0.391661 1.219151
-0.575212 -0.418179 1.276098
-0.561987 -0.401795 1.243131
-0.407973 -0.344926 1.194281
-0.419741 -0.342686 1.186448
-0.409957 -0.350212 1.171019
-0.420665 -0.330820 1.141382
-0.420300 -0.373330 1.164868
-0.386373 -0.368809 1.148711
-0.477813 -0.166752 0.912259
-0.097285 -0.335289 1.493243
-0.526881 -0.300224 0.890116
-0.753403 -0.401824 1.239893
-0.590906 -0.401640 1.397545
-0.663505 -0.385070 1.314207
-0.559361 -0.414980 1.429349
-0.559255 -0.415175 1.456038
-0.679233 -0.386720 1.292080
-0.691562 -0.390012 1.276507
-0.694243 -0.391056 1.276196
-0.705584 -0.351895 1.267921
-0.635612 -0.423605 1.318565
-0.663273 -0.399101 1.306659
-0.651669 -0.385069 1.333485
-0.642362 -0.385668 1.336026
-0.677988 -0.387727 1.296518
-0.474562 -0.191634 0.901945
-0.481751 -0.148313 0.998195
-0.273083 -0.231903 1.400647
-0.195983 -0.397111 1.143503
-0.189815 -0.350606 1.114220
-0.135089 -0.191869 0.704704
-0.237821 -0.237692 0.946326
-0.366838 -0.107176 0.792672
-0.351449 -0.214187 1.069942
-0.770792 -0.393616 1.227233
-0.756753 -0.363498 1.248763
-0.762517 -0.379362 1.238722
-0.755360 -0.347263 1.257034
-0.735124 -0.351143 1.268981
-0.764599 -0.345548 1.252468
-0.450316 -0.300998 1.261070
-0.456504 -0.320243 1.282929
-0.448056 -0.318008 1.278118
-0.399342 -0.338315 1.194260
-0.338305 -0.273456 1.214726
-0.235952 -0.365601 1.260355
-0.217969 -0.430258 1.241117
-0.230127 -0.403979 1.206284
-0.346169 -0.243290 1.516677
-0.239070 -0.282089 1.248996
-0.307653 -0.278264 1.200907
-0.612718 -0.454276 1.535969
-0.340792 -0.358836 1.163539
-0.497092 -0.313601 1.273985
-0.463401 -0.300141 1.269916
-0.637284 -0.441844 1.511353
-0.771506 -0.393543 1.227192
-0.779552 -0.351826 1.241616
-0.777796 -0.359800 1.241830
-0.761274 -0.330072 1.259075
-0.754650 -0.396986 1.235055
-0.740729 -0.350241 1.264661
-0.550295 -0.109186 0.909161
-0.279419 -0.106145 0.755425
-0.232892 -0.132773 0.815962
-0.348731 -0.383393 1.165967
-0.247711 -0.261746 0.957572
-0.739197 -0.312530 1.283526
-0.593351 -0.177642 1.111014
-0.412299 -0.148611 0.936901
-0.297709 -0.121358 0.806192
-0.228264 -0.205855 0.902209
-0.210235 -0.201404 0.881423
-0.255611 -0.354488 1.078514
-0.726991 -0.267540 1.194533
-0.379485 -0.409640 1.224859
-0.377013 -0.379455 1.222979
-0.320924 -0.398895 1.212469
-0.208108 -0.347280 1.014621
-0.388874 -0.109376 0.825783
-0.207962 -0.123122 0.771533
-0.589508 -0.413496 1.276348
-0.284023 -0.392241 1.193307
-0.389610 -0.397545 1.192509
-0.587055 -0.379067 1.282816
-0.265987 -0.355018 1.128908
-0.296678 -0.198682 0.993706
-0.589208 -0.233728 1.180019
-0.216175 -0.279277 0.931335
-0.426899 -0.130128 0.727832
-0.088125 -0.065648 0.995544
-0.149642 -0.125500 1.212795
-0.230230 -0.069466 0.989068
-0.762485 -0.395137 1.232168
-0.786535 -0.344112 1.250966
-0.762927 -0.380570 1.242134
-1.111797 -0.295119 1.460362
-1.172558 -0.308742 1.525673
-0.707172 -0.353051 1.272701
-1.168441 -0.315827 1.526767
-0.278867 -0.151603 1.268349
-0.255768 -0.084577 1.085379
-0.471634 -0.183742 0.854992
-0.166477 -0.463833 1.557212
-0.257706 -0.160199 1.239144
-0.104576 -0.330410 1.467986
-0.429214 -0.114611 0.681470
-0.350524 -0.281756 1.258361
-0.361557 -0.294987 1.198274
-0.514366 -0.282221 1.257974
-0.243576 -0.293053 1.248195
-0.247389 -0.380054 1.278474
-0.506557 -0.277292 1.300356
-0.455333 -0.302607 1.269582
-0.539016 -0.358964 1.203723
-0.240840 -0.291953 1.644539
-0.447639 -0.306446 1.266224
-0.708184 -0.356529 1.284729
-0.680230 -0.407270 1.278221
-0.694842 -0.415663 1.270588
-0.758211 -0.355108 1.251570
-0.153573 -0.451222 1.341901
-0.165099 -0.167518 0.662901
-0.683806 -0.386832 1.288556
-0.678066 -0.390611 1.292451
-0.485690 -0.264145 0.821012
-0.509676 -0.314868 0.904397
-0.261403 -0.148968 1.242445
-0.450375 -0.178719 0.830315
-0.515370 -0.150525 1.068826
-0.372763 -0.347845 1.146748
-0.227616 -0.224312 0.923164
-0.411361 -0.165011 0.956481
-0.482834 -0.150607 0.934804
-0.555798 -0.390986 1.237247
-0.330778 -0.410774 1.247487
-0.603043 -0.448864 1.333425
-0.393766 -0.413675 1.210804
-0.377490 -0.402017 1.218343
-0.542947 -0.338933 1.453458
-0.386079 -0.412661 1.209757
-0.200057 -0.200631 0.884372
-0.645233 -0.156617 1.080914
-0.228043 -0.164467 0.903465
-0.273856 -0.147466 0.900964
-0.690321 -0.153483 1.081209
-0.629042 -0.126455 1.004358
-0.269806 -0.146239 0.883957
-0.767575 -0.360580 1.244279
-0.738502 -0.349194 1.262181
-0.733179 -0.351401 1.268765
-0.372746 -0.350318 1.156545
-0.708817 -0.357041 1.283757
-0.706359 -0.390474 1.265594
-0.764677 -0.343929 1.244731
-0.817874 -0.334332 1.209913
-0.792594 -0.363457 1.228784
-1.612715 -0.371283 1.792226
-0.802578 -0.250887 1.268901
-0.870947 -0.262068 1.310432
-1.065214 -0.267113 1.398736
-0.911722 -0.278018 1.329921
-0.694831 -0.378709 1.258614
-1.026024 -0.257379 1.355690
-0.570055 -0.429646 1.264729
-0.586136 -0.438238 1.299026
-0.579015 -0.358376 1.549259
-0.722267 -0.261041 1.170987
-0.536100 -0.114812 0.904456
-0.274071 -0.111094 0.781852
-0.365218 -0.147019 0.897159
-0.412303 -0.443131 1.250607
-0.618455 -0.382052 1.269657
-0.393524 -0.376343 1.171134
-0.385828 -0.419027 1.223122
-0.285048 -0.151090 0.922768
-0.273162 -0.323562 1.092346
-0.282819 -0.217184 0.979973
-0.281849 -0.234125 0.963802
-0.276191 -0.262325 0.952948
-0.292066 -0.278044 1.113440
-0.746782 -0.389161 1.241224
-0.141150 -0.293348 1.625660
-0.435492 -0.199766 1.409399
-0.216396 -0.188947 1.512801
-0.436143 -0.086917 1.048430
-0.420017 -0.121866 0.706732
-0.433296 -0.173822 0.798624
-0.603743 -0.377454 1.239063
-0.426325 -0.369004 1.212794
-0.431062 -0.350474 1.211020
-0.424747 -0.380671 1.185329
-0.519846 -0.408157 1.236832
-0.529077 -0.434402 1.303874
-0.568649 -0.437105 1.287429
-0.525123 -0.384815 1.215464
-0.549815 -0.406747 1.258919
-0.146911 -0.490316 1.554625
-0.468844 -0.201979 1.321022
-0.245761 -0.220197 1.536735
-0.540818 -0.277381 1.084013
-0.554284 -0.275871 1.170049
-0.544311 -0.394528 1.135318
-0.326967 -0.268714 1.240744
-0.562840 -0.305285 1.276022
-0.344193 -0.178243 1.355920
-0.245514 -0.311499 1.270497
-0.167204 -0.507390 1.602155
-0.786636 -0.329468 1.264569
-0.680473 -0.388490 1.264527
-0.774774 -0.292830 1.264575
-0.773860 -0.393712 1.228028
-0.774762 -0.378641 1.232982
-0.768429 -0.396683 1.231397
-0.757059 -0.346800 1.256837
-0.757255 -0.397122 1.233808
-0.298690 -0.504665 1.393999
-0.125829 -0.135110 0.632542
-0.697448 -0.382505 1.263788
-0.337160 -0.428780 1.305149
-0.274124 -0.262314 0.951546
-0.272789 -0.249993 0.955405
-0.312149 -0.406573 1.272637
-0.213871 -0.437075 1.264642
-0.584146 -0.477445 1.374184
-0.558265 -0.469920 1.355109
-0.558082 -0.462964 1.335862
-0.397638 -0.380452 1.183000
-0.380495 -0.347155 1.181907
-0.508843 -0.234918 1.081994
-0.228452 -0.354092 1.264637
-0.433811 -0.117238 1.185815
-0.795116 -0.383533 1.301886
-0.228643 -0.308267 1.198188
-0.347371 -0.426843 1.260253
-0.577299 -0.403449 1.248720
-0.544051 -0.393945 1.227608
-0.343366 -0.419109 1.209635
-0.370573 -0.389143 1.184196
-0.266864 -0.145272 0.881747
-0.243016 -0.135319 0.855056
-0.468998 -0.165034 1.018823
-0.254991 -0.235053 0.953820
-0.306782 -0.160848 0.939778
-0.248484 -0.219224 0.916269
-0.604652 -0.348311 1.315337
-0.432092 -0.330792 1.401033
-0.617182 -0.350681 1.547599
-0.222495 -0.128737 0.816865
-0.289285 -0.154424 0.913786
-0.379859 -0.452721 1.298556
-0.589791 -0.320938 1.447262
-0.279466 -0.267325 1.580243
-0.552042 -0.385111 1.359125
-0.440937 -0.177007 0.813422
-0.500001 -0.163585 1.183238
-0.477236 -0.226608 0.955801
-0.476061 -0.226097 0.953716
-0.483671 -0.196345 0.973055
-0.472745 -0.311583 0.909220
-0.333565 -0.420044 1.237769
-0.345217 -0.416175 1.237468
-0.519491 -0.414058 1.228348
-0.516696 -0.423973 1.258154
-0.321958 -0.402996 1.202996
-0.391107 -0.412394 1.223998
-0.524442 -0.398293 1.238729
-0.666235 -0.379394 1.273836
-0.438632 -0.392269 1.166946
-0.798720 -0.168389 1.217746
-0.283396 -0.236242 0.971802
-0.315790 -0.396966 1.206335
-0.379428 -0.346321 1.190745
-0.394431 -0.393612 1.195752
-0.349002 -0.428311 1.234352
-0.584102 -0.418792 1.301799
-0.471467 -0.138862 0.987445
-0.930912 -0.474952 1.447130
-0.295333 -0.267661 0.999013
-0.205249 -0.418834 1.239757
-0.333293 -0.342198 1.192383
-0.640016 -0.258401 1.247818
-0.928064 -0.210863 1.234067
-0.506462 -0.237431 1.070492
-0.540822 -0.217031 1.077169
-0.201996 -0.177285 1.364308
-0.207897 -0.422059 1.493671
-0.302975 -0.270000 1.208790
-0.538968 -0.304989 1.273618
-0.562029 -0.414730 1.232899
-0.493853 -0.305875 1.266068
-0.476773 -0.270078 1.494573
-0.576090 -0.445499 1.331068
-0.565391 -0.419103 1.236337
-0.537430 -0.271469 1.086064
-0.098241 -0.305359 1.501439
-0.453063 -0.119526 0.717125
-0.421390 -0.120210 0.694798
-0.085664 -0.067405 0.864448
-0.682290 -0.390465 1.285433
-0.700941 -0.388832 1.273766
-0.700890 -0.384691 1.274639
-0.777292 -0.405257 1.247260
-0.679446 -0.395581 1.286044
-0.681488 -0.392849 1.286267
-0.775679 -0.406938 1.254730
-0.251112 -0.301062 1.303740
-0.220247 -0.377766 1.268257
-0.405446 -0.167332 1.291237
-0.465748 -0.268084 0.926931
-0.346810 -0.430700 1.242904
-0.738773 -0.350681 1.267781
-0.771324 -0.395088 1.227428
-0.776937 -0.361211 1.243731
-0.719390 -0.355889 1.283367
-0.756667 -0.396486 1.231592
-0.696733 -0.409966 1.260023
-0.739936 -0.338116 1.107760
-0.624880 -0.421604 1.331467
-0.759866 -0.328832 1.085863
-0.671492 -0.377543 1.287951
-0.660485 -0.423779 1.301441
-0.695759 -0.335471 1.201732
-0.700285 -0.337108 1.176972
-0.693488 -0.355159 1.183542
-0.684023 -0.372302 1.184452
-0.771431 -0.392433 1.225516
-0.773425 -0.394388 1.227810
-0.773621 -0.393126 1.227559
-0.760321 -0.362283 1.247618
-0.774311 -0.395413 1.228360
-0.722481 -0.353699 1.275831
-0.731684 -0.352174 1.271827
-0.299821 -0.401490 1.231582
-0.355554 -0.433661 1.249638
-0.584856 -0.337630 1.442531
-0.216759 -0.443403 1.310625
-0.686342 -0.390015 1.283890
-0.687881 -0.389167 1.283659
-0.686365 -0.386205 1.285493
-0.687975 -0.389153 1.283918
-0.686630 -0.384011 1.284209
-0.703011 -0.385458 1.269856
-0.676826 -0.377927 1.290023
-0.766346 -0.343441 1.243699
-0.722812 -0.353118 1.270719
-0.733171 -0.357100 1.265313
-0.736071 -0.351193 1.269199
-0.729033 -0.352393 1.272427
-0.714454 -0.356055 1.280727
-0.757261 -0.346937 1.255695
-0.620122 -0.334545 1.349122
-0.551358 -0.258977 1.253856
-0.552342 -0.409800 1.268659
-0.688664 -0.410895 1.285194
-0.668804 -0.386105 1.260642
-0.593362 -0.275807 1.312816
-0.555256 -0.411354 1.263952
-0.698996 -0.387795 1.280523
-0.859160 -0.205262 1.286729
-0.491903 -0.371276 1.181602
-0.546176 -0.389925 1.237673
-0.755593 -0.347594 1.256044
-0.555895 -0.396659 1.236479
-0.966710 -0.418292 1.356434
-0.514054 -0.409096 1.236913
-0.391189 -0.356726 1.280080
-0.508427 -0.342644 1.483071
-0.393069 -0.418774 1.255504
-0.378533 -0.410434 1.225527
-0.594745 -0.418656 1.291405
-0.357365 -0.359162 1.155922
-0.699888 -0.542298 1.504230
-0.353991 -0.391334 1.191534
-0.707132 -0.335391 1.296037
-0.699474 -0.391309 1.267913
-0.750467 -0.346879 1.255351
-0.739553 -0.349906 1.263340
-0.698827 -0.387603 1.272722
-0.735208 -0.350903 1.268502
-0.240761 -0.283323 1.249232
-0.552055 -0.275271 1.166586
-0.308776 -0.143871 1.234388
-0.381098 -0.347024 1.170991
-0.424818 -0.348925 1.216213
-0.604444 -0.464549 1.364722
-0.675377 -0.386317 1.250788
-0.437434 -0.396416 1.211490
-0.394734 -0.402338 1.195459
-0.405947 -0.343512 1.188546
-0.434578 -0.395154 1.203733
-0.473287 -0.435419 1.262290
-0.344433 -0.384405 1.166222
-0.427913 -0.349165 1.207610
-0.353407 -0.284347 1.194394
-0.438126 -0.385701 1.174647
-0.342444 -0.371745 1.169115
-0.419107 -0.376687 1.174394
-0.389188 -0.341096 1.173452
-0.355628 -0.380602 1.164698
-0.769901 -0.359823 1.239841
-0.621242 -0.398409 1.359844
-0.667541 -0.396261 1.307280
-0.618149 -0.399124 1.358303
-0.632645 -0.409221 1.333880
-0.617825 -0.400316 1.364324
-0.619913 -0.398907 1.362271
-0.640159 -0.385626 1.335388
-0.731557 -0.384064 1.233963
-0.758452 -0.401392 1.239827
-0.682423 -0.390923 1.285644
-0.631677 -0.410232 1.336597
-0.643093 -0.404749 1.321849
-0.619158 -0.400198 1.365848
-0.632558 -0.390202 1.352803
-0.666434 -0.397079 1.309787
-0.636362 -0.387842 1.343030
-0.708991 -0.357959 1.274700
-0.763490 -0.396146 1.229913
-0.681804 -0.407668 1.277558
-0.581940 -0.327377 1.441631
-0.321084 -0.361184 1.134040
-0.601030 -0.333600 1.484160
-0.684015 -0.364167 1.259637
-0.697041 -0.372913 1.263868
-0.356936 -0.482422 1.352462
-0.418606 -0.328502 1.165615
-0.501554 -0.316470 1.275857
-0.473935 -0.293093 1.622378
-0.279041 -0.388481 1.206946
-0.291171 -0.262300 0.980505
-0.493303 -0.325057 1.213048
-0.516972 -0.360557 1.279926
-0.454520 -0.308679 1.269303
-0.461821 -0.318734 1.543650
-0.242591 -0.282431 1.253094
-0.483538 -0.124226 0.984383
-0.716473 -0.359070 1.296451
-0.760083 -0.345724 1.252566
-0.762068 -0.392794 1.222713
-0.752272 -0.347280 1.255023
-0.746634 -0.349168 1.264713
-0.766376 -0.393472 1.225276
-0.745177 -0.348775 1.261760
-0.769225 -0.360199 1.244181
-0.687908 -0.262098 1.269585
-0.222411 -0.370780 1.136451
-0.695400 -0.318847 1.265562
-0.240999 -0.289443 1.245748
-0.227633 -0.390969 1.271415
-0.222012 -0.378645 1.275152
-0.458988 -0.144961 0.981340
-0.234717 -0.305823 1.257280
-0.436981 -0.159627 0.781593
-0.557712 -0.313449 0.914183
-1.076315 -0.255400 1.302136
-1.009330 -0.244413 1.331461
-0.660696 -0.375946 1.267873
-0.700888 -0.387791 1.282852
-0.700934 -0.379408 1.291537
-0.722452 -0.342745 1.123010
-0.699734 -0.410575 1.270052
-0.595230 -0.413620 1.396011
-0.757705 -0.363795 1.248213
-0.761239 -0.330115 1.259327
-0.765455 -0.329683 1.265538
-0.774607 -0.395534 1.229049
-0.754999 -0.368255 1.247326
-0.762512 -0.368583 1.244204
-0.444525 -0.175556 0.736046
-0.416524 -0.108084 0.701773
-0.439583 -0.140188 0.743994
-0.442971 -0.113494 0.713602
-0.204772 -0.051740 0.898170
-0.118700 -0.094279 1.144083
-0.477338 -0.162458 0.993570
-0.198525 -0.429539 1.460210
-0.249978 -0.278200 1.640613
-0.529925 -0.332825 0.917355
-0.502718 -0.265087 0.917381
-0.276828 -0.151050 1.263606
-0.088983 -0.565289 1.620868
-0.350923 -0.464221 1.358712
-0.338599 -0.435567 1.297858
-0.367544 -0.440081 1.287908
-0.341722 -0.417527 1.236535
-0.333508 -0.408467 1.215291
-0.730288 -0.386302 1.256614
-0.701941 -0.385138 1.274360
-0.704107 -0.379875 1.270798
-0.709700 -0.356237 1.281741
-0.775241 -0.344197 1.249560
-0.399588 -0.274612 1.464421
-0.497845 -0.237169 1.102347
-0.525248 -0.270475 1.059497
-0.348959 -0.244643 1.550309
-0.243023 -0.328424 1.282846
-0.102255 -0.219762 1.466975
-0.268084 -0.235125 1.383038
-0.146809 -0.487558 1.541720
-0.358211 -0.226484 1.533334
-0.109882 -0.334357 1.456339
-0.696662 -0.374268 1.264965
-0.814516 -0.382794 1.192663
-1.267623 -0.336977 1.629073
-0.769070 -0.345015 1.249485
-0.704171 -0.379542 1.278474
-0.702066 -0.377986 1.273663
-0.761940 -0.296769 1.269423
-0.694370 -0.377102 1.255326
-0.789652 -0.342829 1.238687
-0.775319 -0.360636 1.239602
-1.314276 -0.315514 1.522850
-0.835068 -0.274690 1.274635
-0.754883 -0.397011 1.235125
-0.477356 -0.201184 0.918879
-0.487401 -0.195871 0.982483
-0.455754 -0.145836 0.996290
-0.760754 -0.362898 1.246760
-0.751261 -0.347307 1.257279
-0.772969 -0.343862 1.248996
-0.695985 -0.372422 1.283587
-0.767689 -0.345490 1.252765
-0.702532 -0.390336 1.269364
-0.348009 -0.140744 0.875809
-0.297861 -0.390012 1.247521
-0.412491 -0.371361 1.294642
-0.515266 -0.332124 1.444446
-0.591831 -0.414836 1.280369
-0.662294 -0.494363 1.450416
-0.768785 -0.356614 1.245013
-0.736397 -0.350131 1.265731
-0.101171 -0.378170 1.493698
-0.426522 -0.111260 1.163886
-0.453527 -0.195488 1.001980
-0.274127 -0.239484 1.412924
-0.104479 -0.078668 1.151263
-0.144320 -0.259953 1.610413
-0.474124 -0.169022 0.987658
-0.267978 -0.102264 1.113697
-0.623646 -0.082981 1.268600
-0.729607 -0.390587 1.249590
-0.767552 -0.359901 1.243827
-0.485908 -0.120045 0.993007
-0.248951 -0.377153 1.278973
-0.457820 -0.232846 1.481729
-0.438155 -0.198117 1.082104
-0.213858 -0.406751 1.481281
-0.776095 -0.382599 1.230242
-0.377367 -0.330225 1.136103
-0.439383 -0.158551 0.786086
-0.454612 -0.165858 0.779609
-0.103934 -0.079866 1.090793
-0.515855 -0.150442 0.931429
-0.453536 -0.130261 0.857761
-0.457566 -0.176381 0.777808
-0.456738 -0.180438 0.750327
-0.459592 -0.198874 0.773199
-0.251938 -0.345119 1.053910
-0.331738 -0.172001 0.945377
-0.275799 -0.149180 0.887814
-0.248110 -0.322051 1.034458
-0.760580 -0.365449 1.254104
-0.296631 -0.267085 1.002009
-0.300297 -0.229594 1.060740
-0.327761 -0.336599 1.160090
-0.333634 -0.405404 1.190571
-0.303111 -0.231717 1.073529
-0.351256 -0.301829 1.141839
-0.297111 -0.266591 1.001898
-0.279474 -0.193823 1.274282
-0.558356 -0.304481 1.268312
-0.557713 -0.275411 1.557575
-0.462295 -0.237104 1.509855
-0.491470 -0.092559 1.006308
-0.459023 -0.218298 1.089190
-0.235898 -0.378099 1.282007
-0.482013 -0.308627 1.295797
-0.435564 -0.194328 1.026271
-0.317740 -0.332431 1.278543
-0.494803 -0.311691 1.271787
-0.522055 -0.342682 1.281890
-0.456018 -0.309306 1.271462
-0.524413 -0.285064 1.327794
-0.313051 -0.328388 1.256993
-0.383106 -0.422434 1.214419
-0.391058 -0.413361 1.206973
-0.294669 -0.382715 1.199146
-0.607668 -0.379118 1.245620
-0.685093 -0.363330 1.262384
-0.758094 -0.328919 1.082833
-0.608514 -0.439841 1.344990
-0.638763 -0.425269 1.305788
-0.601796 -0.437918 1.355734
-0.625986 -0.422771 1.322372
-0.718272 -0.344629 1.139909
-0.647273 -0.412335 1.288360
-0.463885 -0.197332 1.027409
-0.522486 -0.232792 1.075137
-0.275803 -0.188109 1.264638
-0.600213 -0.487530 1.514768
-0.195525 -0.622651 1.784844
-0.406896 -0.348039 1.206906
-0.265509 -0.161287 1.251392
-0.359129 -0.253035 1.531728
-0.694703 -0.372639 1.286099
-0.695705 -0.388849 1.285329
-0.733325 -0.381502 1.244500
-0.745433 -0.349316 1.264687
-0.468836 -0.142493 1.001668
-0.374201 -0.198881 1.453335
-0.461484 -0.143393 0.987133
-0.277336 -0.269984 1.592073
-0.459251 -0.163512 1.289223
-0.612111 -0.399925 1.282090
-0.486698 -0.301921 1.264922
-0.556838 -0.353795 1.363681
-0.546308 -0.394333 1.174865
-0.635391 -0.306900 1.377245
-0.796883 -0.199053 1.200233
-1.052612 -0.224563 1.280900
-0.542378 -0.405632 1.256705
-0.528051 -0.360841 1.203931
-1.020488 -0.223799 1.254810
-0.551680 -0.417894 1.243231
-0.530691 -0.387640 1.223247
-0.856982 -0.218536 1.287703
-0.658708 -0.203604 1.184797
-1.022443 -0.277086 1.459301
-0.853486 -0.168039 1.224562
-0.863865 -0.162140 1.234811
-0.642332 -0.203706 1.155393
-0.521736 -0.338135 1.444704
-0.536524 -0.387964 1.208652
-0.526514 -0.369204 1.165876
-0.518101 -0.362698 1.210840
-0.548043 -0.410827 1.271864
-0.541735 -0.405527 1.257288
-0.346660 -0.391743 1.184785
-0.314721 -0.415870 1.248369
-0.264302 -0.394817 1.231285
-0.371301 -0.298282 1.251781
-0.455985 -0.180329 1.354250
-0.645392 -0.370169 1.480475
-0.447053 -0.304912 1.272627
-0.472724 -0.121429 1.121933
-0.110450 -0.375129 1.507194
-0.118928 -0.434508 1.492751
-0.428073 -0.116069 0.726928
-0.224076 -0.262175 1.575190
-0.435574 -0.141081 0.779187
-0.141539 -0.477735 1.570116
-0.129345 -0.436932 1.496095
-0.721540 -0.352341 1.268439
-0.333179 -0.247282 1.541447
-0.167906 -0.479976 1.571000
-0.381465 -0.213925 1.463591
-0.466228 -0.287930 1.259166
-0.236356 -0.354999 1.254258
-0.501763 -0.309981 1.264688
-0.605774 -0.457756 1.367308
-0.184733 -0.161018 1.313834
-0.601781 -0.489310 1.517856
-0.341298 -0.476163 1.350904
-0.187395 -0.162785 1.335088
-0.283646 -0.237325 2.224033
-0.698614 -0.379558 1.268899
-0.664426 -0.381535 1.260627
-0.696591 -0.382278 1.265929
-0.439659 -0.368160 1.150300
-0.495894 -0.416187 1.230213
-0.499580 -0.405038 1.226288
-0.509934 -0.416808 1.221868
-0.500537 -0.240266 0.923075
-0.473859 -0.121661 1.124546
-0.181772 -0.434408 1.250764
-0.239810 -0.296823 1.232713
-0.710011 -0.357547 1.270215
-0.731953 -0.392171 1.228566
-0.759781 -0.363260 1.254199
-0.770310 -0.355939 1.223609
-0.664495 -0.383064 1.308482
-0.678499 -0.387105 1.293634
-0.756523 -0.403349 1.245622
-0.763000 -0.369286 1.247432
-0.598319 -0.396981 1.380553
-0.561642 -0.267890 1.216660
-0.236789 -0.237754 0.944625
-0.414135 -0.441347 1.264240
-0.680112 -0.388325 1.260828
-0.723941 -0.352305 1.268659
-0.720735 -0.354352 1.277150
-0.750090 -0.347657 1.259097
-0.774321 -0.359977 1.238877
-0.768897 -0.344667 1.250691
-0.764803 -0.396284 1.231215
-0.817326 -0.335619 1.215656
-0.714660 -0.356552 1.284676
-0.716196 -0.355891 1.281817
-0.239513 -0.101637 1.124010
-0.237789 -0.069143 1.026539
-0.120380 -0.096388 1.149776
-0.488470 -0.214422 0.826831
-0.509712 -0.210448 0.926611
-0.774316 -0.402922 1.245057
-0.743046 -0.389783 1.242813
-0.737692 -0.378738 1.236931
-0.755053 -0.348797 1.254992
-0.762691 -0.368770 1.244490
-0.759417 -0.213310 1.220161
-0.669114 -0.413468 1.281056
-0.276788 -0.176329 1.254426
-0.228051 -0.403281 1.521983
-0.450480 -0.152958 0.818228
-0.337802 -0.176180 1.342455
-0.477401 -0.312774 0.920654
-0.097925 -0.556989 1.596437
-0.492359 -0.242890 1.035337
-0.484812 -0.316635 1.017032
-0.435338 -0.163004 0.780144
-1.478821 -0.377769 1.641287
-1.089758 -0.337412 1.516790
-1.341140 -0.393110 1.736536
-1.426608 -0.370110 1.838193
-0.707922 -0.321182 1.284467
-1.359685 -0.330260 1.713399
-0.903063 -0.211192 1.340378
-0.617760 -0.395665 1.338445
-0.578211 -0.406194 1.255844
-0.566233 -0.355284 1.217643
-0.561184 -0.326737 1.216326
-0.817908 -0.233909 1.246362
-0.676367 -0.407699 1.231182
-0.883381 -0.275436 1.297957
-1.277915 -0.370167 1.677135
-0.887495 -0.350359 1.285089
-0.999793 -0.263231 1.334738
-0.799330 -0.296413 1.288023
-0.797144 -0.272480 1.343794
-1.299587 -0.357312 1.704059
-0.668926 -0.375144 1.264208
-0.739784 -0.350841 1.268000
-0.651180 -0.379871 1.311603
-0.669374 -0.407194 1.285936
-0.666253 -0.418162 1.285285
-0.678962 -0.384504 1.261485
-0.664333 -0.418493 1.291048
-0.663066 -0.397206 1.308806
-0.764176 -0.344425 1.248105
-0.768357 -0.359276 1.236825
-0.770831 -0.348302 1.267501
-0.781230 -0.341991 1.239996
-0.740117 -0.350038 1.264988
-0.795682 -0.366010 1.236014
-0.757168 -0.363661 1.247673
-0.721775 -0.389207 1.254288
-0.726033 -0.352035 1.270601
-0.754069 -0.380922 1.241461
-0.756930 -0.362426 1.248162
-0.708370 -0.357118 1.282095
-0.721513 -0.354455 1.278211
-0.784146 -0.343277 1.245119
-0.769384 -0.362236 1.247193
-0.764497 -0.346614 1.253115
-0.776729 -0.343381 1.246063
-0.770002 -0.360178 1.240812
-0.773999 -0.344026 1.248508
-0.756452 -0.347497 1.256152
-0.754939 -0.396242 1.231836
-0.726618 -0.353040 1.273606
-1.258727 -0.355322 1.659042
-0.500222 -0.418842 1.219142
-0.477331 -0.347498 1.165613
-0.897610 -0.313832 1.305758
-0.500770 -0.190133 1.116659
-0.546274 -0.256628 1.254475
-0.672887 -0.378679 1.260296
-0.555216 -0.411875 1.258710
-0.852190 -0.229051 1.278827
-0.542489 -0.384853 1.219918
-1.307258 -0.357841 1.713366
-0.714883 -0.228509 1.255561
-0.402646 -0.404994 1.223341
-0.378542 -0.355145 1.171933
-0.580385 -0.310025 1.235921
-0.555056 -0.395184 1.249656
-0.346958 -0.405613 1.207873
-0.549256 -0.404700 1.246189
-0.756550 -0.363285 1.248175
-0.755310 -0.347077 1.256853
-0.761144 -0.330785 1.260977
-0.505941 -0.275302 0.854189
-0.433182 -0.131362 0.759133
-0.465808 -0.091613 1.116524
-0.485988 -0.127411 0.989299
-0.729510 -0.390725 1.249876
-0.384795 -0.349029 1.200250
-0.591370 -0.316228 1.257721
-0.773678 -0.343391 1.245708
-0.738149 -0.351345 1.271219
-0.762670 -0.345893 1.255086
-0.740218 -0.350884 1.269006
-0.771088 -0.342912 1.242944
-0.701302 -0.405597 1.259259
-0.664738 -0.400508 1.307170
-0.661241 -0.384995 1.315985
-0.723704 -0.355905 1.284765
-0.658248 -0.382686 1.323972
-0.662781 -0.378228 1.304152
-0.758284 -0.398639 1.233910
-0.658471 -0.401697 1.314441
-0.901538 -0.353688 1.297882
-1.370819 -0.337813 1.728878
-1.247988 -0.513056 1.606770
-1.230794 -0.511757 1.588779
-0.813194 -0.381978 1.190996
-0.316041 -0.328533 1.176452
-0.557383 -0.256249 1.564696
-0.345694 -0.218842 1.516335
-0.542583 -0.256287 1.179639
-0.311250 -0.327080 1.248938
-0.486740 -0.375262 1.297084
-0.460272 -0.349757 1.290487
-0.228598 -0.430271 1.239307
-0.875301 -0.457383 1.399986
-0.688029 -0.378776 1.259503
-0.922204 -0.462320 1.415583
-0.272670 -0.146329 0.903604
-0.859688 -0.450510 1.378402
-0.778859 -0.361017 1.243960
-0.345587 -0.277994 1.160795
-0.330940 -0.414577 1.224181
-0.390228 -0.416780 1.218926
-0.368897 -0.398718 1.191836
-0.384314 -0.392661 1.186726
-0.319092 -0.398103 1.193204
-0.342632 -0.393683 1.171679
-0.478139 -0.299822 1.266044
-0.637146 -0.276623 1.552932
-0.337151 -0.323397 1.178802
-0.584330 -0.463489 1.343483
-0.377503 -0.309794 1.204074
-0.499625 -0.394226 1.343773
-0.500226 -0.339833 1.003041
-0.396021 -0.271915 1.518942
-0.235152 -0.321015 1.259606
-0.228809 -0.399652 1.262598
-0.105532 -0.323776 1.440696
-0.155686 -0.132142 1.240420
-0.105586 -0.248992 1.529018
-0.452026 -0.144094 0.992308
-0.528286 -0.321545 0.893809
-0.335883 -0.174754 1.342525
-0.515470 -0.225961 1.039082
-0.454823 -0.147886 1.239739
-0.102617 -0.383489 1.480223
-0.118115 -0.355608 1.465418
-0.989886 -0.260515 1.221141
-0.701429 -0.385452 1.272010
-0.703263 -0.388756 1.263774
-0.742574 -0.351156 1.272462
-0.699492 -0.388110 1.271977
-0.702426 -0.386604 1.273030
-0.503624 -0.063531 0.998568
-0.448108 -0.171256 0.826930
-0.503352 -0.170056 0.951700
-0.555425 -0.316953 0.914398
-0.536025 -0.325127 0.911503
-0.428613 -0.213710 0.719807
-0.701383 -0.404769 1.258246
-0.752310 -0.346965 1.255416
-0.761306 -0.345905 1.254927
-0.762483 -0.343731 1.242761
-0.781380 -0.363785 1.256573
-0.862400 -0.344541 1.255803
-0.776119 -0.382638 1.230370
-0.826560 -0.368621 1.206951
-0.817959 -0.334259 1.209880
-0.754082 -0.380858 1.241522
-0.833468 -0.337585 1.226451
-0.748594 -0.347920 1.259571
-0.860024 -0.345228 1.261075
-0.862989 -0.350064 1.255161
-0.769300 -0.344913 1.250206
-0.768285 -0.394488 1.229219
-0.793087 -0.382538 1.223469
-0.744524 -0.381446 1.244769
-0.277744 -0.189757 1.271724
-0.270105 -0.102743 1.123655
-0.456851 -0.143890 0.980351
-0.114956 -0.343538 1.452962
-0.499938 -0.240445 0.924110
-0.488710 -0.210958 0.934909
-0.453295 -0.145053 0.990643
-0.474180 -0.121661 1.124231
-0.451236 -0.173627 0.851755
-0.510973 -0.277065 0.862397
-0.108028 -0.243950 1.486590
-0.536010 -0.465548 1.454733
-0.613986 -0.428156 1.349920
-0.552535 -0.415718 1.285404
-0.513400 -0.336447 1.441287
-0.395161 -0.404561 1.200827
-0.316217 -0.405818 1.212916
-0.321406 -0.421138 1.259544
-0.542585 -0.392554 1.222394
-0.326030 -0.409198 1.244730
-0.392465 -0.399731 1.208679
-0.362265 -0.288548 1.307019
-0.317825 -0.340171 1.200808
-0.312334 -0.283083 1.186263
-0.236405 -0.326005 1.247590
-0.514962 -0.279518 1.249721
-0.232736 -0.348084 1.247152
-0.478425 -0.241012 1.120623
-0.608303 -0.250014 1.532875
-0.482375 -0.198946 1.015617
-0.472441 -0.258341 1.569838
-0.635990 -0.273850 1.547444
-0.429907 -0.328262 1.434398
-0.721753 -0.355731 1.283019
-0.762278 -0.332383 1.260311
-0.776478 -0.361187 1.240583
-0.773941 -0.395528 1.230064
-0.717165 -0.355254 1.278834
-0.773608 -0.344508 1.247424
-0.770947 -0.393506 1.224858
-0.482084 -0.178934 0.917834
-0.241603 -0.293423 1.248214
-0.413125 -0.114338 0.694084
-0.376115 -0.104740 0.633017
-1.833776 -0.423388 2.213410
-0.814319 -0.335790 1.216883
-0.391132 -0.345442 1.215359
-0.545242 -0.425089 1.260824
-0.694048 -0.378780 1.264634
-0.770229 -0.362728 1.246358
-0.806045 -0.273999 1.359478
-0.782426 -0.294144 1.277178
-1.944270 -0.448433 2.142114
-0.856178 -0.210772 1.283070
-0.680619 -0.384967 1.292939
-0.684226 -0.389103 1.284647
-0.684525 -0.387276 1.285506
-0.700242 -0.385687 1.276831
-0.681122 -0.393270 1.286986
-0.682586 -0.395840 1.283066
-0.685878 -0.372384 1.282454
-0.726980 -0.352939 1.272660
-0.768702 -0.402949 1.243583
-0.775487 -0.404540 1.247514
-0.772940 -0.398124 1.232706
-0.777461 -0.405216 1.247580
-0.219718 -0.399252 1.266319
-0.307996 -0.230739 1.419896
-0.249327 -0.276935 1.627827
-0.222643 -0.395000 1.488492
-0.294146 -0.412717 1.236351
-0.231149 -0.361346 1.270277
-0.664515 -0.383758 1.284013
-0.656898 -0.397087 1.292472
-0.978231 -0.246209 1.303386
-0.812254 -0.230070 1.235936
-0.773252 -0.394010 1.227187
-0.672401 -0.375237 1.212349
-0.683573 -0.371747 1.184890
-0.703219 -0.331506 1.177866
-0.690332 -0.367054 1.175448
-0.690866 -0.364445 1.174546
-0.685823 -0.367633 1.182632
-0.702463 -0.336683 1.174037
-0.701182 -0.331598 1.181179
-0.665334 -0.379360 1.223310
-0.690803 -0.354847 1.177952
-0.679216 -0.369205 1.193333
-0.681602 -0.372754 1.190960
-0.742459 -0.349237 1.263590
-0.756151 -0.350819 1.254189
-0.757926 -0.346336 1.255618
-0.339474 -0.370387 1.164427
-0.390725 -0.345560 1.213857
-0.535519 -0.402667 1.245875
-0.767075 -0.343746 1.245019
-0.722401 -0.386887 1.249341
-0.758258 -0.354989 1.250997
-0.772377 -0.360763 1.244684
-0.707760 -0.356973 1.283724
-0.694536 -0.376324 1.282716
-0.769256 -0.356875 1.246118
-0.725819 -0.352727 1.271569
-0.631101 -0.180687 1.158666
-0.449383 -0.175092 1.030572
-0.423104 -0.332452 1.180807
-0.779257 -0.351700 1.241107
-0.744314 -0.349975 1.267355
-0.770092 -0.345215 1.253068
-0.763254 -0.361921 1.246535
-0.764927 -0.344644 1.249437
-0.667783 -0.373806 1.289449
-0.754006 -0.380357 1.240367
-0.658625 -0.384426 1.313787
-0.647442 -0.409061 1.323972
-0.657485 -0.402334 1.316830
-0.653318 -0.399140 1.318249
-0.669430 -0.407425 1.285378
-0.666949 -0.415931 1.285080
-0.658742 -0.380638 1.316498
-0.717745 -0.324366 1.313482
-0.713567 -0.324506 1.302561
-1.399641 -0.350403 1.763953
-0.731775 -0.351089 1.264690
-0.764499 -0.327574 1.262511
-0.607537 -0.289141 1.530234
-0.537188 -0.307650 1.271117
-0.495839 -0.395693 1.344635
-0.333306 -0.465713 1.335727
-0.644895 -0.492644 1.484858
-0.685047 -0.391286 1.288642
-0.686050 -0.386993 1.284408
-0.685202 -0.384201 1.290795
-0.768842 -0.402180 1.242365
-0.680621 -0.393839 1.288396
-0.773668 -0.343784 1.249833
-0.763399 -0.398233 1.236850
-0.777297 -0.383620 1.246357
-0.777987 -0.404277 1.248346
-0.684887 -0.392293 1.281252
-0.686660 -0.388106 1.287136
-0.754636 -0.399690 1.240360
-0.683210 -0.405777 1.272859
-0.562981 -0.328257 1.221513
-0.657218 -0.382224 1.257191
-1.203296 -0.272836 1.416631
-0.558193 -0.266294 1.231241
-0.573025 -0.326449 1.216104
-1.027105 -0.211753 1.260413
-0.585592 -0.333881 1.245020
-0.560865 -0.327233 1.217052
-0.559193 -0.266393 1.233794
-0.522942 -0.251986 1.183003
-0.816193 -0.210831 1.197753
-0.701239 -0.405313 1.259013
-0.707774 -0.356870 1.283960
-0.776566 -0.343237 1.245650
-0.776034 -0.344580 1.251485
-0.779074 -0.348086 1.243290
-0.681726 -0.407404 1.277286
-0.681762 -0.407998 1.277941
-0.764672 -0.397060 1.231025
-0.770595 -0.403093 1.246014
-0.777107 -0.403754 1.244455
-0.773745 -0.400289 1.237540
-0.675230 -0.393129 1.292246
-0.668139 -0.401357 1.292319
-0.775054 -0.402267 1.242848
-0.677656 -0.388182 1.295262
-0.677582 -0.391700 1.292384
-0.677030 -0.391818 1.290808
-0.682526 -0.396058 1.282908
-0.678585 -0.386828 1.295038
-0.680330 -0.385174 1.293552
-0.676216 -0.391932 1.287258
-0.698492 -0.312529 1.293566
-0.703088 -0.321334 1.276057
-0.695353 -0.374120 1.275172
-0.768688 -0.362032 1.244980
-0.701051 -0.404919 1.277772
-0.710855 -0.328222 1.289165
-0.757114 -0.396614 1.232501
-0.779102 -0.327410 1.253433
-0.657272 -0.423301 1.258669
-1.154078 -0.269376 1.375717
-0.788181 -0.212482 1.208932
-0.668089 -0.394963 1.289197
-0.659664 -0.375818 1.253743
-0.556593 -0.388396 1.231534
-0.825594 -0.253051 1.297687
-0.651223 -0.394634 1.247056
-0.616073 -0.247771 1.219334
-1.052667 -0.233145 1.364155
-0.673581 -0.376862 1.261486
-0.566407 -0.441280 1.273332
-0.738841 -0.452112 1.309767
-0.537461 -0.415057 1.238567
-0.765430 -0.367234 1.259055
-0.544054 -0.401607 1.242773
-0.505704 -0.395703 1.237074
-0.449413 -0.217586 1.126406
-0.513459 -0.449103 1.306883
-0.497098 -0.435132 1.265815
-0.415974 -0.339640 1.182251
-0.445143 -0.373388 1.210999
-0.447304 -0.378514 1.222257
-0.665137 -0.372767 1.259521
-0.394643 -0.332399 1.145712
-0.411621 -0.355137 1.167149
-0.230645 -0.377479 1.477254
-0.279624 -0.192735 1.280438
-0.318208 -0.425427 1.277301
-0.610060 -0.465366 1.389616
-0.247749 -0.317315 1.410344
-0.411614 -0.275796 1.278885
-0.504962 -0.284269 1.578800
-0.443329 -0.144243 1.006056
-0.304144 -0.339988 1.256279
-0.551169 -0.339841 1.322277
-0.669638 -0.399325 1.297304
-0.662727 -0.402170 1.311720
-0.707889 -0.358818 1.278798
-0.655704 -0.402557 1.318462
-0.780741 -0.363958 1.253841
-0.418685 -0.345947 1.201677
-0.553020 -0.391410 1.224381
-0.546360 -0.390443 1.217089
-0.541368 -0.387790 1.228690
-0.661003 -0.381867 1.278477
-0.733457 -0.384518 1.251585
-0.739381 -0.352104 1.275764
-0.745392 -0.348821 1.262542
-0.752122 -0.348416 1.258238
-0.754175 -0.359054 1.234279
-0.699106 -0.375686 1.280310
-0.704174 -0.375564 1.275483
-0.699510 -0.391376 1.267885
-0.703224 -0.383832 1.273807
-0.698654 -0.387755 1.273292
-0.699262 -0.387348 1.275406
-0.704181 -0.375230 1.274557
-0.695994 -0.372389 1.283423
-0.697038 -0.410116 1.258918
-0.700463 -0.388376 1.276487
-0.697514 -0.409632 1.257217
-0.755275 -0.348218 1.256145
-0.777472 -0.361097 1.240437
-0.785582 -0.344113 1.251154
-0.701527 -0.385334 1.271648
-1.242160 -0.324546 1.600261
-0.841807 -0.374230 1.222890
-1.319688 -0.341611 1.682700
-0.698718 -0.389100 1.261505
-0.695993 -0.408784 1.255242
-0.756051 -0.350166 1.254567
-1.068147 -0.251049 1.307476
-0.699796 -0.290077 1.298166
-0.763962 -0.327490 1.260711
-0.771952 -0.360284 1.242355
-0.778332 -0.361909 1.242718
-1.233588 -0.316702 1.586336
-0.752542 -0.400324 1.244182
-0.601609 -0.409126 1.384368
-0.617253 -0.400469 1.365331
-0.598929 -0.410393 1.389022
-0.756320 -0.365147 1.256100
-0.675081 -0.393287 1.292145
-0.065602 -0.390670 1.405170
-0.108351 -0.369255 1.485829
-0.081978 -0.375413 1.463993
-0.166870 -0.501433 1.585844
-0.167982 -0.472160 1.580919
-0.129120 -0.437882 1.498914
-0.262128 -0.160759 1.259697
-0.256193 -0.150192 1.240113
-0.356163 -0.063602 0.959031
-0.487089 -0.237055 0.802535
-0.688983 -0.335199 1.214475
-0.765610 -0.326702 1.078004
-0.559021 -0.318253 1.281984
-0.184260 -0.159290 1.331252
-0.271301 -0.438856 1.266996
-0.264883 -0.427310 1.237156
-0.320223 -0.434806 1.267044
-0.686636 -0.389632 1.283240
-0.756606 -0.347318 1.255642
-0.682043 -0.396334 1.285008
-0.682860 -0.394467 1.284951
-0.684606 -0.388344 1.283687
-0.684944 -0.390899 1.285344
-0.770115 -0.342438 1.239304
-0.677297 -0.393507 1.296628
-0.684474 -0.403843 1.270334
-0.684737 -0.390938 1.283629
-0.685608 -0.391674 1.283603
-0.695225 -0.373057 1.285633
-0.720969 -0.354452 1.276795
-0.763483 -0.362466 1.247271
-0.409807 -0.116912 0.676610
-0.426963 -0.110230 0.689535
-0.705585 -0.323624 1.281160
-1.193139 -0.293719 1.414391
-1.723264 -0.418407 1.898872
-1.722868 -0.405666 1.925971
-0.838445 -0.242285 1.266659
-1.979676 -0.459827 2.169306
-0.710938 -0.277919 1.303326
-0.906765 -0.277160 1.325227
-0.483966 -0.119094 0.985575
-0.549719 -0.289461 1.350302
-0.485804 -0.278958 1.516117
-0.330851 -0.246595 1.527611
-0.190133 -0.431136 1.464310
-0.416889 -0.118776 0.717562
-0.424458 -0.112547 0.690327
-0.446717 -0.183505 0.745467
-0.095272 -0.071633 1.036490
-0.044667 -0.333811 0.959578
-0.435431 -0.141404 0.779218
-0.128754 -0.253644 1.594357
-0.547725 -0.397040 1.143481
-0.277785 -0.427288 1.238967
-0.697122 -0.389277 1.266742
-0.458024 -0.386530 1.204131
-0.647061 -0.378705 1.252567
-0.564516 -0.403479 1.246736
-0.732322 -0.384951 1.250958
-0.770911 -0.393441 1.224900
-0.741330 -0.350062 1.266038
-0.754916 -0.349134 1.255906
-0.751221 -0.398037 1.235649
-0.546931 -0.272680 1.158547
-0.359554 -0.246823 1.527037
-0.529567 -0.202882 1.282335
-0.274379 -0.305546 1.485279
-0.483206 -0.316219 1.013957
-0.508415 -0.197932 1.401769
-0.253698 -0.286402 1.270980
-0.228810 -0.390519 1.269566
-0.428708 -0.349129 1.207281
-0.441709 -0.342667 1.178315
-0.459065 -0.387355 1.205951
-0.438817 -0.340174 1.221150
-0.569324 -0.474679 1.392345
-0.408235 -0.347737 1.164460
-0.370762 -0.396091 1.186600
-0.596162 -0.161967 1.119831
-0.381767 -0.338859 1.183200
-0.380194 -0.298221 1.242134
-0.387740 -0.336625 1.159604
-0.425275 -0.381901 1.190078
-0.449931 -0.379211 1.226112
-0.233603 -0.290414 1.612153
-0.428902 -0.138727 0.750948
-0.499686 -0.231624 0.909174
-0.490569 -0.238230 0.910838
-0.487948 -0.211409 0.934651
-0.540780 -0.328202 0.918356
-0.495885 -0.145914 1.010347
-0.097201 -0.331240 1.480789
-0.497123 -0.239343 0.922530
-0.480062 -0.209252 0.922200
-0.759253 -0.331697 1.099195
-0.691396 -0.343536 1.202750
-0.774601 -0.359675 1.240783
-0.796093 -0.366234 1.236972
-0.779065 -0.348115 1.243255
-0.753369 -0.348678 1.264890
-0.774164 -0.393536 1.227440
-0.770830 -0.394540 1.227470
-0.758237 -0.363757 1.247779
-0.843988 -0.374574 1.225552
-0.755168 -0.346792 1.254228
-0.752215 -0.267086 1.276600
-0.678399 -0.389595 1.279774
-0.688949 -0.370713 1.262089
-0.519011 -0.351942 1.029644
-0.072275 -0.456192 1.575283
-0.541868 -0.337527 1.307455
-0.576656 -0.363412 1.403075
-0.298528 -0.448047 1.286372
-0.696624 -0.370023 1.284274
-0.685203 -0.384403 1.290799
-0.686065 -0.390276 1.284847
-0.766192 -0.358811 1.242735
-0.683867 -0.389535 1.286892
-0.694436 -0.369249 1.285554
-0.696865 -0.409309 1.259288
-0.694706 -0.369008 1.284028
-0.744722 -0.348037 1.255182
-0.707488 -0.351030 1.172771
-0.507156 -0.376080 1.297634
-0.479422 -0.299970 1.267753
-0.414939 -0.305002 1.267839
-0.531309 -0.313351 1.271994
-0.367834 -0.302982 1.191947
-0.461255 -0.350088 1.293908
-0.303919 -0.338852 1.258499
-0.475200 -0.178013 0.903081
-0.124486 -0.590589 1.693354
-0.521083 -0.355575 1.033335
-0.526415 -0.200502 1.270834
-0.375823 -0.216849 1.313415
-0.637515 -0.422211 1.314731
-0.589055 -0.447034 1.378168
-0.755793 -0.329282 1.088687
-0.667477 -0.379404 1.311409
-0.681899 -0.397208 1.284236
-0.680103 -0.390892 1.288817
-0.683566 -0.388020 1.288981
-0.687083 -0.387863 1.285373
-0.745036 -0.381801 1.245230
-0.751251 -0.394835 1.228200
-0.685282 -0.390455 1.284004
-0.682742 -0.390556 1.284648
-0.683688 -0.387800 1.287403
-0.444431 -0.335071 1.317409
-0.992131 -0.180361 1.273577
-0.504461 -0.411241 1.207816
-1.200015 -0.278291 1.530451
-0.558021 -0.418880 1.237686
-0.914930 -0.235498 1.354667
-0.496028 -0.191611 1.095940
-0.482115 -0.391042 1.201463
-0.475448 -0.392195 1.200981
-0.666696 -0.381980 1.269754
-0.513364 -0.420155 1.220434
-0.446204 -0.353234 1.222672
-0.657620 -0.396584 1.293535
-0.409195 -0.355182 1.176645
-0.483254 -0.401046 1.223146
-0.677640 -0.436502 1.293671
-0.626085 -0.384115 1.272468
-0.480771 -0.418338 1.226263
-0.796005 -0.372513 1.280708
-0.459683 -0.346217 1.228027
-0.607112 -0.337522 1.499981
-0.483957 -0.391968 1.204175
-1.256693 -0.356062 1.656864
-0.317594 -0.151680 1.281302
-0.325858 -0.270602 1.244474
-0.465890 -0.238492 1.529411
-0.456178 -0.183695 0.848517
-0.237584 -0.280351 1.205873
-0.772572 -0.394770 1.227372
-0.731449 -0.351346 1.267661
-0.818975 -0.388091 1.194419
-0.758532 -0.362281 1.249097
-0.777659 -0.359525 1.239055
-1.349120 -0.367299 1.597803
-0.387290 -0.407269 1.174411
-0.383370 -0.189823 1.049317
-0.475122 -0.356395 1.269407
-0.463386 -0.361892 1.240315
-0.422863 -0.357856 1.196397
-0.436575 -0.397848 1.210692
-0.546665 -0.408841 1.231611
-0.482231 -0.401333 1.221509
-0.408123 -0.335820 1.165470
-0.638915 -0.185891 1.179177
-0.439940 -0.372138 1.200937
-0.479123 -0.415002 1.219659
-0.423175 -0.347254 1.197789
-0.437031 -0.385420 1.167081
-0.443358 -0.382400 1.168933
-0.472109 -0.372754 1.299119
-0.476806 -0.401652 1.211171
-0.597713 -0.363895 1.223817
-0.664350 -0.384936 1.273047
-0.547404 -0.407556 1.235409
-0.658027 -0.383802 1.257596
-0.559963 -0.405637 1.244233
-0.506340 -0.411302 1.242038
-0.755407 -0.363804 1.249045
-0.760831 -0.330493 1.260746
-0.764228 -0.327652 1.261015
-0.813296 -0.379140 1.189487
-0.774205 -0.394719 1.227720
-0.477129 -0.178291 0.908226
-0.490693 -0.189173 1.366180
-0.462397 -0.139998 1.008212
-0.495721 -0.232877 1.178761
-0.199386 -0.428796 1.458252
-0.262498 -0.223487 1.347070
-0.220683 -0.400049 1.268925
-1.434559 -0.328082 1.627563
-0.763406 -0.362315 1.245794
-0.704060 -0.390340 1.266346
-0.625390 -0.384776 1.253689
-0.669729 -0.407410 1.284694
-0.653406 -0.420269 1.251902
-0.474757 -0.163013 0.988561
-0.225579 -0.363407 1.253243
-0.655493 -0.381625 1.320445
-0.659435 -0.401640 1.315398
-0.753687 -0.347025 1.256421
-0.755500 -0.399219 1.237288
-0.656225 -0.379055 1.309050
-0.501689 -0.404153 1.214301
-0.512055 -0.408417 1.237931
-0.812820 -0.192521 1.239515
-0.526618 -0.212154 1.111570
-0.835163 -0.203894 1.258512
-0.774928 -0.214597 1.240852
-0.872374 -0.230760 1.303104
-0.759651 -0.175953 1.188692
-0.484909 -0.320639 1.191551
-0.489695 -0.355702 1.195817
-0.506384 -0.391250 1.217599
-0.459969 -0.356322 1.228486
-0.915135 -0.396579 1.308700
-0.508399 -0.393086 1.224058
-0.497904 -0.392674 1.226251
-0.509739 -0.405048 1.204784
-0.488048 -0.383444 1.216497
-0.442384 -0.391530 1.183616
-0.497598 -0.416872 1.232622
-0.480432 -0.316932 1.180181
-0.573162 -0.311658 1.403562
-0.493591 -0.404455 1.217762
-0.461273 -0.358764 1.231762
-0.599381 -0.232622 1.223901
-0.641994 -0.196170 1.163379
-0.957961 -0.326015 1.370519
-0.661989 -0.386442 1.311966
-0.643776 -0.386988 1.342311
-0.651896 -0.338836 1.288470
-0.583986 -0.344630 1.413488
-0.603981 -0.408984 1.385141
-0.660387 -0.397977 1.304207
-0.715546 -0.361290 1.315909
-0.706276 -0.374017 1.265056
-0.655039 -0.401593 1.316045
-0.652181 -0.400622 1.319736
-0.552203 -0.416666 1.459398
-0.560576 -0.411564 1.438742
-0.645209 -0.385683 1.336043
-0.580950 -0.404789 1.409933
-0.691633 -0.343188 1.203057
-0.685881 -0.365573 1.183032
-0.687056 -0.356418 1.196316
-0.757753 -0.329381 1.087191
-0.757298 -0.329508 1.087449
-0.447288 -0.144961 1.005155
-0.079779 -0.469318 1.346186
-0.749236 -0.348083 1.259156
-0.631515 -0.410612 1.338037
-0.759442 -0.362150 1.245278
-0.672269 -0.404342 1.280830
-0.752404 -0.396821 1.235609
-1.074274 -0.290353 1.422542
-0.762551 -0.368655 1.244214
-1.114750 -0.320956 1.548339
-1.032765 -0.343133 1.457875
-0.594779 -0.231828 1.214586
-1.061439 -0.398876 1.476009
-0.469341 -0.301764 1.252256
-0.437040 -0.382959 1.166219
-0.498001 -0.399819 1.219818
-0.557296 -0.416051 1.256426
-0.499762 -0.391830 1.206886
-0.853269 -0.185271 1.277186
-0.535033 -0.196550 1.175722
-0.690957 -0.384276 1.262578
-0.693760 -0.376106 1.262674
-0.804453 -0.216497 1.276792
-0.675847 -0.379616 1.295820
-0.678278 -0.379146 1.294241
-0.738973 -0.351410 1.271275
-0.688090 -0.387412 1.283202
-0.685487 -0.384221 1.290079
-0.704270 -0.375366 1.274692
-0.793249 -0.363686 1.229609
-0.772697 -0.344121 1.248124
-0.700832 -0.342578 1.297326
-0.702257 -0.390572 1.267906
-0.696090 -0.372229 1.282416
-0.073273 -0.411681 1.488837
-0.772272 -0.394378 1.227956
-0.747026 -0.389307 1.241520
-0.840015 -0.322130 1.239070
-0.468883 -0.138354 0.974152
-0.553686 -0.319830 0.920567
-0.466417 -0.308036 0.898161
-0.120578 -0.358480 1.484990
-0.524883 -0.362468 1.042557
-0.399784 -0.115611 1.726502
-0.278578 -0.175863 1.264418
-0.388117 -0.219232 1.360113
-0.270280 -0.247273 1.561323
-0.522641 -0.356437 1.032669
-0.244086 -0.285340 1.246348
-0.947768 -0.268419 1.374452
-0.679206 -0.210481 1.219881
-1.215104 -0.325774 1.615720
-0.522587 -0.390150 1.235121
-0.506497 -0.381620 1.193006
-0.834281 -0.217199 1.262616
-0.894844 -0.190971 1.330252
-0.512896 -0.246941 1.173543
-0.699574 -0.223574 1.226161
-0.830892 -0.198500 1.253292
-0.599484 -0.237160 1.213354
-0.509324 -0.379377 1.201406
-1.846063 -0.738123 2.150535
-1.324250 -0.406600 1.715011
-0.712999 -0.277987 1.307441
-0.773624 -0.298041 1.287159
-0.587138 -0.409366 1.267179
-0.967446 -0.168298 1.242883
-0.695210 -0.222551 1.221420
-1.220673 -0.353988 1.618874
-0.787397 -0.191848 1.208287
-0.755333 -0.347235 1.256734
-0.940425 -0.227858 1.189790
-0.668308 -0.384833 1.265570
-0.791583 -0.269438 1.280137
-0.760315 -0.296040 1.267928
-1.396353 -0.313721 1.582537
-0.276288 -0.438095 1.263756
-0.542720 -0.295090 1.258789
-0.454867 -0.138281 0.991691
-0.524846 -0.376500 1.108390
-0.453744 -0.182453 0.844370
-0.343767 -0.114852 0.582354
-0.669148 -0.399569 1.297807
-0.756767 -0.347215 1.256174
-0.655281 -0.378988 1.307217
-0.667742 -0.415123 1.283501
-0.773435 -0.293895 1.266972
-0.952408 -0.227612 1.199136
-1.144987 -0.280063 1.480587
-0.686185 -0.365422 1.260804
-0.708686 -0.323972 1.287662
-1.471428 -0.332493 1.661229
-0.671765 -0.381437 1.258782
-0.899688 -0.239443 1.339367
-1.053931 -0.261614 1.292381
-0.820756 -0.242083 1.246120
-0.776124 -0.296050 1.280204
-0.695828 -0.372665 1.284449
-0.702002 -0.383914 1.274113
-0.778701 -0.343326 1.246233
-0.777900 -0.383408 1.246145
-0.702435 -0.383824 1.271955
-0.508756 -0.378936 1.190958
-0.613821 -0.247971 1.215280
-0.622679 -0.237431 1.268243
-0.731686 -0.246991 1.267512
-0.819091 -0.299503 1.314049
-0.627564 -0.332327 1.338901
-0.630425 -0.246012 1.260605
-0.554741 -0.399235 1.233862
-0.533849 -0.388737 1.223337
-0.684414 -0.368418 1.254147
-0.559433 -0.401774 1.233454
-0.540952 -0.398219 1.227276
-1.207839 -0.285435 1.417456
-0.562630 -0.309128 1.220851
-0.664344 -0.378345 1.262803
-0.692768 -0.423264 1.247722
-0.642802 -0.384812 1.261638
-1.144890 -0.300038 1.493189
-0.668648 -0.397838 1.250269
-0.786551 -0.375780 1.227662
-0.729152 -0.399962 1.244976
-0.760413 -0.363022 1.248090
-0.733241 -0.357293 1.266711
-0.765696 -0.343968 1.246349
-0.792071 -0.381949 1.222138
-1.531853 -0.377612 1.904055
-0.674810 -0.392973 1.295563
-0.613885 -0.435574 1.347001
-0.669082 -0.382784 1.308038
-0.583659 -0.404708 1.412594
-0.557368 -0.417625 1.465542
-0.680082 -0.406603 1.277748
-0.628214 -0.413066 1.346009
-0.778144 -0.158120 1.189214
-0.636005 -0.195485 1.153712
-0.839865 -0.189562 1.263771
-0.606464 -0.177474 1.126215
-0.669941 -0.211370 1.198050
-0.650528 -0.202752 1.172390
-0.851963 -0.309420 1.258744
-0.754951 -0.368319 1.247275
-0.761506 -0.330016 1.259676
-0.769012 -0.345664 1.249487
-0.775652 -0.360797 1.239682
-0.686745 -0.373481 1.286630
-0.766703 -0.416478 1.272333
-0.671392 -0.378076 1.304865
-0.685369 -0.382731 1.287570
-0.687173 -0.389426 1.289421
-0.684966 -0.390751 1.283200
-0.682117 -0.394837 1.287121
-0.681746 -0.383517 1.293776
-0.675270 -0.382896 1.307617
-0.749894 -0.349389 1.267425
-0.730008 -0.395142 1.235834
-0.816855 -0.271771 1.315388
-0.946563 -0.267627 1.373024
-0.517693 -0.382222 1.200618
-0.521409 -0.364526 1.215770
-0.784231 -0.171583 1.202750
-0.854670 -0.210092 1.281990
-0.782682 -0.170976 1.200622
-0.826857 -0.184864 1.247289
-0.661457 -0.205051 1.185336
-0.556393 -0.323007 1.402506
-0.493352 -0.390794 1.217267
-0.726110 -0.225958 1.262663
-0.524970 -0.411857 1.222476
-0.475382 -0.360704 1.146823
-0.492332 -0.406419 1.216949
-0.495775 -0.360632 1.212685
-1.327803 -0.407705 1.715638
-0.699037 -0.226217 1.235032
-0.825308 -0.272804 1.327315
-0.202185 -0.054209 0.880866
-0.443385 -0.184945 0.737706
-0.497057 -0.204133 0.829030
-0.461602 -0.181700 0.763386
-0.054492 -0.166521 1.160233
-0.678148 -0.370474 1.190662
-1.125171 -0.285620 1.466720
-0.779188 -0.327496 1.253991
-0.777572 -0.404753 1.247084
-0.690633 -0.390243 1.281763
-0.738710 -0.351085 1.267978
-0.686027 -0.386287 1.285199
-0.742611 -0.350168 1.266143
-1.026462 -0.276381 1.369135
-0.943785 -0.234660 1.264691
-1.038970 -0.253051 1.271866
-0.769380 -0.345234 1.250498
-1.061816 -0.272263 1.399000
-0.759598 -0.329834 1.257811
-0.934562 -0.234264 1.255955
-0.933757 -0.201523 1.232423
-0.576578 -0.310956 1.225074
-1.033970 -0.247981 1.355431
-0.733117 -0.249148 1.260490
-1.157702 -0.342101 1.592257
-0.121772 -0.439821 1.507223
-0.477463 -0.326781 1.597104
-0.317138 -0.390578 1.332985
-0.314040 -0.386088 1.315713
-0.762864 -0.397172 1.235112
-1.449567 -0.364110 1.819235
-0.805594 -0.375617 1.226309
-1.502877 -0.374312 1.875529
-0.883696 -0.350415 1.278001
-0.506982 -0.352076 1.178743
-0.480858 -0.344910 1.166249
-1.089570 -0.209545 1.381017
-0.978003 -0.169189 1.256101
-0.510883 -0.389233 1.239699
-0.837643 -0.254058 1.311868
-0.565132 -0.310726 1.226089
-0.576154 -0.285895 1.239386
-0.539641 -0.368953 1.229599
-0.966242 -0.180673 1.249611
-0.567216 -0.406291 1.253878
-0.565260 -0.419772 1.236645
-0.302725 -0.287634 1.207165
-0.484376 -0.170510 0.926894
-0.431884 -0.285145 1.464169
-0.407990 -0.274038 1.270199
-0.413961 -0.198605 1.294663
-0.653541 -0.486793 1.482500
-0.478510 -0.387015 1.313493
-0.377013 -0.377401 1.179320
-0.422097 -0.382661 1.236862
-0.516542 -0.415984 1.389864
-0.466602 -0.427570 1.317095
-0.322379 -0.358058 1.168371
-0.491720 -0.366572 1.280672
-0.646014 -0.369452 1.483748
-0.418348 -0.306627 1.246966
-0.362278 -0.310784 1.176252
-0.437068 -0.317613 1.293243
-0.372840 -0.307973 1.180422
-0.320890 -0.347742 1.167232
-0.324716 -0.376989 1.164853
-0.363074 -0.295591 1.197175
-0.237224 -0.370863 1.486941
-0.548926 -0.383687 1.352486
-0.315887 -0.358745 1.262402
-0.460490 -0.350085 1.291069
-0.317168 -0.262388 1.533957
-0.278788 -0.429288 1.404506
-0.328862 -0.415828 1.538527
-0.446106 -0.314427 1.518460
-0.555547 -0.263374 1.564437
-0.411790 -0.198871 1.287847
-0.586438 -0.427641 1.248422
-0.232417 -0.338984 1.251073
-0.581938 -0.426290 1.242627
-0.278402 -0.174183 1.265607
-0.097006 -0.305548 1.449207
-0.388046 -0.321858 1.195428
-0.611708 -0.291270 1.540228
-0.373913 -0.306536 1.218583
-0.341872 -0.368179 1.158324
-0.350030 -0.366776 1.173895
-0.543599 -0.338461 1.311067
-0.377831 -0.311941 1.187808
-0.596954 -0.432059 1.258510
-0.389446 -0.306671 1.413667
-0.230032 -0.384077 1.251956
-0.231892 -0.203991 1.533835
-0.487644 -0.317646 1.021514
-0.338580 -0.269677 1.273377
-0.325444 -0.244726 1.592630
-0.551157 -0.270888 1.164885
-0.516703 -0.239222 1.086223
-0.458197 -0.199126 1.282178
-0.330480 -0.278798 1.047694
-0.725478 -0.344419 1.148289
-0.217719 -0.451462 1.298336
-0.424000 -0.356234 1.269021
-0.395136 -0.273186 1.527787
-0.685167 -0.388532 1.283270
-0.761044 -0.327777 1.078809
-0.316426 -0.157891 1.275985
-0.665346 -0.482980 1.335805
-0.484069 -0.205796 1.359160
-0.516108 -0.355978 1.024040
-0.697987 -0.518763 1.417804
-0.440762 -0.144403 1.001573
-0.522566 -0.354425 1.033204
-0.515614 -0.223382 1.113715
-0.498143 -0.336987 1.076714
-0.669193 -0.390859 1.281436
-0.749092 -0.345291 1.242781
-0.934785 -0.243838 1.262432
-0.731776 -0.350635 1.263672
-0.696135 -0.385775 1.275767
-0.696069 -0.389847 1.280772
-0.688079 -0.367134 1.265120
-0.788331 -0.295056 1.272581
-0.901403 -0.240539 1.229434
-0.928045 -0.309416 1.315637
-0.701810 -0.385986 1.277444
-0.701799 -0.391478 1.272167
-0.747709 -0.331746 1.094941
-0.701623 -0.386619 1.275807
-0.703287 -0.384735 1.272921
-0.649766 -0.413175 1.283573
-0.694308 -0.354518 1.177915
-0.695256 -0.358472 1.166976
-0.682460 -0.358541 1.205061
-0.689554 -0.365805 1.177888
-0.755313 -0.330466 1.093781
-0.675960 -0.411577 1.288992
-0.670772 -0.393136 1.296713
-0.702011 -0.386699 1.280436
-0.441268 -0.124568 0.831003
-0.488346 -0.124038 0.991885
-0.485747 -0.196500 0.976087
-0.518728 -0.163694 1.220473
-0.516422 -0.340920 0.995335
-0.702524 -0.452012 1.249677
-0.619302 -0.400146 1.363854
-0.645371 -0.387462 1.342080
-0.685592 -0.385407 1.288489
-0.681988 -0.391042 1.286610
-0.683633 -0.393387 1.284146
-0.686311 -0.384534 1.285921
-0.291330 -0.123855 1.185772
-0.406221 -0.168140 1.292062
-0.191161 -0.391788 1.334592
-0.422205 -0.149237 1.247872
-0.773966 -0.326688 1.245589
-0.757268 -0.279754 1.281999
-1.006777 -0.269732 1.346370
-0.683140 -0.276703 1.305467
-0.483845 -0.318088 0.920822
-0.234602 -0.281052 1.227831
-0.341798 -0.177631 1.349609
-0.242850 -0.282737 1.240947
-0.227396 -0.382140 1.257799
-1.322526 -0.338426 1.684714
-0.863609 -0.343462 1.263254
-0.757103 -0.396806 1.233012
-0.694691 -0.378895 1.290662
-0.758980 -0.345987 1.254317
-0.757099 -0.346862 1.253761
-0.764154 -0.345237 1.252367
-0.765030 -0.361337 1.244704
-0.759613 -0.346628 1.257999
-0.756997 -0.346760 1.256664
-0.779097 -0.365032 1.259496
-0.699786 -0.386655 1.272978
-0.751224 -0.347527 1.257918
-0.753161 -0.347361 1.258387
-0.770141 -0.360151 1.241349
-0.755836 -0.349729 1.255575
-1.790591 -0.454461 2.193382
-0.871652 -0.345466 1.271385
-0.760389 -0.330043 1.258743
-0.746562 -0.382025 1.244433
-0.689060 -0.405515 1.252980
-0.761992 -0.256987 1.297713
-0.672822 -0.381588 1.260955
-0.687786 -0.370100 1.259624
-0.671336 -0.378072 1.274836
-0.804218 -0.248022 1.265999
-0.705994 -0.322638 1.284818
-0.636617 -0.371986 1.257285
-0.773546 -0.344361 1.247378
-0.786537 -0.342732 1.240539
-0.759014 -0.362968 1.247816
-0.729511 -0.390418 1.248983
-0.813642 -0.366866 1.203387
-0.820336 -0.365781 1.201388
-0.870750 -0.354707 1.263518
-0.456301 -0.162592 0.843825
-0.278625 -0.156057 1.262044
-0.488654 -0.075408 1.002080
-0.879568 -0.263127 1.318210
-0.690521 -0.404429 1.243757
-0.639251 -0.259019 1.239869
-1.109019 -0.287999 1.453037
-0.894125 -0.263106 1.313604
-0.653849 -0.413682 1.250517
-1.113142 -0.287828 1.349973
-1.030540 -0.247901 1.353545
-0.751364 -0.397422 1.234268
-0.696105 -0.381363 1.270691
-0.693002 -0.396613 1.255255
-0.668734 -0.374652 1.266601
-1.163802 -0.301954 1.512602
-1.054397 -0.262707 1.385872
-0.766039 -0.328443 1.264581
-0.762527 -0.379647 1.239068
-0.891778 -0.209193 1.199065
-0.989142 -0.243984 1.214430
-0.643050 -0.386749 1.286786
-0.661407 -0.388985 1.282810
-0.653558 -0.413481 1.249082
-0.910030 -0.179533 1.143092
-1.146350 -0.296820 1.365496
-0.673815 -0.401577 1.260005
-0.488974 -0.318516 1.023748
-0.222251 -0.260052 1.565819
-0.389647 -0.253946 1.418306
-0.485026 -0.279336 1.515893
-0.532017 -0.288342 1.340767
-0.457112 -0.236138 1.506990
-0.238988 -0.287584 1.604056
-0.618558 -0.426304 1.340043
-0.767383 -0.325311 1.070754
-0.679291 -0.386749 1.290562
-0.675083 -0.388486 1.299865
-0.668970 -0.413676 1.280109
-0.760028 -0.328209 1.080118
-0.236555 -0.068121 1.022984
-0.118032 -0.513886 1.445670
-0.057132 -0.483618 1.503819
-0.079013 -0.456674 1.535987
-0.439645 -0.149224 0.783836
-0.428475 -0.132927 0.787367
-0.789919 -0.342492 1.239701
-0.620380 -0.330046 1.326747
-0.687350 -0.277216 1.309507
-0.775118 -0.253660 1.325952
-1.148168 -0.346742 1.579637
-0.803100 -0.214008 1.225069
-0.546667 -0.407903 1.215457
-0.676650 -0.391799 1.287577
-0.755158 -0.330831 1.093584
-0.446118 -0.143623 1.011101
-0.514767 -0.352336 1.019546
-0.464814 -0.137421 0.974011
-0.469355 -0.144795 0.983606
-0.467686 -0.222045 1.112646
-0.098432 -0.308298 1.502535
-0.147153 -0.493841 1.623373
-0.549799 -0.274060 1.163251
-0.751850 -0.332047 1.091744
-0.656690 -0.407428 1.301261
-0.634316 -0.410272 1.338678
-0.667538 -0.367191 1.232953
-0.672897 -0.377756 1.209080
-0.672497 -0.377863 1.209317
-0.682958 -0.335803 1.231928
-0.483092 -0.207816 0.922784
-0.476830 -0.196924 0.797630
-0.167596 -0.501609 1.588221
-0.293615 -0.261636 1.162290
-0.510479 -0.305730 1.258310
-0.463965 -0.181124 0.806345
-0.480949 -0.316030 0.915048
-0.609794 -0.372342 1.251757
-0.578309 -0.329762 1.228122
-0.579046 -0.275344 1.250053
-0.630727 -0.282945 1.275158
-0.573068 -0.327042 1.216326
-0.553978 -0.397486 1.238349
-0.611723 -0.382204 1.251405
-0.553840 -0.266006 1.206925
-0.605958 -0.246773 1.194683
-0.796141 -0.294541 1.281862
-0.602030 -0.397869 1.280592
-1.727143 -0.401441 1.929083
-0.577094 -0.322489 1.229596
-1.212689 -0.326218 1.613809
-0.570329 -0.352598 1.167342
-0.597184 -0.364263 1.224828
-0.601347 -0.389947 1.314360
-0.696039 -0.290532 1.290270
-0.538468 -0.407738 1.240703
-0.790131 -0.266212 1.338957
-0.777542 -0.298358 1.291704
-1.125981 -0.344925 1.553933
-1.050219 -0.492498 1.432567
-0.684634 -0.364790 1.184864
-0.696789 -0.353486 1.173945
-0.640461 -0.406467 1.327045
-0.495205 -0.335314 1.070599
-0.393557 -0.271417 1.506237
-0.238902 -0.376722 1.329218
-0.245673 -0.293038 1.266835
-0.442569 -0.118053 0.700867
-0.445928 -0.117869 0.708875
-0.414391 -0.102314 0.704753
-0.487362 -0.194405 0.986404
-0.510323 -0.333149 0.966890
-0.119292 -0.356173 1.466347
-0.129900 -0.489865 1.533645
-0.117125 -0.436944 1.505068
-0.257382 -0.159235 1.227471
-0.447525 -0.143033 1.011860
-0.716199 -0.357411 1.287880
-0.772538 -0.219809 1.202292
-1.025385 -0.217428 1.259049
-0.656147 -0.222564 1.164603
-0.696789 -0.382494 1.266956
-0.617590 -0.252415 1.207879
-0.673377 -0.395888 1.293111
-0.665161 -0.395888 1.305534
-0.766339 -0.401461 1.238762
-0.769439 -0.390537 1.216217
-0.663131 -0.396949 1.300566
-0.621017 -0.432302 1.337012
-0.615361 -0.420979 1.370741
-0.434824 -0.339231 1.306780
-0.262725 -0.399811 1.187551
-0.512341 -0.304276 1.265676
-0.604160 -0.448963 1.515087
-0.505877 -0.236443 1.065233
-0.474863 -0.225136 0.950860
-0.779814 -0.341497 1.237874
-0.753428 -0.396558 1.235480
-0.716224 -0.356247 1.283008
-0.723802 -0.211776 1.174665
-1.128263 -0.266463 1.353026
-0.460367 -0.318319 1.533043
-0.515200 -0.338791 1.272879
-0.452410 -0.139779 1.013683
-0.307427 -0.455569 1.302881
-0.487803 -0.141597 0.994387
-0.452441 -0.173327 0.834225
-0.420868 -0.107972 0.708859
-0.718718 -0.355539 1.280633
-0.817744 -0.387691 1.193264
-0.715316 -0.322864 1.298520
-0.783838 -0.409544 1.267449
-0.941845 -0.294030 1.547445
-0.591915 -0.413059 1.273395
-0.849835 -0.211312 1.195272
-0.611277 -0.377954 1.254974
-0.428948 -0.155069 0.768436
-0.409698 -0.106242 0.691154
-0.492800 -0.074774 1.010430
-0.255033 -0.075782 1.098065
-0.422355 -0.150729 0.735648
-0.482758 -0.191196 0.914312
-0.542282 -0.310725 0.883137
-0.488061 -0.142456 0.994624
-0.196968 -0.173791 1.353703
-1.002324 -0.223988 1.239995
-0.922749 -0.319630 1.331047
-0.726097 -0.330750 1.313496
-0.694952 -0.276162 1.279930
-0.698513 -0.290110 1.295385
-0.699223 -0.379615 1.272632
-0.621573 -0.247644 1.234480
-0.653194 -0.398373 1.253892
-1.105911 -0.280479 1.445315
-0.756410 -0.350791 1.255226
-0.834358 -0.275458 1.283358
-0.685712 -0.381490 1.258924
-1.305052 -0.587932 1.649657
-0.973260 -0.255690 1.306032
-1.362384 -0.397883 1.759230
-0.748218 -0.347686 1.256098
-0.681626 -0.384698 1.295339
-0.677933 -0.373851 1.288753
-0.762756 -0.345240 1.251739
-0.694652 -0.369674 1.285129
-0.705883 -0.389442 1.263926
-0.775434 -0.396257 1.232440
-0.774854 -0.343008 1.243236
-0.700151 -0.387844 1.271900
-0.687438 -0.392197 1.282312
-0.684146 -0.393855 1.283537
-0.684341 -0.388190 1.286959
-0.684794 -0.390994 1.285731
-0.684300 -0.391764 1.284342
-0.682473 -0.393459 1.303371
-0.702424 -0.389664 1.266121
-0.742906 -0.351540 1.269712
-0.752108 -0.348374 1.258341
-0.729927 -0.384064 1.250831
-1.363461 -0.345447 1.726966
-1.796123 -0.431952 2.008270
-0.669843 -0.399254 1.253261
-0.795682 -0.297763 1.298854
-0.767405 -0.297207 1.278118
-0.774514 -0.298168 1.287627
-0.699650 -0.391390 1.268624
-0.640225 -0.394943 1.354574
-0.680279 -0.378199 1.290435
-0.511476 -0.338909 1.260312
-0.463414 -0.300408 1.270188
-0.401994 -0.165976 1.288905
-0.481967 -0.191755 0.913567
-0.398159 -0.270863 1.526573
-0.392348 -0.286545 1.195066
-0.656731 -0.386551 1.262184
-0.750249 -0.347910 1.260157
-0.727143 -0.351719 1.268101
-0.760228 -0.345684 1.253186
-0.754179 -0.347394 1.259473
-0.753170 -0.347620 1.259951
-0.734403 -0.351337 1.266907
-0.665212 -0.381969 1.262553
-0.616757 -0.381908 1.266679
-0.853590 -0.210546 1.199099
-0.912282 -0.179435 1.144584
-0.583484 -0.312927 1.241247
-0.565429 -0.310900 1.227832
-1.137784 -0.272067 1.360720
-1.011788 -0.224038 1.247718
-0.580876 -0.311650 1.235960
-0.659421 -0.383178 1.261552
-0.570489 -0.332819 1.240238
-1.218602 -0.281330 1.428450
-0.709430 -0.277042 1.301289
-0.577915 -0.285899 1.244061
-0.584571 -0.277064 1.263680
-1.000359 -0.228555 1.237480
-0.933090 -0.219793 1.244741
-0.659277 -0.398962 1.299272
-0.850267 -0.211218 1.195348
-0.563369 -0.226930 1.154619
-0.857258 -0.205421 1.164720
-0.948000 -0.211797 1.252750
-0.928339 -0.246903 1.371659
-0.674290 -0.390754 1.307830
-0.561945 -0.414479 1.230773
-0.533156 -0.335939 1.297133
-0.486061 -0.307822 1.270285
-0.117393 -0.351313 1.502104
-0.310369 -0.330562 1.252820
-0.509106 -0.318211 0.918132
-0.534616 -0.389150 1.189484
-0.611087 -0.239463 1.232806
-0.598382 -0.241909 1.193074
-0.766516 -0.359668 1.245503
-0.760278 -0.346131 1.255604
-0.732602 -0.351849 1.270597
-0.775395 -0.360391 1.237856
-0.775206 -0.378929 1.233565
-0.768927 -0.361716 1.244199
-0.774128 -0.393541 1.227459
-0.758159 -0.397752 1.233539
-0.758546 -0.295799 1.265732
-0.529999 -0.258130 1.157064
-0.540351 -0.222883 1.111838
-0.564299 -0.226843 1.156327
-0.491562 -0.305348 1.264470
-0.309104 -0.429709 1.253487
-0.630384 -0.426643 1.321683
-0.667329 -0.381655 1.302591
-0.464484 -0.267543 0.924868
-0.466791 -0.168056 1.294107
-0.252402 -0.285042 1.276441
-0.233459 -0.332432 1.239356
-0.249312 -0.371638 1.262247
-0.686990 -0.374727 1.291453
-0.652970 -0.385146 1.334682
-0.699136 -0.337254 1.178965
-0.700790 -0.351992 1.168602
-0.690667 -0.363408 1.176832
-0.623776 -0.400042 1.360806
-0.701255 -0.388968 1.262893
-0.621874 -0.393475 1.366618
-0.616343 -0.401491 1.372199
-0.337859 -0.340768 1.174297
-0.344968 -0.376402 1.148781
-0.671086 -0.379830 1.206935
-0.684561 -0.357563 1.200985
-0.237297 -0.326615 1.249206
-0.244879 -0.297357 1.239532
-0.697908 -0.382389 1.278299
-0.682139 -0.384950 1.295858
-0.673822 -0.395367 1.291485
-0.676626 -0.389794 1.297695
-0.699030 -0.375424 1.278383
-0.701410 -0.384941 1.270018
-0.658528 -0.398326 1.317278
-0.671984 -0.379842 1.297093
-0.674604 -0.393444 1.294357
-0.662295 -0.397767 1.311184
-0.673321 -0.395857 1.292885
-0.698693 -0.375945 1.280545
-0.761235 -0.346477 1.257036
-0.700145 -0.390363 1.266010
-0.777179 -0.343705 1.247382
-0.086903 -0.400972 1.219039
-0.383368 -0.215204 1.471926
-0.134046 -0.453804 1.488194
-0.262001 -0.232709 1.364766
-0.231821 -0.361949 1.450438
-0.231717 -0.338420 1.249219
-0.211768 -0.399526 1.456477
-0.646102 -0.428172 1.478867
-0.637024 -0.460764 1.372355
-0.361180 -0.298540 1.152422
-0.312649 -0.327419 1.253413
-0.236943 -0.106077 1.159108
-0.433096 -0.197053 1.075825
-0.471785 -0.221814 1.125126
-0.478629 -0.179060 0.964470
-0.468533 -0.220434 1.118349
-0.266832 -0.310618 1.467734
-0.454157 -0.307732 1.267881
-0.540788 -0.347218 1.334198
-0.524358 -0.181824 0.998184
-0.686857 -0.389095 1.282530
-0.685445 -0.385446 1.289010
-0.757831 -0.362331 1.248721
-0.760558 -0.330092 1.259441
-0.678611 -0.390049 1.272694
-0.703200 -0.378279 1.276646
-0.928844 -0.249507 1.260622
-1.001410 -0.260739 1.335036
-0.955667 -0.228983 1.271867
-0.797709 -0.227227 1.217124
-0.651054 -0.403320 1.310057
-0.700590 -0.290497 1.299423
-0.707788 -0.320126 1.286952
-0.941593 -0.227897 1.257805
-0.649652 -0.402333 1.307004
-0.663338 -0.269237 1.276031
-0.892189 -0.465853 1.423393
-0.722253 -0.279159 1.323022
-1.684096 -0.414512 1.866105
-0.665702 -0.385101 1.287193
-0.758776 -0.258362 1.281911
-0.763507 -0.266693 1.297745
-1.202722 -0.293632 1.412507
-0.718774 -0.245417 1.244501
-0.994983 -0.228862 1.233240
-0.886963 -0.263324 1.325279
-0.581680 -0.239059 1.189384
-0.662537 -0.381035 1.262507
-0.658417 -0.389456 1.282678
-0.699035 -0.373990 1.266939
-1.085172 -0.255751 1.309587
-0.709319 -0.277284 1.299907
-0.659500 -0.267430 1.272955
-0.651418 -0.264049 1.258736
-0.697259 -0.237686 1.212541
-0.906445 -0.216165 1.217601
-0.843947 -0.208192 1.154729
-0.684193 -0.364854 1.257014
-0.759904 -0.376386 1.241353
-0.746695 -0.387433 1.237348
-0.763246 -0.400104 1.241804
-0.729990 -0.354329 1.279990
-0.772001 -0.414237 1.269040
-0.746614 -0.388889 1.240893
-0.684811 -0.388703 1.284858
-0.758979 -0.363041 1.247902
-0.635556 -0.366102 1.459383
-0.527485 -0.316456 1.273423
-0.549962 -0.406943 1.206925
-0.585765 -0.439689 1.473541
-0.496398 -0.371483 1.290209
-0.489302 -0.365747 1.274788
-0.369175 -0.304912 1.174854
-0.346487 -0.485487 1.378089
-0.442606 -0.334585 1.312167
-0.342535 -0.479066 1.358722
-0.230020 -0.386021 1.254326
-0.379270 -0.311566 1.206979
-0.472548 -0.164077 0.899113
-0.317452 -0.155236 1.256988
-0.231749 -0.291346 1.608127
-0.229025 -0.362054 1.255844
-0.462515 -0.138227 0.988732
-0.163659 -0.140464 1.249355
-0.675232 -0.380501 1.282985
-1.751628 -0.411880 1.950244
-0.930187 -0.267959 1.382288
-0.631705 -0.372946 1.263040
-0.649920 -0.410970 1.241464
-0.797985 -0.297178 1.300681
-0.257531 -0.233343 1.558765
-0.501588 -0.315958 1.273414
-0.488469 -0.315162 1.273760
-0.521773 -0.193976 1.449295
-0.313600 -0.468530 1.340881
-0.569304 -0.423468 1.266681
-0.296011 -0.400453 1.251067
-0.324342 -0.380098 1.147059
-0.458303 -0.310791 1.269562
-0.482260 -0.372030 1.286178
-0.373719 -0.377029 1.176073
-0.373129 -0.347223 1.175534
-0.658022 -0.497621 1.490878
-0.519222 -0.400929 1.367971
-0.450276 -0.355125 1.304784
-0.478253 -0.374943 1.284450
-0.358126 -0.332825 1.176160
-0.340215 -0.355903 1.155256
-0.322258 -0.340376 1.168338
-0.551352 -0.279324 1.298317
-0.231826 -0.357678 1.254189
-0.289962 -0.403750 1.210589
-0.474083 -0.143575 0.982759
-0.700934 -0.351918 1.167346
-0.754446 -0.331009 1.094205
-0.216717 -0.261423 1.554090
-0.234056 -0.334175 1.247944
-0.280520 -0.429033 1.241688
-0.435030 -0.275221 1.278174
-0.228686 -0.359613 1.222855
-0.438439 -0.320854 1.277717
-0.155946 -0.474789 1.552274
-0.314249 -0.407212 1.268361
-0.200424 -0.174561 1.432168
-0.129357 -0.533112 1.524461
-0.570424 -0.450111 1.406898
-0.765598 -0.326703 1.078020
-0.575848 -0.456952 1.396261
-0.568309 -0.410797 1.438433
-0.432471 -0.142717 0.750565
-0.414154 -0.120470 0.697061
-0.430544 -0.154721 0.771449
-0.459620 -0.190798 0.763556
-0.460168 -0.180584 0.760711
-0.433474 -0.162998 0.795127
-0.473587 -0.065023 0.957167
-0.665258 -0.403228 1.298189
-0.695099 -0.415718 1.269718
-0.674413 -0.378326 1.307415
-0.610798 -0.431854 1.352087
-0.699737 -0.374936 1.277654
-0.726609 -0.343016 1.141518
-0.436010 -0.308358 1.476386
-0.550904 -0.461370 1.440989
-0.582528 -0.447377 1.395521
-0.553991 -0.467260 1.434438
-0.548960 -0.417875 1.463781
-0.607989 -0.406545 1.381441
-0.605013 -0.406227 1.383077
-0.612361 -0.430592 1.350966
-0.763490 -0.364516 1.260782
-0.705912 -0.374101 1.266222
-0.737013 -0.383633 1.249992
-0.766835 -0.295943 1.273527
-0.668775 -0.380435 1.267012
-1.132774 -0.319340 1.569500
-0.308998 -0.333038 1.256058
-0.400834 -0.301523 1.245892
-0.434985 -0.357857 1.294865
-0.535719 -0.304751 1.268168
-0.439748 -0.361330 1.314302
-0.489508 -0.281108 1.526625
-0.649430 -0.379116 1.254708
-0.633544 -0.257751 1.233943
-1.013511 -0.252370 1.340824
-0.885167 -0.218527 1.199701
-0.775032 -0.331910 1.278037
-0.750229 -0.395879 1.231414
-0.762756 -0.349718 1.265905
-0.615294 -0.247744 1.214321
-0.746256 -0.332880 1.101515
-0.760495 -0.328015 1.079513
-0.725150 -0.347895 1.133251
-0.748086 -0.337450 1.102459
-0.400371 -0.272820 1.471621
-0.466815 -0.237069 1.516217
-0.495357 -0.312752 1.271299
-0.457052 -0.309982 1.274223
-0.596281 -0.443063 1.325517
-0.367938 -0.301270 1.213653
-0.536354 -0.314506 1.280434
-0.307809 -0.277984 1.200676
-0.309263 -0.348644 1.217683
-0.635818 -0.354689 1.446105
-0.680684 -0.250148 1.575454
-0.516900 -0.223998 0.928351
-0.191274 -0.441258 1.499686
-0.266643 -0.333038 1.511098
-0.224464 -0.391732 1.246566
-0.747693 -0.331429 1.090010
-0.772235 -0.393708 1.228398
-0.753526 -0.396596 1.235304
-0.756205 -0.350817 1.254634
-0.973568 -0.268655 1.314816
-0.774073 -0.394966 1.227931
-0.924747 -0.224298 1.178596
-0.926307 -0.218435 1.180173
-0.918153 -0.256088 1.165364
-0.913405 -0.240626 1.240638
-0.934390 -0.217750 1.186714
-0.668615 -0.381041 1.271727
-0.653875 -0.405181 1.250905
-0.657956 -0.417487 1.258029
-0.705481 -0.281087 1.291409
-0.765663 -0.293885 1.264563
-0.659878 -0.409984 1.267527
-0.661947 -0.427077 1.269896
-0.770635 -0.343941 1.247578
-0.513914 -0.352607 1.014798
-0.233435 -0.351392 1.253925
-0.077713 -0.436053 1.253476
-0.455255 -0.169153 0.839696
-0.685859 -0.344278 1.219380
-0.691190 -0.342915 1.203603
-0.687153 -0.344304 1.210616
-0.763264 -0.295387 1.265778
-0.777545 -0.360845 1.239750
-0.789763 -0.342416 1.239432
-0.684718 -0.394933 1.278945
-0.766161 -0.354617 1.223986
-0.726315 -0.392433 1.248560
-0.731664 -0.385404 1.252193
-0.736047 -0.351369 1.268326
-0.684483 -0.389804 1.284135
-0.681758 -0.390613 1.286557
-0.763987 -0.344429 1.247658
-0.167693 -0.482993 1.579995
-0.262435 -0.147370 1.254401
-0.396960 -0.270683 1.521356
-0.509904 -0.280127 1.247023
-0.236403 -0.313820 1.249957
-0.220820 -0.376170 1.263260
-0.356269 -0.273532 1.649113
-0.476274 -0.314235 0.914691
-0.103377 -0.379290 1.480925
-0.777433 -0.406577 1.249820
-0.668994 -0.399392 1.298523
-0.762724 -0.370111 1.250085
-0.746545 -0.380538 1.240638
-0.651248 -0.394539 1.316142
-0.461982 -0.318742 1.539484
-0.527602 -0.405565 1.383497
-0.454747 -0.196438 1.001556
-0.475350 -0.241145 1.115527
-0.525302 -0.169924 1.237767
-0.478705 -0.206601 0.915433
-0.467143 -0.172431 0.877018
-0.426514 -0.191519 1.005105
-0.535998 -0.203243 1.293216
-0.548754 -0.301562 1.265591
-0.765710 -0.402831 1.241533
-0.777767 -0.403715 1.247000
-0.672410 -0.395673 1.295272
-0.777983 -0.362300 1.248202
-0.575253 -0.445627 1.400181
-0.589136 -0.445177 1.379842
-0.692930 -0.376775 1.284831
-0.685208 -0.386478 1.284494
-0.682557 -0.379025 1.294244
-0.679522 -0.407271 1.279332
-0.430437 -0.140081 0.770320
-0.430645 -0.159981 0.772456
-0.479131 -0.227537 0.959515
-0.509352 -0.235695 1.070375
-0.677217 -0.389248 1.295756
-0.651632 -0.386048 1.319771
-0.678540 -0.376805 1.299727
-0.488090 -0.190367 0.913077
-0.553731 -0.279953 1.300021
-0.480894 -0.210023 0.924034
-0.515059 -0.350320 1.032827
-0.678561 -0.407972 1.284441
-0.716661 -0.358075 1.207487
-0.670026 -0.381514 1.303442
-0.760112 -0.401637 1.239980
-0.764327 -0.401668 1.239287
-0.772132 -0.395668 1.227450
-0.661168 -0.400825 1.312483
-0.770030 -0.400115 1.239520
-0.682167 -0.396468 1.283163
-0.661855 -0.406302 1.309117
-0.765672 -0.402228 1.240252
-0.684669 -0.387569 1.289947
-0.777105 -0.344987 1.253284
-0.702911 -0.384128 1.270293
-0.668004 -0.375955 1.266971
-0.718388 -0.277691 1.315636
-0.677291 -0.391285 1.278043
-0.696892 -0.383633 1.272689
-0.689869 -0.385332 1.268512
-0.949112 -0.257329 1.284810
-0.691638 -0.409203 1.257578
-0.884524 -0.314326 1.294437
-0.867047 -0.262471 1.303706
-0.469761 -0.138842 0.992381
-0.562631 -0.268805 1.214134
-0.242583 -0.293341 1.251615
-0.228401 -0.361322 1.254260
-0.249683 -0.375830 1.279755
-0.138791 -0.115632 1.171517
-0.420405 -0.122007 0.707621
-0.164864 -0.141049 1.254750
-0.243130 -0.075196 1.042579
-0.699430 -0.375562 1.266826
-1.312749 -0.309098 1.516745
-0.609812 -0.435636 1.354820
-0.694288 -0.379401 1.291368
-0.751669 -0.397227 1.235942
-0.654862 -0.397783 1.318487
-0.679597 -0.385917 1.296073
-0.773638 -0.402390 1.244496
-0.764887 -0.407550 1.252168
-0.746814 -0.382385 1.244944
-0.755202 -0.368571 1.247855
-0.699355 -0.277039 1.297164
-0.677784 -0.381384 1.269994
-0.935108 -0.253511 1.301400
-0.403904 -0.105299 0.682472
-0.458990 -0.071550 0.947327
-0.619211 -0.306604 1.033532
-0.437370 -0.162274 0.779305
-0.083809 -0.062174 0.957180
-0.441525 -0.141007 0.746183
-0.420661 -0.149152 0.731741
-0.729465 -0.390513 1.249287
-0.768749 -0.356718 1.245136
-0.778593 -0.357315 1.240435
-1.023124 -0.326135 1.416556
-1.322100 -0.319645 1.671392
-1.194457 -0.312029 1.548215
-0.751125 -0.398191 1.235759
-0.731905 -0.378824 1.236423
-0.691376 -0.389083 1.273623
-0.558499 -0.414987 1.454709
-0.754713 -0.400103 1.241361
-0.705257 -0.386718 1.258211
-0.721965 -0.356987 1.287847
-0.771451 -0.360485 1.243379
-0.766947 -0.360367 1.246169
-0.754749 -0.396412 1.234361
-1.657263 -0.375167 1.830536
-0.767285 -0.395880 1.230428
-1.134454 -0.294963 1.481035
-0.866657 -0.284314 1.144852
-0.647984 -0.262515 1.249815
-0.646474 -0.262026 1.246799
-0.928637 -0.256588 1.173386
-0.694693 -0.419320 1.263363
-0.750724 -0.279158 1.271490
-0.842783 -0.243464 1.246502
-0.762827 -0.362263 1.246517
-0.875779 -0.262135 1.316803
-0.911724 -0.363083 1.434417
-0.920939 -0.280498 1.460526
-1.288365 -0.328956 1.646154
-0.712622 -0.286033 1.300399
-0.674216 -0.275453 1.287952
-0.690538 -0.415895 1.254913
-0.973088 -0.251847 1.220551
-0.686487 -0.390039 1.292689
-0.756549 -0.348109 1.257000
-1.155901 -0.296692 1.371861
-0.762052 -0.268068 1.288810
-0.682777 -0.395895 1.282454
-0.672597 -0.406624 1.324604
-0.859794 -0.261577 1.292906
-0.697568 -0.379732 1.262763
-0.841623 -0.305957 1.244297
-0.712438 -0.356195 1.282339
-0.759914 -0.329782 1.258053
-0.979537 -0.262148 1.316285
-0.703488 -0.387334 1.281666
-0.772832 -0.393080 1.227651
-0.700880 -0.380128 1.272738
-0.774351 -0.342683 1.241393
-0.788233 -0.343893 1.245486
-0.626337 -0.490762 1.477545
-0.317144 -0.331121 1.178241
-0.322174 -0.440049 1.275865
-0.180061 -0.153571 1.368387
-0.455176 -0.139635 0.998336
-0.665655 -0.379765 1.311769
-0.702048 -0.385403 1.274446
-0.737612 -0.334807 1.111583
-0.675719 -0.379545 1.295856
-0.765802 -0.345122 1.251130
-0.992226 -0.268000 1.331929
-0.978345 -0.281056 1.405028
-0.433427 -0.138794 0.733900
-0.441356 -0.145418 0.759713
-0.435575 -0.139437 0.753228
-0.434436 -0.138904 0.735979
-0.418840 -0.118071 0.713385
-0.114302 -0.053298 0.972594
-0.038761 -0.248814 0.716356
-0.071919 -0.049784 0.938310
-0.370381 -0.124290 0.626961
-0.931111 -0.249700 1.263294
-0.661359 -0.267944 1.276537
-0.568592 -0.418970 1.237768
-0.634893 -0.421949 1.456595
-0.374711 -0.302056 1.261349
-0.367312 -0.298557 1.232850
-0.519873 -0.298759 1.258630
-0.711461 -0.341725 1.173691
-0.327344 -0.371779 1.166851
-0.372555 -0.374478 1.172673
-0.327846 -0.378018 1.170774
-0.540649 -0.304838 1.275721
-0.444337 -0.319139 1.280245
-0.630615 -0.455464 1.392693
-0.541144 -0.392866 1.200292
-0.433316 -0.359565 1.298366
-0.340184 -0.391997 1.155894
-0.342858 -0.365907 1.162375
-0.476749 -0.299382 1.257697
-0.275935 -0.436359 1.259957
-0.463629 -0.429632 1.312273
-0.556767 -0.486386 1.495602
-0.408654 -0.345397 1.220433
-0.486033 -0.301834 1.265725
-0.243582 -0.305861 1.251204
-0.343303 -0.359459 1.148471
-0.452736 -0.303202 1.270147
-0.581966 -0.498305 1.538011
-0.496884 -0.361650 1.272763
-0.337419 -0.368197 1.149709
-0.451098 -0.362538 1.286625
-0.514044 -0.392461 1.341871
-0.432425 -0.356535 1.285464
-0.573586 -0.467510 1.452902
-0.245695 -0.294509 1.279677
-0.324209 -0.396586 1.183899
-0.282336 -0.244091 1.332688
-0.345701 -0.483599 1.375276
-0.536687 -0.345896 1.326350
-0.607742 -0.457470 1.530938
-0.500101 -0.386939 1.315302
-0.498890 -0.314228 1.064535
-0.430856 -0.314540 1.296511
-0.523485 -0.241090 1.083926
-0.458332 -0.195670 1.013440
-0.503089 -0.339649 1.086648
-0.510683 -0.371609 1.107387
-0.288624 -0.434327 1.255702
-0.244814 -0.309312 1.248160
-0.212264 -0.417435 1.232025
-0.316095 -0.263169 1.526707
-0.230422 -0.389699 1.267776
-0.252260 -0.395447 1.230733
-0.331944 -0.284575 1.580425
-0.328196 -0.386171 1.161982
-0.367894 -0.302948 1.191226
-0.509185 -0.301028 1.270387
-0.539606 -0.372032 1.198635
-0.534400 -0.336204 1.312791
-0.597037 -0.431971 1.258015
-0.242248 -0.306490 1.254414
-0.487910 -0.239277 1.118879
-0.611667 -0.405070 1.371022
-0.674164 -0.388799 1.302088
-0.698206 -0.406696 1.255346
-0.644650 -0.390793 1.337641
-0.526677 -0.290850 1.204283
-0.408541 -0.276732 1.503465
-0.549253 -0.395950 1.179033
-0.336886 -0.329262 1.199674
-0.486928 -0.309124 1.269096
-0.248610 -0.428989 1.243714
-0.331503 -0.385309 1.162687
-0.500602 -0.316700 1.275134
-0.559798 -0.295915 1.265857
-0.537054 -0.313689 1.273657
-0.407113 -0.108045 1.110919
-0.604822 -0.446066 1.293551
-0.274197 -0.301509 1.476044
-0.251623 -0.301015 1.395278
-0.235240 -0.362975 1.253582
-0.325261 -0.407810 1.216386
-0.619119 -0.255883 1.565314
-0.511378 -0.237070 1.083402
-0.522345 -0.165740 1.227841
-0.345365 -0.179874 1.348145
-0.216859 -0.192418 1.401929
-0.612261 -0.278464 1.545639
-0.439729 -0.201381 1.369000
-0.612398 -0.279468 1.545097
-0.558871 -0.304457 1.268630
-0.241452 -0.325000 1.254357
-0.722328 -0.359718 1.155913
-0.601002 -0.407783 1.387061
-0.643661 -0.400650 1.332612
-0.607229 -0.407858 1.373731
-0.600338 -0.409933 1.387175
-0.629551 -0.411364 1.340731
-0.643179 -0.400606 1.336514
-0.765643 -0.400095 1.235654
-0.657311 -0.401502 1.322501
-0.677570 -0.390459 1.292847
-0.643457 -0.400234 1.331146
-0.699906 -0.390443 1.266892
-0.664111 -0.401176 1.308596
-0.649410 -0.383180 1.325195
-0.249897 -0.281776 1.259700
-0.214403 -0.429433 1.237040
-0.613161 -0.492631 1.431299
-0.323448 -0.396313 1.185092
-0.288283 -0.405524 1.198708
-0.320517 -0.400930 1.198826
-0.523847 -0.166504 1.231630
-0.332435 -0.160618 1.319266
-0.557790 -0.355025 1.349829
-0.596865 -0.257499 1.604484
-0.232212 -0.350191 1.247908
-0.359076 -0.285919 1.280468
-0.301992 -0.279390 1.209603
-0.650310 -0.493462 1.481610
-0.528566 -0.325176 1.292381
-0.336368 -0.322656 1.173989
-0.524857 -0.396244 1.380779
-0.394075 -0.349015 1.190222
-0.632872 -0.439625 1.498638
-0.476525 -0.348609 1.256796
-0.656575 -0.482715 1.489330
-0.339197 -0.332163 1.174734
-0.483295 -0.321796 1.279303
-0.326190 -0.326813 1.179548
-0.353173 -0.366312 1.165014
-0.465132 -0.430824 1.317269
-0.490234 -0.366603 1.281726
-0.319558 -0.394797 1.194852
-0.475368 -0.364683 1.277814
-0.339199 -0.274237 1.216363
-0.353744 -0.285736 1.221425
-0.242643 -0.292445 1.243499
-0.502805 -0.309169 1.265546
-0.490682 -0.392466 1.333181
-0.486351 -0.390537 1.324211
-0.429777 -0.192002 1.006404
-0.251413 -0.231290 1.308923
-0.507249 -0.164302 1.198324
-0.410875 -0.359824 1.214875
-0.479954 -0.382251 1.306598
-0.464174 -0.344878 1.265413
-0.393774 -0.367216 1.201929
-0.600345 -0.444829 1.507140
-0.641675 -0.487944 1.496410
-0.491835 -0.368492 1.287188
-0.237214 -0.353662 1.252427
-0.221206 -0.379332 1.269046
-0.221292 -0.378303 1.265915
-0.243495 -0.283090 1.248106
-0.504101 -0.237894 1.112997
-0.241171 -0.248072 1.263850
-0.250931 -0.224790 1.563219
-0.513469 -0.222701 1.108515
-0.250824 -0.226373 1.516019
-0.512339 -0.222259 1.106868
-0.241421 -0.293173 1.244418
-0.455402 -0.317024 1.270317
-0.515826 -0.308069 1.263906
-0.263862 -0.392486 1.224487
-0.315743 -0.418576 1.254921
-0.506060 -0.319080 1.279108
-0.546700 -0.295584 1.265617
-0.476877 -0.241676 1.135564
-0.239269 -0.296974 1.262254
-0.515848 -0.345991 1.108337
-0.228721 -0.429285 1.238209
-0.228348 -0.427338 1.233601
-0.239653 -0.414599 1.214118
-0.588140 -0.427908 1.250113
-0.247277 -0.289175 1.248177
-0.314876 -0.240610 1.529614
-0.333415 -0.264736 1.237614
-0.509085 -0.317436 1.082056
-0.478036 -0.318493 1.279005
-0.240930 -0.332559 1.249826
-0.524131 -0.360543 1.289981
-0.493783 -0.337009 1.300991
-0.348831 -0.378718 1.131631
-0.487889 -0.314732 1.273695
-0.526911 -0.304714 1.266556
-0.231935 -0.349426 1.244712
-0.382537 -0.215796 1.342351
-0.249317 -0.284773 1.277179
-0.615072 -0.251319 1.548212
-0.440641 -0.333978 1.306161
-0.320332 -0.397446 1.195381
-0.316579 -0.329101 1.178725
-0.457511 -0.350056 1.285769
-0.617744 -0.495793 1.439898
-0.518479 -0.301879 1.266780
-0.418680 -0.310672 1.267846
-0.543377 -0.340330 1.318227
-0.307674 -0.380262 1.268579
-0.276381 -0.420750 1.376032
-0.428941 -0.337927 1.315541
-0.320511 -0.323947 1.179637
-0.380437 -0.310227 1.219043
-0.429812 -0.339965 1.324238
-0.508339 -0.377264 1.299920
-0.524109 -0.308796 1.268784
-0.585737 -0.424444 1.345173
-0.341417 -0.324534 1.180760
-0.340017 -0.369636 1.149228
-0.307344 -0.329268 1.237188
-0.678500 -0.276421 1.567395
-0.320183 -0.336381 1.173524
-0.311263 -0.260589 1.535375
-0.310006 -0.349632 1.221359
-0.514975 -0.275062 1.295458
-0.303714 -0.338464 1.253540
-0.496986 -0.312582 1.061812
-0.535758 -0.275204 1.076779
-0.467549 -0.268762 0.929776
-0.505073 -0.278545 1.236552
-0.489946 -0.148039 0.993677
-0.604986 -0.493627 1.525122
-0.419383 -0.365986 1.238331
-0.423093 -0.376367 1.245411
-0.535781 -0.310601 1.278644
-0.433099 -0.339297 1.302633
-0.451754 -0.367134 1.285884
-0.651476 -0.372661 1.493881
-0.581764 -0.502171 1.552418
-0.614615 -0.435698 1.495180
-0.612783 -0.480443 1.434195
-0.475136 -0.362335 1.259657
-0.513585 -0.223165 1.108237
-0.557705 -0.262675 1.137737
-0.238395 -0.346707 1.249415
-0.239203 -0.414769 1.214443
-0.250852 -0.243168 1.352426
-0.690393 -0.395953 1.292684
-0.692227 -0.394309 1.287372
-0.720705 -0.340267 1.119071
-0.612259 -0.451607 1.350039
-0.247871 -0.358561 1.501321
-0.426448 -0.191057 1.004037
-0.697800 -0.364496 1.179074
-0.680385 -0.390163 1.275683
-0.260295 -0.313903 1.373456
-0.232241 -0.380398 1.491004
-0.201580 -0.422669 1.441013
-0.250202 -0.279635 1.632250
-0.125689 -0.103701 1.097577
-0.106026 -0.245212 1.503354
-0.684696 -0.364638 1.184480
-0.695168 -0.342265 1.197047
-0.746744 -0.334539 1.108662
-0.529885 -0.477254 1.464147
-0.506040 -0.226119 0.912523
-0.455470 -0.235632 1.487960
-0.360564 -0.213085 1.259178
-0.742868 -0.378465 1.236309
-0.769948 -0.358290 1.233433
-0.704393 -0.375607 1.242336
-0.610826 -0.405024 1.369734
-0.703215 -0.401381 1.252827
-0.704024 -0.400280 1.250446
-0.746768 -0.348684 1.259807
-0.655696 -0.408840 1.306537
-0.733238 -0.356516 1.257534
-0.488220 -0.130995 0.993349
-0.466542 -0.184712 0.855556
-0.273070 -0.150025 1.250136
-0.444084 -0.147527 1.225074
-0.241114 -0.325122 1.255430
-0.111957 -0.341416 1.468383
-0.347059 -0.284973 1.588216
-0.482972 -0.243277 1.129469
-0.624521 -0.425136 1.323170
-0.645906 -0.389516 1.334540
-0.699561 -0.337213 1.178063
-0.668019 -0.415389 1.281870
-0.572676 -0.496924 1.532134
-0.479994 -0.299165 1.262823
-0.328804 -0.384934 1.159283
-0.343403 -0.358274 1.134882
-0.420278 -0.364305 1.238764
-0.356290 -0.371200 1.181146
-0.460511 -0.349265 1.292861
-0.654564 -0.419171 1.495281
-0.526126 -0.299685 1.266884
-0.511974 -0.293413 1.255798
-0.196189 -0.352901 1.609468
-0.405002 -0.301547 1.262818
-0.472585 -0.284334 1.572292
-0.319666 -0.327582 1.178230
-0.747914 -0.347796 1.256750
-0.730039 -0.351717 1.267421
-0.758031 -0.362044 1.247894
-0.666326 -0.396529 1.297940
-0.772920 -0.394403 1.225937
-0.729928 -0.351931 1.266681
-0.661574 -0.400349 1.310740
-0.752090 -0.395772 1.229810
-0.469076 -0.429408 1.323352
-0.532767 -0.319463 1.278590
-0.321441 -0.370811 1.167188
-0.505615 -0.309039 1.271371
-0.653206 -0.484991 1.476415
-0.322427 -0.357849 1.167691
-0.337354 -0.323371 1.179631
-0.454134 -0.366925 1.280118
-0.491710 -0.279525 1.529771
-0.453632 -0.157023 1.236182
-0.516122 -0.321750 1.243157
-0.392443 -0.272302 1.498647
-0.757574 -0.329510 1.087902
-0.683981 -0.373733 1.203560
-0.540687 -0.259935 1.171330
-0.237164 -0.304984 1.255684
-0.235260 -0.306340 1.255868
-0.340132 -0.367176 1.154761
-0.321501 -0.358623 1.165865
-0.461825 -0.304734 1.263381
-0.475237 -0.302631 1.266605
-0.641543 -0.494885 1.489444
-0.506033 -0.381515 1.317492
-0.442255 -0.317883 1.283664
-0.344644 -0.361450 1.154471
-0.419725 -0.364336 1.238418
-0.435649 -0.300401 1.267828
-0.558552 -0.415322 1.222380
-0.287952 -0.399029 1.198299
-0.495296 -0.337483 1.302414
-0.668378 -0.450594 1.513840
-0.358065 -0.246801 1.516008
-0.472057 -0.242177 1.125803
-0.239006 -0.417957 1.222862
-0.107493 -0.503883 1.447707
-0.094999 -0.383090 1.516968
-0.493688 -0.239999 0.912749
-0.243201 -0.315829 1.252418
-0.275821 -0.176958 1.248283
-0.571570 -0.415810 1.316716
-0.475103 -0.199013 0.914789
-0.161017 -0.460176 1.561277
-0.490781 -0.391075 1.328930
-0.542326 -0.394256 1.175954
-0.611333 -0.459947 1.539677
-0.644136 -0.439407 1.465262
-0.509074 -0.304327 1.257206
-0.498860 -0.231239 1.048026
-0.386711 -0.252393 1.401267
-0.236580 -0.308892 1.249278
-0.399699 -0.337371 1.197192
-0.503353 -0.309140 1.266768
-0.610510 -0.459745 1.538160
-0.233935 -0.312531 1.259287
-0.535778 -0.235411 1.093346
-0.204596 -0.181548 1.397792
-0.379781 -0.213662 1.456404
-0.494716 -0.306198 1.268073
-0.312867 -0.348069 1.236166
-0.575126 -0.411711 1.305676
-0.246881 -0.289416 1.270937
-0.331833 -0.246645 1.533272
-0.567950 -0.359151 1.373466
-0.608481 -0.278428 1.534983
-0.204805 -0.181887 1.410993
-0.141246 -0.278014 1.646739
-0.376637 -0.229611 1.515550
-0.304305 -0.270177 1.216150
-0.497248 -0.313876 1.277613
-0.506381 -0.383590 1.322609
-0.344535 -0.367254 1.150101
-0.447722 -0.342810 1.294436
-0.623940 -0.475772 1.480846
-0.530110 -0.306011 1.274891
-0.639567 -0.480303 1.494423
-0.528651 -0.295317 1.270206
-0.350183 -0.289263 1.178363
-0.527188 -0.300339 1.272219
-0.450652 -0.364122 1.283916
-0.338882 -0.386265 1.177333
-0.324995 -0.377660 1.167127
-0.615164 -0.457085 1.508449
-0.496701 -0.312971 1.273130
-0.419982 -0.310742 1.270878
-0.435295 -0.357288 1.294418
-0.419365 -0.306447 1.265211
-0.426988 -0.311209 1.268820
-0.649697 -0.483049 1.474061
-0.653738 -0.383902 1.326233
-0.683488 -0.390447 1.287566
-0.673129 -0.392325 1.294418
-0.542357 -0.422722 1.459206
-0.634735 -0.394892 1.354323
-0.563862 -0.455171 1.408054
-0.600755 -0.441634 1.363197
-0.556337 -0.465508 1.424457
-0.628349 -0.414581 1.347745
-0.646400 -0.385168 1.332968
-0.669208 -0.399264 1.295539
-0.476830 -0.207978 0.828886
-0.696459 -0.385492 1.282934
-0.683349 -0.402513 1.320250
-0.692725 -0.336030 1.206853
-0.696870 -0.353558 1.174040
-0.743439 -0.341354 1.114302
-0.690246 -0.364570 1.175240
-0.674994 -0.378375 1.202583
-0.684116 -0.357585 1.200501
-0.559920 -0.229681 1.403666
-0.258595 -0.300350 1.309295
-0.383888 -0.218068 1.344076
-0.235712 -0.354299 1.261227
-0.547458 -0.238177 0.952935
-0.668176 -0.401662 1.316977
-0.674509 -0.394144 1.293798
-0.762876 -0.387515 1.262487
-0.220853 -0.378001 1.270015
-0.291499 -0.127936 1.179199
-0.455027 -0.205829 1.422820
-0.466854 -0.268544 0.928704
-0.498474 -0.246553 1.040787
-0.118917 -0.357822 1.495711
-0.753504 -0.328277 1.083676
-0.309705 -0.463254 1.327252
-0.406003 -0.302526 1.265182
-0.470398 -0.241117 0.935794
-0.569497 -0.358897 1.375845
-0.315811 -0.339446 1.185065
-0.318730 -0.390310 1.330851
-0.566722 -0.407060 1.289190
-0.153193 -0.453640 1.301532
-0.454637 -0.303179 1.271678
-0.233641 -0.337983 1.267168
-0.469124 -0.300655 1.265080
-0.709528 -0.348671 1.167748
-0.603027 -0.400228 1.394767
-0.593545 -0.439508 1.374683
-0.602421 -0.438587 1.355021
-0.653763 -0.402215 1.318328
-0.569055 -0.455682 1.426839
-0.610798 -0.434946 1.353728
-0.602552 -0.409527 1.386834
-0.548531 -0.471497 1.448408
-0.568361 -0.455833 1.410796
-0.566112 -0.460613 1.418916
-0.229869 -0.406840 1.284501
-0.235717 -0.313241 1.248748
-0.464917 -0.305747 1.271255
-0.549840 -0.383561 1.353617
-0.343126 -0.364624 1.157786
-0.463860 -0.325343 1.287497
-0.563791 -0.308697 1.285881
-0.344706 -0.367493 1.150788
-0.648641 -0.483055 1.472990
-0.306109 -0.275010 1.195702
-0.485308 -0.307376 1.268412
-0.647311 -0.494730 1.488963
-0.475385 -0.364634 1.277887
-0.645636 -0.493680 1.485787
-0.313847 -0.313679 1.178981
-0.347817 -0.283768 1.213771
-0.221644 -0.395127 1.248629
-0.481755 -0.242684 1.122073
-0.610764 -0.278319 1.539724
-0.314325 -0.386696 1.309842
-0.564830 -0.316058 1.285359
-0.415413 -0.305350 1.267992
-0.513016 -0.303239 1.274063
-0.586032 -0.500778 1.548386
-0.332932 -0.389420 1.174654
-0.455696 -0.347900 1.281785
-0.379198 -0.349239 1.181317
-0.378717 -0.339519 1.178415
-0.339171 -0.357163 1.158462
-0.516231 -0.392032 1.336212
-0.510771 -0.385469 1.319214
-0.490810 -0.368226 1.285348
-0.382281 -0.345275 1.179804
-0.483189 -0.314086 1.269937
-0.452962 -0.301889 1.263243
-0.346433 -0.365397 1.153271
-0.345020 -0.368146 1.152335
-0.511184 -0.316313 1.275162
-0.348273 -0.361490 1.164464
-0.319588 -0.339871 1.179566
-0.319812 -0.352058 1.166560
-0.322032 -0.340406 1.167982
-0.322072 -0.340450 1.168441
-0.439886 -0.366491 1.281005
-0.514521 -0.332595 1.303918
-0.612258 -0.460709 1.542835
-0.531217 -0.400939 1.378493
-0.650441 -0.433331 1.485087
-0.520882 -0.315735 1.275688
-0.303434 -0.282695 1.532099
-0.318928 -0.341152 1.170681
-0.545733 -0.320731 1.291548
-0.425193 -0.301172 1.261610
-0.275911 -0.424093 1.387980
-0.232756 -0.319108 1.601017
-0.625079 -0.437302 1.491144
-0.241854 -0.293875 1.250136
-0.242533 -0.283349 1.265761
-0.470423 -0.212751 1.330174
-0.310498 -0.261536 1.539107
-0.275974 -0.435455 1.258073
-0.332600 -0.284659 1.583258
-0.227607 -0.361065 1.252673
-0.263423 -0.273707 1.271393
-0.576847 -0.494488 1.521717
-0.417714 -0.409763 1.211007
-0.435102 -0.340099 1.306874
-0.360344 -0.312987 1.179351
-0.549605 -0.335639 1.310139
-0.319830 -0.335926 1.171110
-0.411278 -0.274464 1.408170
-0.478893 -0.278345 1.503410
-0.510712 -0.280066 1.248293
-0.614991 -0.253861 1.552656
-0.502025 -0.300655 1.269003
-0.441108 -0.347037 1.325393
-0.346028 -0.243898 1.520931
-0.625336 -0.246393 1.540443
-0.353781 -0.224760 1.510816
-0.456891 -0.313195 1.268911
-0.569788 -0.338284 1.334746
-0.402969 -0.299945 1.255755
-0.338270 -0.377896 1.169865
-0.544968 -0.340251 1.313806
-0.581513 -0.422062 1.337407
-0.548144 -0.274256 1.284443
-0.257454 -0.247656 1.255179
-0.516984 -0.337802 1.279994
-0.439967 -0.285268 1.256351
-0.244638 -0.285866 1.243197
-0.440863 -0.285361 1.258322
-0.240075 -0.281277 1.253380
-0.310402 -0.433623 1.361424
-0.312076 -0.269072 1.200149
-0.478124 -0.318333 1.278509
-0.307704 -0.378964 1.266919
-0.481257 -0.299176 1.265437
-0.312703 -0.263813 1.574035
-0.247921 -0.381150 1.280941
-0.410930 -0.273513 1.400248
-0.591546 -0.262995 1.655956
-0.344728 -0.260695 1.552821
-0.238889 -0.415353 1.215627
-0.495281 -0.302276 1.266104
-0.561285 -0.301698 1.269974
-0.566492 -0.335239 1.330822
-0.280156 -0.391397 1.193535
-0.478101 -0.279016 1.506887
-0.513579 -0.294480 1.260112
-0.337485 -0.294855 1.193085
-0.535331 -0.339221 1.315268
-0.373337 -0.307381 1.188691
-0.450375 -0.306956 1.273389
-0.246398 -0.379682 1.268095
-0.306792 -0.327819 1.229988
-0.315937 -0.282102 1.188760
-0.518850 -0.280870 1.263805
-0.518288 -0.356922 1.276037
-0.425698 -0.283940 1.441489
-0.459426 -0.198434 1.023511
-0.308005 -0.380184 1.274288
-0.334978 -0.329030 1.189341
-0.510919 -0.335439 1.275816
-0.522766 -0.294376 1.261033
-0.302447 -0.286193 1.200388
-0.247931 -0.431518 1.249987
-0.546039 -0.334908 1.303851
-0.576716 -0.387317 1.298222
-0.492568 -0.312626 1.271973
-0.530054 -0.310415 1.278611
-0.590953 -0.454756 1.358355
-0.358463 -0.343277 1.174551
-0.466058 -0.287802 1.258935
-0.547263 -0.340775 1.325828
-0.446559 -0.316948 1.276812
-0.528542 -0.310428 1.275890
-0.514924 -0.340168 1.267652
-0.599611 -0.451777 1.353486
-0.426687 -0.308009 1.257301
-0.662249 -0.485524 1.498930
-0.276135 -0.435884 1.260742
-0.322832 -0.444428 1.274045
-0.541446 -0.254137 1.560967
-0.286820 -0.401874 1.189844
-0.319055 -0.437505 1.254386
-0.311817 -0.400970 1.256471
-0.246694 -0.379376 1.270701
-0.342355 -0.278431 1.215457
-0.539190 -0.363617 1.200517
-0.549755 -0.310272 1.279607
-0.248474 -0.432882 1.254134
-0.339288 -0.297294 1.202000
-0.361369 -0.297401 1.196183
-0.441906 -0.285850 1.261177
-0.303992 -0.268466 1.207236
-0.563510 -0.277862 1.342966
-0.525342 -0.282736 1.277550
-0.521665 -0.276662 1.311631
-0.528703 -0.400046 1.372132
-0.483205 -0.372978 1.288802
-0.442694 -0.340516 1.295490
-0.392837 -0.323911 1.213192
-0.466169 -0.301872 1.265060
-0.550428 -0.312869 1.261653
-0.317808 -0.344510 1.173290
-0.588307 -0.438369 1.311470
-0.346477 -0.364976 1.152497
-0.505466 -0.377511 1.311201
-0.630464 -0.479641 1.494157
-0.509321 -0.270802 1.602400
-0.304456 -0.282019 1.523959
-0.343345 -0.293672 1.200798
-0.363053 -0.299969 1.181062
-0.240650 -0.304485 1.247690
-0.570638 -0.305873 1.289367
-0.485607 -0.236783 1.116672
-0.313378 -0.281700 1.184617
-0.244249 -0.226344 1.251140
-0.236422 -0.408277 1.207627
-0.512496 -0.386315 1.334304
-0.275891 -0.418308 1.367883
-0.511668 -0.374917 1.297988
-0.322445 -0.335156 1.171650
-0.453678 -0.301933 1.264867
-0.440215 -0.300513 1.263467
-0.324693 -0.363859 1.168399
-0.497126 -0.302670 1.269371
-0.471494 -0.300815 1.273074
-0.461542 -0.302877 1.266795
-0.571090 -0.268657 1.240837
-0.319825 -0.388696 1.168500
-0.315403 -0.330454 1.170582
-0.281049 -0.393865 1.202073
-0.550954 -0.399637 1.149513
-0.357238 -0.296100 1.154814
-0.465649 -0.321034 1.285620
-0.605296 -0.447822 1.339612
-0.336783 -0.248557 3.674718
-0.503568 -0.382214 1.317878
-0.324149 -0.397541 1.189359
-0.489784 -0.326069 1.046707
-0.334446 -0.326519 1.187264
-0.488517 -0.310193 1.269816
-0.309572 -0.438101 1.378882
-0.477728 -0.243350 1.129219
-0.224673 -0.379625 1.232385
-0.236363 -0.408586 1.207570
-0.241015 -0.304726 1.248386
-0.260802 -0.391662 1.228987
-0.374117 -0.372854 1.171149
-0.450751 -0.365891 1.283113
-0.480412 -0.360297 1.278155
-0.354062 -0.350580 1.169707
-0.340550 -0.369478 1.153305
-0.348138 -0.361755 1.150541
-0.337381 -0.372580 1.159463
-0.357356 -0.332423 1.172688
-0.334873 -0.328411 1.187877
-0.488222 -0.313439 1.271913
-0.401511 -0.351140 1.189860
-0.356207 -0.345011 1.175400
-0.342171 -0.341061 1.172433
-0.330064 -0.374058 1.174296
-0.335905 -0.336721 1.184262
-0.347136 -0.333315 1.105497
-0.383000 -0.357726 1.181740
-0.345037 -0.376619 1.149974
-0.338337 -0.357148 1.176767
-0.492145 -0.332935 1.280337
-0.461218 -0.382246 1.290203
-0.340260 -0.356136 1.156584
-0.401953 -0.346060 1.194275
-0.602359 -0.492476 1.520734
-0.485114 -0.436519 1.356567
-0.518154 -0.324832 1.288673
-0.481404 -0.333424 1.262745
-0.458261 -0.348726 1.287058
-0.327101 -0.367972 1.173541
-0.516339 -0.327650 1.296817
-0.320298 -0.336513 1.174529
-0.543622 -0.331766 1.309129
-0.412196 -0.304007 1.267296
-0.408622 -0.307614 1.259709
-0.454966 -0.318862 1.283460
-0.630431 -0.479415 1.494564
-0.471527 -0.330692 1.271664
-0.321950 -0.347047 1.167638
-0.306590 -0.378805 1.261934
-0.349141 -0.352554 1.172952
-0.523531 -0.358432 1.285354
-0.369398 -0.306335 1.173275
-0.507537 -0.339232 1.254238
-0.307757 -0.383547 1.281610
-0.522631 -0.315884 1.278950
-0.505259 -0.330034 1.296724
-0.333220 -0.385757 1.166845
-0.471443 -0.330442 1.272665
-0.425890 -0.326297 1.286864
-0.375692 -0.353379 1.176191
-0.369466 -0.345963 1.173197
-0.548493 -0.310907 1.284499
-0.339317 -0.358045 1.160573
-0.379415 -0.339817 1.180673
-0.537228 -0.340150 1.318938
-0.334862 -0.328644 1.187529
-0.352604 -0.365531 1.162509
-0.342761 -0.362669 1.150505
-0.337255 -0.360722 1.151526
-0.550649 -0.338745 1.319965
-0.344543 -0.367135 1.149840
-0.318659 -0.397131 1.192586
-0.649950 -0.480817 1.497303
-0.442733 -0.340768 1.296254
-0.324772 -0.383688 1.167021
-0.454785 -0.362190 1.285979
-0.482729 -0.304866 1.268248
-0.381357 -0.353022 1.179524
-0.394669 -0.349419 1.192081
-0.440185 -0.312093 1.267275
-0.656758 -0.449050 1.521665
-0.660035 -0.421167 1.505875
-0.227350 -0.381147 1.257511
-0.223935 -0.396488 1.253391
-0.536453 -0.359828 1.195006
-0.281261 -0.237626 1.375004
-0.340415 -0.366334 1.154085
-0.303964 -0.402851 1.258221
-0.352660 -0.365466 1.162387
-0.485170 -0.362983 1.274443
-0.359193 -0.374776 1.216273
-0.678201 -0.466621 1.601581
-0.609501 -0.464930 1.540901
-0.285532 -0.399350 1.187786
-0.347814 -0.283893 1.202468
-0.509148 -0.304051 1.259582
-0.441215 -0.304141 1.268155
-0.514800 -0.355901 1.269434
-0.434563 -0.262098 1.634594
-0.321253 -0.328351 1.176121
-0.537036 -0.339773 1.318444
-0.232702 -0.347644 1.246755
-0.321023 -0.328300 1.175708
-0.316411 -0.330639 1.175353
-0.322563 -0.387837 1.167788
-0.456312 -0.309750 1.272354
-0.322674 -0.387933 1.168191
-0.315288 -0.240345 1.534703
-0.531827 -0.313026 1.276280
-0.317214 -0.240840 1.547516
-0.544688 -0.359503 1.207859
-0.539867 -0.333926 1.304286
-0.373552 -0.308115 1.183667
-0.340853 -0.336086 1.178781
-0.358346 -0.340493 1.173326
-0.363992 -0.357491 1.171757
-0.382118 -0.357103 1.178652
-0.395913 -0.343204 1.189481
-0.381645 -0.356851 1.176916
-0.331122 -0.389693 1.171182
-0.649500 -0.495615 1.492691
-0.470043 -0.377792 1.284173
-0.364855 -0.298773 1.216864
-0.623812 -0.331951 1.390861
-0.516820 -0.356587 1.273531
-0.288697 -0.397866 1.197864
-0.321366 -0.439928 1.269692
-0.304206 -0.361414 1.257944
-0.246561 -0.300906 1.243049
-0.572807 -0.423312 1.248621
-0.308381 -0.353358 1.186213
-0.238894 -0.345834 1.247826
-0.320657 -0.363878 1.171189
-0.450291 -0.308369 1.266026
-0.332152 -0.284280 1.577259
-0.321948 -0.260070 1.528931
-0.407692 -0.403943 1.186607
-0.263355 -0.397795 1.210666
-0.422105 -0.382731 1.236303
-0.401480 -0.325514 1.259890
-0.432502 -0.356101 1.291032
-0.318357 -0.337389 1.165403
-0.433903 -0.357034 1.296202
-0.652916 -0.430877 1.489576
-0.437826 -0.333361 1.298330
-0.281983 -0.396697 1.181597
-0.261672 -0.419588 1.219883
-0.554395 -0.333194 1.311207
-0.298357 -0.443479 1.511410
-0.362128 -0.298962 1.178594
-0.525674 -0.384062 1.172595
-0.298154 -0.442708 1.509065
-0.523864 -0.308427 1.268193
-0.339301 -0.283839 1.578111
-0.515998 -0.394512 1.350428
-0.520591 -0.315039 1.274800
-0.532662 -0.230719 1.495354
-0.315914 -0.419952 1.259209
-0.218239 -0.400692 1.223231
-0.312081 -0.264764 1.195887
-0.448531 -0.362013 1.282352
-0.347799 -0.336933 1.173113
-0.404807 -0.349221 1.199351
-0.442438 -0.370452 1.281912
-0.342324 -0.371364 1.150735
-0.314142 -0.313943 1.180264
-0.316024 -0.296208 1.182903
-0.449421 -0.232896 1.466375
-0.403396 -0.274224 1.259593
-0.323236 -0.325957 1.174685
-0.528398 -0.272511 1.530788
-0.437222 -0.344200 1.314215
-0.435994 -0.325444 1.286665
-0.550781 -0.335803 1.312260
-0.500743 -0.311311 1.267801
-0.580555 -0.414024 1.313412
-0.461152 -0.305799 1.273614
-0.447305 -0.358246 1.351687
-0.338416 -0.356869 1.154806
-0.320670 -0.383842 1.165312
-0.509246 -0.384479 1.317769
-0.449912 -0.308101 1.269366
-0.378990 -0.339737 1.179052
-0.485181 -0.376727 1.297366
-0.598462 -0.451977 1.356459
-0.321471 -0.366569 1.165463
-0.442354 -0.340604 1.296193
-0.435209 -0.343684 1.308766
-0.397622 -0.337014 1.192042
-0.363056 -0.338709 1.179409
-0.463273 -0.350458 1.291482
-0.418956 -0.307373 1.269365
-0.500603 -0.314972 1.275132
-0.495463 -0.316924 1.279034
-0.511916 -0.316852 1.277746
-0.336704 -0.412626 1.238830
-0.311507 -0.283021 1.182251
-0.232530 -0.346168 1.240314
-0.433396 -0.261676 1.628287
-0.303269 -0.363833 1.250886
-0.543744 -0.358753 1.206748
-0.523973 -0.294811 1.262559
-0.328169 -0.386455 1.161765
-0.427937 -0.284952 1.450470
-0.559932 -0.333816 1.316925
-0.342115 -0.366196 1.164872
-0.358710 -0.370564 1.164554
-0.406909 -0.379675 1.215786
-0.412890 -0.394471 1.207800
-0.339522 -0.381094 1.154883
-0.386632 -0.349141 1.183180
-0.643922 -0.445774 1.527931
-0.762502 -0.418233 3.324248
-0.629110 -0.473791 1.443261
-0.542743 -0.393465 1.203265
-0.415075 -0.310377 1.279053
-0.326423 -0.328172 1.174510
-0.519563 -0.394182 1.351718
-0.486915 -0.365969 1.277234
-0.463049 -0.383530 1.293266
-0.354051 -0.291403 1.188794
-0.323803 -0.394409 1.181127
-0.321859 -0.391484 1.172615
-0.455595 -0.302488 1.269651
-0.465226 -0.319709 1.280918
-0.588003 -0.502574 1.552923
-0.442685 -0.370423 1.283525
-0.331586 -0.380131 1.170949
-0.357233 -0.332669 1.172202
-0.346005 -0.380821 1.148169
-0.462588 -0.342762 1.273048
-0.368520 -0.344038 1.171582
-0.341688 -0.335439 1.174311
-0.369434 -0.339549 1.172641
-0.337753 -0.340348 1.171548
-0.380706 -0.329190 1.173509
-0.404021 -0.347540 1.199317
-0.518565 -0.335076 1.290362
-0.342265 -0.331852 1.071882
-0.539815 -0.295510 1.294379
-0.336700 -0.295487 1.187889
-0.333978 -0.294053 1.174855
-0.304084 -0.359869 1.253966
-0.465142 -0.364799 1.279699
-0.304303 -0.359483 1.253200
-0.354200 -0.385550 1.152162
-0.344731 -0.361021 1.154216
-0.337827 -0.371833 1.153445
-0.422864 -0.351109 1.271422
-0.339736 -0.373825 1.160268
-0.261081 -0.392907 1.233310
-0.630999 -0.491443 1.486103
-0.494537 -0.360968 1.270130
-0.449916 -0.361856 1.283529
-0.375534 -0.359002 1.176318
-0.357514 -0.332461 1.173470
-0.341416 -0.324858 1.180599
-0.339334 -0.353448 1.160146
-0.374281 -0.318291 1.170301
-0.321648 -0.366544 1.165594
-0.521825 -0.357823 1.282640
-0.572013 -0.338723 1.338719
-0.342653 -0.382210 1.148172
-0.328931 -0.386809 1.169093
-0.331375 -0.384412 1.167275
-0.426562 -0.336573 1.304582
-0.394284 -0.349229 1.190600
-0.385287 -0.349647 1.177443
-0.339526 -0.332131 1.178273
-0.369311 -0.339626 1.171689
-0.508788 -0.384648 1.316065
-0.453420 -0.364194 1.284205
-0.376686 -0.377826 1.179180
-0.424312 -0.403988 1.247293
-0.452423 -0.362448 1.286657
-0.404041 -0.344606 1.201009
-0.319838 -0.336125 1.172274
-0.458102 -0.347996 1.287659
-0.375881 -0.359158 1.177276
-0.539833 -0.340390 1.324039
-0.547297 -0.317222 1.288635
-0.546197 -0.312737 1.285499
-0.435976 -0.346014 1.307849
-0.500548 -0.310940 1.273959
-0.394957 -0.342978 1.171320
-0.430785 -0.327590 1.291061
-0.513605 -0.370578 1.293075
-0.319537 -0.356808 1.165658
-0.461649 -0.350153 1.290599
-0.488864 -0.314248 1.271331
-0.346415 -0.364408 1.151473
-0.338838 -0.379257 1.168412
-0.339505 -0.353601 1.161116
-0.337756 -0.361013 1.157469
-0.362414 -0.338514 1.175462
-0.510509 -0.316527 1.274591
-0.525062 -0.271871 1.520401
-0.531122 -0.315378 1.281159
-0.320233 -0.401790 1.184509
-0.502342 -0.306839 1.268417
-0.431613 -0.302039 1.279479
-0.305900 -0.327409 1.225076
-0.488704 -0.315181 1.273963
-0.306261 -0.327569 1.228087
-0.342919 -0.284518 1.194536
-0.358246 -0.340391 1.173095
-0.458784 -0.340490 1.267509
-0.338833 -0.384525 1.172357
-0.463875 -0.364573 1.277301
-0.422836 -0.387132 1.240089
-0.340697 -0.374360 1.198048
-0.350581 -0.334065 1.176412
-0.362510 -0.332624 1.168816
-0.381549 -0.355510 1.179619
-0.628666 -0.438814 1.493180
-0.360103 -0.341284 1.176054
-0.343453 -0.372590 1.161111
-0.463228 -0.364355 1.275693
-0.500603 -0.378087 1.308100
-0.338666 -0.386146 1.176724
-0.320044 -0.347925 1.188082
-0.489899 -0.366837 1.282000
-0.472414 -0.320922 1.283400
-0.301709 -0.286412 1.197281
-0.314493 -0.284944 1.179252
-0.522377 -0.332257 1.302109
-0.518337 -0.326946 1.295674
-0.536946 -0.333817 1.308231
-0.326041 -0.353228 1.168887
-0.415976 -0.320697 1.282947
-0.440410 -0.366833 1.282901
-0.318000 -0.311275 1.178241
-0.587922 -0.425371 1.349123
-0.478223 -0.304522 1.258482
-0.415360 -0.320447 1.281178
-0.652417 -0.484937 1.509298
-0.529714 -0.325322 1.294184
-0.540494 -0.316699 1.290162
-0.301723 -0.291944 1.204961
-0.307887 -0.344753 1.212475
-0.344545 -0.367391 1.151195
-0.444614 -0.360425 1.271060
-0.354203 -0.375346 1.157509
-0.408247 -0.354090 1.208088
-0.339017 -0.385472 1.178873
-0.358738 -0.370716 1.164982
-0.384823 -0.371412 1.191634
-0.354029 -0.374900 1.156168
-0.393320 -0.357406 1.195692
-0.481871 -0.388317 1.321796
-0.479933 -0.387230 1.318569
-0.383696 -0.370372 1.187509
-0.353128 -0.388746 1.166044
-0.375909 -0.353493 1.176931
-0.392524 -0.373399 1.194629
-0.420343 -0.400508 1.236560
-0.361730 -0.338290 1.171130
-0.347056 -0.337063 1.168708
-0.499957 -0.337228 1.300958
-0.337045 -0.351755 1.132739
-0.337578 -0.354205 1.176268
-0.505362 -0.364041 1.276733
-0.387822 -0.342709 1.184037
-0.629512 -0.439150 1.499393
-0.377744 -0.334362 1.179286
-0.562310 -0.295988 1.269922
-0.354755 -0.285892 1.225868
-0.358411 -0.291555 1.225928
-0.504439 -0.309046 1.269378
-0.574085 -0.432029 1.293207
-0.319852 -0.357103 1.167428
-0.354233 -0.325386 1.174883
-0.269509 -0.393570 1.204121
-0.281765 -0.393252 1.172108
-0.312735 -0.281292 1.181558
-0.551253 -0.335716 1.313361
-0.322555 -0.340500 1.173610
-0.322491 -0.357724 1.167385
-0.501442 -0.330114 1.303005
-0.365847 -0.345005 1.173434
-0.482911 -0.388773 1.318775
-0.364075 -0.357653 1.172208
-0.493351 -0.335119 1.261633
-0.369797 -0.341741 1.173303
-0.342679 -0.379849 1.149626
-0.377678 -0.355581 1.171371
-0.342160 -0.341067 1.172310
-0.449085 -0.363250 1.279595
-0.467284 -0.365426 1.279868
-0.404115 -0.353801 1.196826
-0.372345 -0.346574 1.173169
-0.341580 -0.353595 1.157370
-0.341659 -0.363757 1.185230
-0.677132 -0.471573 1.562319
-0.411835 -0.361934 1.216956
-0.404060 -0.356671 1.205434
-0.641120 -0.492762 1.606042
-0.453837 -0.366855 1.279816
-0.416194 -0.369212 1.226199
-0.650944 -0.507441 1.672066
-0.625685 -0.486455 1.465968
-0.329843 -0.386400 1.164080
-0.379043 -0.379186 1.181140
-0.438406 -0.366273 1.278062
-0.339474 -0.350640 1.163262
-0.339092 -0.347110 1.162861
-0.349988 -0.327964 1.178938
-0.337014 -0.369922 1.150194
-0.474555 -0.394750 1.297253
-0.493828 -0.328661 1.290155
-0.455197 -0.367278 1.281923
-0.381564 -0.324252 1.183459
-0.326682 -0.390786 1.167851
-0.319645 -0.346157 1.177373
-0.338090 -0.362866 1.149944
-0.326231 -0.353612 1.171078
-0.470211 -0.365734 1.278412
-0.342946 -0.366359 1.150536
-0.504861 -0.329733 1.295850
-0.517951 -0.362313 1.295117
-0.383143 -0.370796 1.185351
-0.652050 -0.481748 1.501092
-0.339158 -0.332560 1.176530
-0.339587 -0.350659 1.163484
-0.338316 -0.357591 1.157805
-0.486560 -0.337131 1.278976
-0.332853 -0.389345 1.174581
-0.339125 -0.357380 1.158971
-0.348786 -0.374799 1.154717
-0.421478 -0.401699 1.239617
-0.424065 -0.390361 1.243457
-0.493449 -0.316572 1.274841
-0.520901 -0.306928 1.278127
-0.497462 -0.337601 1.303223
-0.551776 -0.333565 1.317358
-0.496102 -0.305781 1.269518
-0.456159 -0.309619 1.270524
-0.556110 -0.303068 1.280262
-0.322035 -0.367581 1.164891
-0.420318 -0.357074 1.245949
-0.362520 -0.338692 1.175946
-0.653165 -0.442212 1.487709
-0.323104 -0.379797 1.168543
-0.442398 -0.339220 1.291601
-0.529164 -0.324857 1.292660
-0.338304 -0.339455 1.169868
-0.339524 -0.332151 1.178386
-0.337647 -0.340086 1.169191
-0.337595 -0.354176 1.176633
-0.339019 -0.387160 1.179513
-0.498910 -0.401448 1.344768
-0.548599 -0.339453 1.313897
-0.301371 -0.281969 1.505987
-0.551668 -0.302656 1.283175
-0.286746 -0.403057 1.194599
-0.304063 -0.395610 1.234540
-0.541519 -0.337740 1.308404
-0.338332 -0.370087 1.156690
-0.539906 -0.333678 1.304265
-0.540167 -0.316476 1.289077
-0.413871 -0.304684 1.262677
-0.545390 -0.340388 1.314437
-0.364101 -0.301466 1.175040
-0.310183 -0.337745 1.183571
-0.305309 -0.345760 1.193558
-0.394663 -0.297898 1.317005
-0.326767 -0.379004 1.166283
-0.345345 -0.367151 1.153592
-0.510372 -0.334864 1.277008
-0.372461 -0.356938 1.174568
-0.428408 -0.320180 1.254534
-0.510322 -0.364328 1.282164
-0.382621 -0.345518 1.181166
-0.329498 -0.387801 1.172638
-0.325822 -0.328395 1.182612
-0.331622 -0.380416 1.172077
-0.334983 -0.328350 1.188303
-0.339140 -0.366018 1.163227
-0.328200 -0.379375 1.175415
-0.525691 -0.329467 1.294263
-0.334753 -0.384926 1.173534
-0.323250 -0.387289 1.169272
-0.601654 -0.445436 1.504865
-0.477618 -0.317802 1.274727
-0.423299 -0.314533 1.273757
-0.439890 -0.320716 1.280650
-0.348407 -0.373846 1.151630
-0.422612 -0.402700 1.242680
-0.621249 -0.468370 1.564746
-0.630077 -0.439048 1.500360
-0.474642 -0.364465 1.276060
-0.553505 -0.424606 1.419765
-0.374861 -0.358607 1.174260
-0.464242 -0.392361 1.276841
-0.470808 -0.387071 1.309852
-0.481286 -0.389639 1.313207
-0.456860 -0.348513 1.283163
-0.619617 -0.456885 1.554957
-0.343402 -0.349880 1.165483
-0.453969 -0.339267 1.269524
-0.503194 -0.306131 1.270305
-0.639616 -0.483908 1.447456
-0.422847 -0.308407 1.263299
-0.526115 -0.316717 1.286696
-0.490793 -0.326139 1.302540
-0.420374 -0.316599 1.271542
-0.454176 -0.308971 1.265146
-0.486539 -0.307535 1.270580
-0.369450 -0.304458 1.186491
-0.337739 -0.360923 1.156739
-0.500737 -0.361431 1.265645
-0.427870 -0.383750 1.249715
-0.436501 -0.342095 1.316420
-0.540049 -0.334101 1.312445
-0.503919 -0.303719 1.268840
-0.372651 -0.305065 1.199017
-0.338479 -0.378233 1.170923
-0.477698 -0.313086 1.269717
-0.546115 -0.338926 1.310246
-0.340222 -0.369812 1.149976
-0.317301 -0.335541 1.178951
-0.317189 -0.335199 1.176731
-0.410360 -0.336453 1.244669
-0.460615 -0.304684 1.260974
-0.449562 -0.308263 1.263922
-0.518628 -0.305176 1.275735
-0.544621 -0.331830 1.309442
-0.339146 -0.380886 1.173104
-0.493979 -0.330014 1.290739
-0.309785 -0.337497 1.181538
-0.336859 -0.374583 1.155320
-0.524757 -0.336777 1.305770
-0.332460 -0.325217 1.176971
-0.339495 -0.381663 1.175745
-0.314079 -0.335357 1.181326
-0.304247 -0.366750 1.263222
-0.416280 -0.299234 1.260185
-0.433940 -0.304530 1.249474
-0.523059 -0.338262 1.292881
-0.459236 -0.348581 1.289852
-0.418040 -0.299567 1.266238
-0.651294 -0.495862 1.486102
-0.378429 -0.380844 1.181954
-0.369217 -0.337634 1.173420
-0.326813 -0.379210 1.166624
-0.465897 -0.364788 1.277198
-0.419691 -0.368850 1.238111
-0.347231 -0.337195 1.172037
-0.507271 -0.326557 1.299810
-0.514191 -0.324527 1.289189
-0.579296 -0.385974 1.407370
-0.511543 -0.328170 1.297542
-0.352273 -0.364888 1.160613
-0.445765 -0.342272 1.288669
-0.525329 -0.321523 1.288195
-0.328127 -0.377797 1.170708
-0.482728 -0.388644 1.318734
-0.422754 -0.351653 1.246988
-0.513157 -0.392250 1.340135
-0.341906 -0.381477 1.151037
-0.371974 -0.374853 1.168589
-0.336932 -0.353268 1.137802
-0.332871 -0.388123 1.171153
-0.380624 -0.329166 1.173283
-0.315617 -0.339410 1.182830
-0.339197 -0.374464 1.162527
-0.349227 -0.352787 1.174222
-0.376144 -0.378818 1.175552
-0.442911 -0.358994 1.289512
-0.438136 -0.358271 1.304411
-0.345920 -0.363452 1.148634
-0.473417 -0.363734 1.273778
-0.652706 -0.451482 1.485137
-0.394271 -0.367599 1.203816
-0.392868 -0.366509 1.199436
-0.413612 -0.364815 1.220164
-0.382618 -0.345632 1.181205
-0.306976 -0.347866 1.216896
-0.324341 -0.327413 1.179993
-0.337761 -0.366908 1.164150
-0.361878 -0.334995 1.172201
-0.357133 -0.368225 1.155226
-0.323658 -0.326518 1.174086
-0.351316 -0.334437 1.182180
-0.487799 -0.334888 1.276075
-0.339372 -0.350101 1.160360
-0.617221 -0.435788 1.480341
-0.480186 -0.373832 1.285729
-0.391659 -0.352831 1.188680
-0.422761 -0.383175 1.239525
-0.338298 -0.363751 1.153380
-0.338402 -0.339596 1.171901
-0.339132 -0.347152 1.163177
-0.338661 -0.330385 1.181349
-0.341403 -0.335219 1.170575
-0.339964 -0.369298 1.147555
-0.336700 -0.345787 1.181046
-0.336515 -0.347674 1.174033
-0.416005 -0.370412 1.225357
-0.498445 -0.407517 1.350347
-0.624223 -0.485337 1.452358
-0.457358 -0.364173 1.282057
-0.342498 -0.361957 1.148015
-0.448998 -0.363084 1.279143
-0.413564 -0.365656 1.220051
-0.369649 -0.337711 1.175662
-0.502221 -0.395018 1.348570
-0.334594 -0.391151 1.181472
-0.340000 -0.330845 1.176458
-0.329969 -0.373895 1.173591
-0.540631 -0.331876 1.304781
-0.432347 -0.366784 1.274351
-0.459814 -0.332599 1.226338
-0.515762 -0.335087 1.284500
-0.523606 -0.343370 1.280555
-0.510439 -0.333993 1.280319
-0.354159 -0.325517 1.174481
-0.519251 -0.342630 1.273172
-0.339284 -0.332396 1.176800
-0.323416 -0.366309 1.166304
-0.445443 -0.364727 1.283953
-0.330678 -0.385343 1.166745
-0.429433 -0.323500 1.267572
-0.338161 -0.339638 1.168410
-0.340223 -0.356618 1.170939
-0.464491 -0.321285 1.278082
-0.420574 -0.384136 1.234552
-0.364324 -0.333644 1.174433
-0.421556 -0.373919 1.240320
-0.423000 -0.383377 1.239846
-0.628881 -0.438700 1.498171
-0.335813 -0.331357 1.180187
-0.357469 -0.326982 1.195900
-0.330914 -0.388003 1.166463
-0.535431 -0.381146 1.338358
-0.366083 -0.345083 1.174580
-0.322686 -0.388264 1.169568
-0.358234 -0.343351 1.174472
-0.495307 -0.373474 1.296407
-0.479576 -0.373493 1.284374
-0.380774 -0.352559 1.177197
-0.445530 -0.359597 1.292553
-0.346691 -0.366802 1.165195
-0.344945 -0.362297 1.156327
-0.367289 -0.331140 1.172608
-0.429186 -0.364544 1.262026
-0.367036 -0.330940 1.171700
-0.343371 -0.349783 1.163873
-0.421758 -0.385636 1.237205
-0.368043 -0.354814 1.170265
-0.340192 -0.375596 1.158390
-0.453473 -0.361919 1.285083
-0.592367 -0.518849 1.561144
-0.339320 -0.347279 1.165642
-0.332977 -0.388810 1.173152
-0.329862 -0.377726 1.172678
-0.487574 -0.335117 1.276786
-0.340399 -0.368826 1.150935
-0.654080 -0.431521 1.491567
-0.334937 -0.329423 1.197949
-0.513961 -0.386451 1.324340
-0.485303 -0.389962 1.325372
-0.660707 -0.506329 1.669165
-0.630035 -0.507502 1.602746
-0.466599 -0.427678 1.317664
-0.428559 -0.383943 1.251564
-0.416853 -0.374940 1.227433
-0.427832 -0.383301 1.249292
-0.370431 -0.482548 1.503351
-0.403139 -0.345450 1.197610
-0.662992 -0.504311 1.672524
-0.339055 -0.365959 1.150777
-0.495392 -0.400586 1.338733
-0.357287 -0.332577 1.172150
-0.336808 -0.346887 1.166121
-0.338136 -0.339444 1.168367
-0.341254 -0.368665 1.149074
-0.343496 -0.375516 1.153065
-0.353410 -0.339388 1.174428
-0.423339 -0.403076 1.244733
-0.468044 -0.424880 1.317120
-0.362543 -0.335302 1.175449
-0.418266 -0.372412 1.231854
-0.352581 -0.365652 1.161139
-0.506841 -0.331622 1.289788
-0.420220 -0.389781 1.233262
-0.423582 -0.403094 1.245203
-0.386716 -0.373144 1.193153
-0.338437 -0.357217 1.156321
-0.338390 -0.357606 1.149801
-0.339007 -0.357753 1.159645
-0.347135 -0.337036 1.168182
-0.336656 -0.338827 1.171581
-0.338501 -0.337904 1.170034
-0.338370 -0.337641 1.166516
-0.337283 -0.343338 1.171233
